ids,upload_date,sentiment,view_count,uploader,duration,comment_count,f_id,name,party,constituency,tdp,ycp,ysrcp,schemes,cm jagan,chandrababu,pawan kalyan,nara lokesh,AP ,yuvagalam,amaravati,ambati rambabu,Kuppam,janasena party,ap employees,ap assembly session today,alliance,polavaram,visakha,byreddy siddharth reddy
f2UuqUETjJ0,2019-12-21,0.998049259185791,549.0,Sakshi,63.0,0.0,satyavedu.png,adimulam koneti,YSRCP,Satyavedu_sc,0,1,1,1,1,0,0,0,0,1,0,0,0,0,0,0,0,0,0,0
lxhbfZqculo,2019-12-21,0.997121036052704,1381.0,Sakshi,207.0,1.0,satyavedu.png,adimulam koneti,YSRCP,Satyavedu_sc,0,1,1,0,1,0,0,0,0,0,1,1,0,0,0,0,1,0,0,0
jIVaGBuShDQ,2019-12-22,0.9986296892166138,12670.0,Sakshi,250.0,18.0,satyavedu.png,adimulam koneti,YSRCP,Satyavedu_sc,0,0,0,0,1,0,0,0,1,0,1,0,0,0,1,0,0,0,0,0
d8_rpSMGNdo,2019-12-24,0.9970970153808594,6742.0,Sakshi,139.0,4.0,satyavedu.png,adimulam koneti,YSRCP,Satyavedu_sc,0,1,1,1,1,0,0,0,0,0,0,0,0,0,0,0,0,0,0,0
RcNF8oNPrcc,2020-03-04,-0.991260588169098,1160339.0,Sakshi,362.0,326.0,satyavedu.png,adimulam koneti,YSRCP,Satyavedu_sc,0,0,0,0,0,0,0,0,0,0,0,0,0,0,0,0,0,0,0,0
MSaq-i7FGiE,2020-03-04,-0.9979935884475708,900.0,Sakshi,365.0,1.0,satyavedu.png,adimulam koneti,YSRCP,Satyavedu_sc,0,0,0,0,0,0,0,0,0,0,0,0,0,0,0,0,0,0,0,0
Aemq_FzChcM,2020-03-06,0.9979934692382812,532789.0,Sakshi,231.0,74.0,satyavedu.png,adimulam koneti,YSRCP,Satyavedu_sc,0,1,1,1,1,0,0,0,0,1,0,0,0,0,0,0,1,0,0,0
AfGgTeD2bLQ,2020-03-07,-0.9929285645484924,652.0,Sakshi,164.0,0.0,satyavedu.png,adimulam koneti,YSRCP,Satyavedu_sc,0,0,0,0,1,0,0,0,0,0,0,0,0,0,0,0,0,0,0,0
_VDubhdhsRo,2020-03-09,-0.9866898059844972,1279.0,Sakshi,184.0,1.0,satyavedu.png,adimulam koneti,YSRCP,Satyavedu_sc,1,1,1,0,1,1,0,0,1,0,0,0,0,0,0,0,0,0,0,0
sfrdkZQL2W8,2020-03-13,-0.997025430202484,10840.0,Sakshi,308.0,2.0,satyavedu.png,adimulam koneti,YSRCP,Satyavedu_sc,1,1,1,0,0,0,0,0,0,0,0,0,0,1,0,0,0,0,0,0
0CP7KlSrMS8,2020-03-14,0.9977532029151917,3558.0,Sakshi,135.0,5.0,satyavedu.png,adimulam koneti,YSRCP,Satyavedu_sc,0,1,1,1,0,0,0,0,0,0,0,0,0,0,0,0,1,0,0,0
1Ykhy17QfDo,2021-02-15,0.9796199202537536,2518.0,Sakshi,267.0,2.0,satyavedu.png,adimulam koneti,YSRCP,Satyavedu_sc,1,1,1,1,0,1,0,1,1,1,1,1,1,0,0,0,1,1,1,0
grIW3b4PzEE,2021-02-20,0.9968423843383788,1253.0,Sakshi,225.0,0.0,satyavedu.png,adimulam koneti,YSRCP,Satyavedu_sc,1,1,1,0,0,0,1,1,1,1,0,1,0,0,1,0,0,1,1,0
Ejj5o5XPryo,2021-02-20,0.9966912269592284,591.0,Sakshi,199.0,2.0,satyavedu.png,adimulam koneti,YSRCP,Satyavedu_sc,0,0,0,0,1,0,1,0,0,1,0,0,0,1,0,0,1,0,1,0
PFJt8zQwsJA,2021-02-21,0.998317003250122,1249.0,Sakshi,183.0,0.0,satyavedu.png,adimulam koneti,YSRCP,Satyavedu_sc,1,1,1,1,1,0,1,1,1,1,1,1,1,1,0,0,1,1,1,0
a1fXRSu8sUs,2021-06-22,-0.9816895723342896,5210.0,Sakshi,594.0,30.0,satyavedu.png,adimulam koneti,YSRCP,Satyavedu_sc,0,0,0,0,0,0,0,0,0,0,0,0,0,0,0,0,0,0,0,0
_HetlMTkHyg,2021-09-28,0.9956521391868592,4268.0,Sakshi,539.0,6.0,satyavedu.png,adimulam koneti,YSRCP,Satyavedu_sc,0,0,0,0,0,0,0,0,1,0,0,0,0,0,0,0,0,0,0,0
GRslM7PfhAo,2021-11-10,0.986665427684784,1777.0,Sakshi,515.0,16.0,satyavedu.png,adimulam koneti,YSRCP,Satyavedu_sc,0,0,0,0,0,1,0,0,0,0,0,0,0,0,0,0,0,0,0,0
OC3k4z2DX9k,2021-11-15,0.9971492886543274,3488.0,Sakshi,318.0,1.0,satyavedu.png,adimulam koneti,YSRCP,Satyavedu_sc,0,1,1,0,0,0,0,0,0,1,0,0,0,0,0,0,0,0,0,0
cVtRTXyzsio,2021-11-24,0.9969106316566468,603.0,Sakshi,529.0,1.0,satyavedu.png,adimulam koneti,YSRCP,Satyavedu_sc,0,0,1,0,0,0,0,0,1,0,0,0,0,0,0,0,0,0,0,0
hivtBAofdx4,2021-11-24,-0.9814797043800354,18592.0,Sakshi,209.0,51.0,satyavedu.png,adimulam koneti,YSRCP,Satyavedu_sc,0,0,0,0,0,1,0,0,0,0,0,0,0,0,0,0,0,0,0,0
iIzW-xMVguw,2021-12-18,0.9953547716140748,2602.0,Sakshi,173.0,5.0,satyavedu.png,adimulam koneti,YSRCP,Satyavedu_sc,0,0,1,0,0,0,0,0,0,0,0,0,0,0,0,0,0,0,0,0
os-FeouruiE,2022-02-08,-0.998377561569214,8156.0,Sakshi,291.0,36.0,satyavedu.png,adimulam koneti,YSRCP,Satyavedu_sc,0,0,0,0,0,1,0,0,0,0,0,0,0,0,0,0,0,0,0,0
R6XYG6b9KKY,2022-03-09,0.9979215264320374,1340.0,Sakshi,428.0,2.0,satyavedu.png,adimulam koneti,YSRCP,Satyavedu_sc,0,0,0,0,0,0,0,0,1,0,0,0,0,0,0,0,0,0,0,0
ieXtkwBnXw4,2022-03-10,0.9976741671562196,5382.0,Sakshi,308.0,4.0,satyavedu.png,adimulam koneti,YSRCP,Satyavedu_sc,0,0,0,0,1,0,0,0,1,0,0,0,0,0,0,0,0,0,0,0
Ci6sOO35cxo,2022-03-10,0.9988120794296264,2196.0,Sakshi,490.0,3.0,satyavedu.png,adimulam koneti,YSRCP,Satyavedu_sc,0,0,1,0,1,0,0,0,0,0,0,0,0,0,0,0,0,0,0,0
3AsyQQxea48,2022-03-13,0.9984537363052368,6198.0,Sakshi,235.0,9.0,satyavedu.png,adimulam koneti,YSRCP,Satyavedu_sc,0,1,1,1,1,0,0,0,0,0,0,0,0,0,0,0,0,0,0,0
9qJrkeNezN8,2022-03-15,0.9937106370925904,2625.0,Sakshi,393.0,5.0,satyavedu.png,adimulam koneti,YSRCP,Satyavedu_sc,0,0,0,0,1,0,0,0,0,0,0,0,0,0,0,0,0,0,0,0
-xH_IUuQ5Yg,2022-03-16,0.9984279870986938,7735.0,Sakshi,182.0,6.0,satyavedu.png,adimulam koneti,YSRCP,Satyavedu_sc,0,0,0,0,0,0,0,0,1,0,0,0,0,0,0,1,0,0,0,0
TKC8z3ZAyrY,2022-03-16,-0.98351788520813,6599.0,Sakshi,110.0,5.0,satyavedu.png,adimulam koneti,YSRCP,Satyavedu_sc,0,0,1,0,0,0,0,0,1,0,0,0,0,0,0,1,0,0,0,0
QShnsvy9JrM,2022-03-18,0.9946101903915404,10029.0,Sakshi,548.0,37.0,satyavedu.png,adimulam koneti,YSRCP,Satyavedu_sc,0,0,0,0,0,0,0,0,1,0,0,0,0,0,0,0,0,0,0,0
nmpafdDglBw,2022-03-21,-0.9946692585945128,1030.0,Sakshi,212.0,0.0,satyavedu.png,adimulam koneti,YSRCP,Satyavedu_sc,0,1,1,0,1,0,0,0,1,0,0,0,0,0,1,1,0,0,0,1
iZxmtNJIezk,2022-03-22,0.9938973784446716,425.0,Sakshi,355.0,2.0,satyavedu.png,adimulam koneti,YSRCP,Satyavedu_sc,1,1,1,1,1,0,0,0,1,1,1,0,0,0,0,1,0,1,0,0
lwGT1hq0A4A,2022-03-22,-0.994674563407898,580.0,Sakshi,200.0,4.0,satyavedu.png,adimulam koneti,YSRCP,Satyavedu_sc,0,0,1,1,1,0,0,0,1,1,1,0,0,0,0,1,0,0,0,0
2Fo7otFjs5A,2022-03-22,0.9957950115203856,1871.0,Sakshi,353.0,9.0,satyavedu.png,adimulam koneti,YSRCP,Satyavedu_sc,0,0,0,0,0,0,0,0,1,0,0,0,0,0,0,0,0,0,0,0
3iJ60kx8I8A,2022-03-22,0.994270920753479,1740.0,Sakshi,380.0,2.0,satyavedu.png,adimulam koneti,YSRCP,Satyavedu_sc,0,0,1,0,0,0,0,0,1,0,0,0,0,0,0,0,0,0,0,0
-w2w2Ntw0Fk,2022-03-23,0.9932841062545776,803.0,Sakshi,458.0,2.0,satyavedu.png,adimulam koneti,YSRCP,Satyavedu_sc,0,0,0,0,0,0,0,0,0,0,0,0,0,0,0,1,0,0,0,0
flqZfvGi4i4,2022-03-25,0.9966811537742616,569.0,Sakshi,361.0,0.0,satyavedu.png,adimulam koneti,YSRCP,Satyavedu_sc,1,0,0,1,1,0,0,0,0,0,0,0,0,0,0,1,0,0,0,1
CJyWJ5t1G4E,2022-03-26,0.9909626841545104,1574.0,Sakshi,189.0,4.0,satyavedu.png,adimulam koneti,YSRCP,Satyavedu_sc,0,0,0,1,0,0,0,0,1,0,0,0,0,0,0,1,0,0,0,0
y6VlHVc9t-M,2022-05-05,-0.9963775277137756,119680.0,Sakshi,316.0,137.0,satyavedu.png,adimulam koneti,YSRCP,Satyavedu_sc,1,0,0,0,1,1,0,0,0,0,0,0,0,0,0,0,0,0,0,0
pv5Q-9rByy4,2022-05-12,0.9970433115959167,14835.0,Sakshi,263.0,47.0,satyavedu.png,adimulam koneti,YSRCP,Satyavedu_sc,0,1,1,1,1,0,0,0,0,0,0,0,0,0,0,0,0,0,0,0
CIvNBXNJKYc,2022-06-06,0.99765282869339,113104.0,Sakshi,119.0,391.0,satyavedu.png,adimulam koneti,YSRCP,Satyavedu_sc,0,0,0,0,1,0,1,0,0,0,0,0,1,1,0,0,1,0,0,0
QwCwEvNpXYA,2022-06-17,0.9973576664924622,3698.0,Sakshi,325.0,2.0,satyavedu.png,adimulam koneti,YSRCP,Satyavedu_sc,0,1,1,0,1,0,0,0,1,0,0,0,0,0,0,0,0,0,0,0
4sDdzdvrD7I,2022-06-19,-0.9924490451812744,139703.0,Sakshi,461.0,429.0,satyavedu.png,adimulam koneti,YSRCP,Satyavedu_sc,0,1,1,0,1,0,0,0,1,1,0,0,0,0,1,0,1,0,0,0
Cudcww-L_A4,2022-06-27,-0.9901081323623656,1701.0,Sakshi,259.0,0.0,satyavedu.png,adimulam koneti,YSRCP,Satyavedu_sc,0,1,1,0,1,0,0,0,0,0,0,0,0,0,0,0,0,0,1,0
Zd5qxSy7kiM,2022-06-29,0.994987964630127,1518.0,Sakshi,360.0,1.0,satyavedu.png,adimulam koneti,YSRCP,Satyavedu_sc,0,1,1,0,0,0,0,0,0,0,0,0,0,0,0,0,0,0,0,0
b_kzjpc0vDU,2022-07-07,0.9988182187080384,15891.0,Sakshi,238.0,36.0,satyavedu.png,adimulam koneti,YSRCP,Satyavedu_sc,0,1,1,1,1,0,0,0,0,0,0,0,0,0,0,0,1,0,1,0
1KIghbWpsQk,2022-07-14,-0.9985164999961852,2638.0,Sakshi,357.0,2.0,satyavedu.png,adimulam koneti,YSRCP,Satyavedu_sc,0,1,1,1,1,0,0,0,1,0,0,0,1,0,1,0,0,0,0,0
7D3jMimxaT0,2022-07-21,-0.9924351572990416,2192.0,Sakshi,525.0,3.0,satyavedu.png,adimulam koneti,YSRCP,Satyavedu_sc,0,0,1,0,1,0,0,0,0,0,0,0,0,0,0,0,0,0,0,0
S5ezpXBzq6o,2022-07-26,0.9987401366233826,39071.0,Sakshi,528.0,58.0,satyavedu.png,adimulam koneti,YSRCP,Satyavedu_sc,0,0,0,0,1,0,0,0,1,0,0,0,0,0,0,0,0,0,0,0
6VdWxU3YL5I,2022-07-28,-0.9744918346405028,8024.0,Sakshi,208.0,12.0,satyavedu.png,adimulam koneti,YSRCP,Satyavedu_sc,0,1,1,0,1,0,0,0,0,0,0,0,0,0,0,0,0,0,0,0
Nx9eBdWTrCQ,2022-08-02,-0.9961733222007751,3441.0,Sakshi,463.0,7.0,satyavedu.png,adimulam koneti,YSRCP,Satyavedu_sc,0,0,1,0,1,1,0,0,0,0,0,0,0,0,0,0,0,0,0,0
VuNWr2E7_2Y,2022-08-03,-0.9693865776062012,151449.0,Sakshi,429.0,140.0,satyavedu.png,adimulam koneti,YSRCP,Satyavedu_sc,0,0,0,0,1,0,0,0,0,0,0,0,0,0,0,0,0,0,0,0
qtkiQQS_56M,2022-08-10,0.997510552406311,86560.0,Sakshi,351.0,222.0,satyavedu.png,adimulam koneti,YSRCP,Satyavedu_sc,0,0,0,0,0,0,0,0,0,0,0,0,0,0,0,0,0,0,0,0
XssQgBm4K3g,2022-08-23,-0.997909128665924,7237.0,Sakshi,230.0,51.0,satyavedu.png,adimulam koneti,YSRCP,Satyavedu_sc,0,0,0,0,1,0,1,0,0,0,0,0,0,0,0,0,0,0,0,0
pMgOgj6OXJA,2022-08-24,-0.9982107877731324,1316.0,TV5,266.0,1.0,satyavedu.png,adimulam koneti,YSRCP,Satyavedu_sc,0,0,0,1,0,0,0,0,0,0,0,0,0,0,0,0,0,0,0,0
zxiy9fi2tHI,2022-09-03,0.9987553358078004,656.0,TV5,226.0,1.0,satyavedu.png,adimulam koneti,YSRCP,Satyavedu_sc,1,0,0,1,0,0,0,0,0,0,1,0,0,0,0,0,0,0,0,0
r_VcHEeZWjM,2022-09-03,0.9972066283226012,691612.0,Sakshi,581.0,0.0,satyavedu.png,adimulam koneti,YSRCP,Satyavedu_sc,0,0,1,0,0,0,1,0,0,0,0,0,0,0,0,0,0,0,0,0
uFso1nAokuQ,2022-09-06,-0.9883434176445008,775.0,TV5,311.0,0.0,satyavedu.png,adimulam koneti,YSRCP,Satyavedu_sc,0,0,0,1,0,0,0,0,0,0,1,1,0,0,0,0,0,1,0,1
oRPYzL6SRHw,2022-09-12,-0.9965322017669678,35973.0,TV5,238.0,76.0,satyavedu.png,adimulam koneti,YSRCP,Satyavedu_sc,1,0,0,0,0,0,0,0,0,0,0,0,0,0,0,0,0,0,0,0
p701VZoiS28,2022-09-15,-0.9985756874084472,2985.0,Sakshi,319.0,4.0,satyavedu.png,adimulam koneti,YSRCP,Satyavedu_sc,0,0,0,1,0,1,0,0,0,0,0,0,0,0,0,1,0,0,1,0
rOfyP8JGaU0,2022-09-15,0.9938084483146667,1404.0,Sakshi,531.0,6.0,satyavedu.png,adimulam koneti,YSRCP,Satyavedu_sc,0,0,0,0,0,1,0,1,0,0,1,0,0,0,0,0,0,0,0,0
4iPagfoDBTA,2022-09-16,0.961049497127533,101662.0,TV5,270.0,73.0,satyavedu.png,adimulam koneti,YSRCP,Satyavedu_sc,1,0,0,0,1,0,0,0,0,0,0,0,0,0,0,1,0,0,0,0
gh0c8h9tXps,2022-09-17,-0.9971237778663636,8198.0,TV5,335.0,16.0,satyavedu.png,adimulam koneti,YSRCP,Satyavedu_sc,0,1,0,0,1,0,0,0,0,0,0,0,0,0,0,0,0,0,0,0
qt3c5gsRu_o,2022-09-18,0.9947522878646852,1778.0,TV5,155.0,2.0,satyavedu.png,adimulam koneti,YSRCP,Satyavedu_sc,0,1,1,0,0,0,0,0,0,0,0,0,0,0,0,0,0,0,0,0
gbx8nI2o5Jk,2022-09-20,0.9931288957595824,15195.0,TV5,260.0,21.0,satyavedu.png,adimulam koneti,YSRCP,Satyavedu_sc,1,1,0,0,1,1,0,0,1,0,0,0,0,0,0,1,0,0,0,0
kMzOYZb2Fzo,2022-09-20,-0.9974913597106934,166962.0,Sakshi,317.0,184.0,satyavedu.png,adimulam koneti,YSRCP,Satyavedu_sc,0,0,0,1,1,1,0,0,1,0,0,0,0,0,0,0,0,1,0,0
9t8Sz3qpnpo,2022-09-20,-0.9994702935218812,28730.0,TV5,326.0,41.0,satyavedu.png,adimulam koneti,YSRCP,Satyavedu_sc,0,0,0,0,0,0,0,0,0,0,0,0,0,0,0,0,0,0,0,0
Auw5AQrVRO0,2022-09-25,-0.9948719143867492,2263.0,TV5,304.0,17.0,satyavedu.png,adimulam koneti,YSRCP,Satyavedu_sc,0,0,0,0,0,0,0,0,0,0,0,0,0,0,0,0,0,0,0,0
DuhgpjD1-Aw,2022-09-25,0.9973000884056092,2942.0,Sakshi,198.0,11.0,satyavedu.png,adimulam koneti,YSRCP,Satyavedu_sc,0,0,1,0,0,0,0,0,1,0,0,0,0,0,0,1,0,0,1,0
SDGepbHMXLA,2022-09-29,-0.994883954524994,1038.0,TV5,305.0,3.0,satyavedu.png,adimulam koneti,YSRCP,Satyavedu_sc,1,1,1,0,1,0,0,0,1,0,0,0,0,0,1,1,0,0,0,1
p09DOTU-CRA,2022-09-29,-0.9993351101875304,741.0,TV5,190.0,2.0,satyavedu.png,adimulam koneti,YSRCP,Satyavedu_sc,1,1,1,1,1,0,0,0,1,0,0,1,0,1,1,0,1,0,0,0
sv2bt2t6bpc,2022-09-29,-0.9994490742683412,1288.0,TV5,115.0,0.0,satyavedu.png,adimulam koneti,YSRCP,Satyavedu_sc,1,1,0,0,0,1,0,0,1,0,0,0,0,0,0,0,0,0,0,0
jROFFgPJJ68,2022-10-01,-0.9911919236183168,2916.0,TV5,170.0,12.0,satyavedu.png,adimulam koneti,YSRCP,Satyavedu_sc,1,1,1,0,0,0,0,0,0,0,0,0,0,0,0,0,0,0,0,0
QkC_IKFaBW8,2022-10-05,0.9984795451164246,2274.0,Sakshi,478.0,5.0,satyavedu.png,adimulam koneti,YSRCP,Satyavedu_sc,0,0,1,0,1,0,0,0,0,0,0,0,0,0,0,0,0,0,0,0
43chL99_T50,2022-10-05,0.9986382126808168,1870.0,Sakshi,457.0,1.0,satyavedu.png,adimulam koneti,YSRCP,Satyavedu_sc,0,0,1,0,1,0,0,0,0,0,0,0,0,0,0,0,0,0,0,0
xsCefEhzL5o,2022-10-06,-0.9908705353736876,5441.0,Sakshi,218.0,35.0,satyavedu.png,adimulam koneti,YSRCP,Satyavedu_sc,0,0,0,0,0,0,0,0,0,0,0,0,0,0,0,0,0,0,0,0
nHE1RfK9Pwg,2022-10-06,0.996310293674469,1981.0,Sakshi,403.0,7.0,satyavedu.png,adimulam koneti,YSRCP,Satyavedu_sc,0,0,0,0,0,0,0,0,0,0,0,0,0,0,0,0,0,0,0,0
_LUVZ61yfHU,2022-10-07,0.9970095157623292,408.0,TV5,215.0,1.0,satyavedu.png,adimulam koneti,YSRCP,Satyavedu_sc,1,0,1,1,0,0,0,0,0,0,0,0,0,0,1,0,0,0,0,0
IBFORdLiYdM,2022-10-10,-0.9931796789169312,119492.0,Sakshi,430.0,193.0,satyavedu.png,adimulam koneti,YSRCP,Satyavedu_sc,0,0,0,0,0,0,0,0,0,0,0,0,0,0,0,0,0,0,0,0
EkRyT8lJEQY,2022-10-11,-0.9990180730819702,613.0,TV5,123.0,1.0,satyavedu.png,adimulam koneti,YSRCP,Satyavedu_sc,1,0,0,0,0,0,0,0,0,0,0,0,0,0,0,0,0,0,0,0
oXbrsolMg7o,2022-10-15,0.9983227849006652,4855.0,TV5,400.0,33.0,satyavedu.png,adimulam koneti,YSRCP,Satyavedu_sc,0,1,1,0,1,0,0,0,0,0,0,0,0,0,0,0,0,0,1,0
gmTw7sXPv9M,2022-10-15,0.9882396459579468,3933.0,TV5,520.0,22.0,satyavedu.png,adimulam koneti,YSRCP,Satyavedu_sc,0,0,0,0,0,0,0,0,0,0,0,0,0,0,0,0,0,0,0,0
-uhJy4VcNEo,2022-10-16,-0.93123459815979,3905.0,Sakshi,503.0,25.0,satyavedu.png,adimulam koneti,YSRCP,Satyavedu_sc,0,0,0,0,0,0,0,0,0,0,0,0,0,0,0,0,0,0,1,0
VpkEBfcfe6M,2022-10-16,0.99687260389328,15459.0,Sakshi,244.0,37.0,satyavedu.png,adimulam koneti,YSRCP,Satyavedu_sc,1,1,1,0,1,0,0,0,0,0,0,0,0,0,0,0,0,0,1,0
6Gt_xooTl3M,2022-10-17,-0.9988746047019958,6714.0,Sakshi,81.0,38.0,satyavedu.png,adimulam koneti,YSRCP,Satyavedu_sc,0,0,0,0,0,0,1,0,0,0,0,0,0,0,0,0,0,0,1,0
6r2yC1xUcRs,2022-10-17,0.99792742729187,636.0,TV5,384.0,0.0,satyavedu.png,adimulam koneti,YSRCP,Satyavedu_sc,0,0,0,1,0,0,0,0,0,0,0,0,0,0,0,0,0,0,0,0
-iFmNCo2VVg,2022-10-20,-0.9986445307731628,6180.0,ABN,194.0,4.0,satyavedu.png,adimulam koneti,YSRCP,Satyavedu_sc,0,1,1,0,0,0,0,0,0,0,0,0,0,0,0,0,0,0,0,0
BqIFbS6k56o,2022-10-20,-0.9945032596588136,1001.0,ABN,357.0,3.0,satyavedu.png,adimulam koneti,YSRCP,Satyavedu_sc,0,0,0,0,0,0,0,0,0,0,0,0,0,0,0,0,0,0,0,0
bnGXOqiWZiw,2022-10-23,0.7669280171394348,1135.0,ABN,299.0,2.0,satyavedu.png,adimulam koneti,YSRCP,Satyavedu_sc,0,0,0,0,0,0,0,0,0,0,0,0,0,0,0,0,0,0,0,0
Gz8619MMhG4,2022-10-23,0.9967466592788696,629.0,ABN,264.0,0.0,satyavedu.png,adimulam koneti,YSRCP,Satyavedu_sc,0,0,0,0,0,0,0,0,0,0,0,0,0,0,0,0,0,0,0,0
hO4F31AAYS8,2022-10-26,-0.9978969097137452,2145.0,ABN,200.0,0.0,satyavedu.png,adimulam koneti,YSRCP,Satyavedu_sc,0,0,0,0,0,0,0,0,0,0,0,0,0,0,0,0,0,0,0,0
uYoeIQuAaBc,2022-10-26,-0.9973503351211548,4049.0,Sakshi,78.0,14.0,satyavedu.png,adimulam koneti,YSRCP,Satyavedu_sc,0,0,0,0,0,0,0,1,0,0,0,0,0,0,0,0,0,0,0,0
i_QBy0SLCnQ,2022-10-26,-0.998860239982605,343.0,ABN,39.0,0.0,satyavedu.png,adimulam koneti,YSRCP,Satyavedu_sc,1,0,0,1,0,0,0,0,1,0,0,0,0,0,0,0,0,0,0,0
7W0nOGfR8n0,2022-10-27,0.9910860657691956,487.0,TV5,119.0,0.0,satyavedu.png,adimulam koneti,YSRCP,Satyavedu_sc,0,0,0,1,0,0,0,0,0,0,0,0,0,0,0,0,0,0,0,0
Xsvx2qrBZjo,2022-10-28,0.9870534539222716,2160.0,ABN,210.0,0.0,satyavedu.png,adimulam koneti,YSRCP,Satyavedu_sc,0,0,0,1,0,0,0,0,1,0,1,0,0,0,0,0,0,0,0,0
cBUCf6IWFao,2022-10-28,-0.99338960647583,1054.0,ABN,270.0,1.0,satyavedu.png,adimulam koneti,YSRCP,Satyavedu_sc,0,0,0,0,0,0,0,0,0,0,0,0,0,0,0,0,0,0,0,0
b6xEF7dCPEk,2022-10-28,0.9934402108192444,9609.0,ABN,380.0,32.0,satyavedu.png,adimulam koneti,YSRCP,Satyavedu_sc,0,0,0,0,0,0,0,0,0,0,0,0,0,0,0,0,0,0,0,0
y0urCWpR6sw,2022-10-30,-0.9986594915390016,513.0,TV5,338.0,1.0,satyavedu.png,adimulam koneti,YSRCP,Satyavedu_sc,0,1,1,1,0,0,0,0,0,0,0,0,0,0,0,1,0,0,0,0
csVnmnpqmWE,2022-10-31,0.9978766441345216,31323.0,TV5,340.0,95.0,satyavedu.png,adimulam koneti,YSRCP,Satyavedu_sc,0,0,0,0,0,0,0,0,0,0,0,0,0,0,0,0,0,0,0,0
0NLQiNGyrhY,2022-10-31,0.9987286925315856,2281.0,Sakshi,276.0,15.0,satyavedu.png,adimulam koneti,YSRCP,Satyavedu_sc,0,1,1,0,1,0,1,0,0,0,0,0,0,0,0,0,0,0,0,0
xxIti0vXDLg,2022-11-01,0.9954878687858582,907.0,TV5,222.0,1.0,satyavedu.png,adimulam koneti,YSRCP,Satyavedu_sc,0,0,0,0,0,0,0,0,0,0,0,0,0,0,0,0,0,0,0,0
3gl_4OuXDH8,2022-11-02,0.996531307697296,3739.0,TV5,550.0,6.0,satyavedu.png,adimulam koneti,YSRCP,Satyavedu_sc,0,1,0,0,0,0,0,0,0,0,0,0,0,0,0,0,0,0,0,0
jS_LMRExs60,2022-11-04,-0.9965113997459412,2818.0,TV5,565.0,9.0,satyavedu.png,adimulam koneti,YSRCP,Satyavedu_sc,0,0,0,0,0,0,0,0,0,0,0,0,0,0,0,0,0,0,0,0
aaekOGEtCGs,2022-11-05,0.998016119003296,5846.0,Sakshi,485.0,28.0,satyavedu.png,adimulam koneti,YSRCP,Satyavedu_sc,0,0,0,0,0,1,1,0,0,0,0,0,0,0,0,0,0,0,0,0
4A6PvcWjTMk,2022-11-05,0.9970704317092896,38855.0,Sakshi,511.0,182.0,satyavedu.png,adimulam koneti,YSRCP,Satyavedu_sc,0,0,0,0,0,0,1,0,0,0,0,0,0,0,0,0,0,0,0,0
jO-QPpHea4M,2022-11-05,-0.9941667318344116,2744.0,Sakshi,408.0,12.0,satyavedu.png,adimulam koneti,YSRCP,Satyavedu_sc,0,0,0,0,1,1,0,0,0,0,0,0,0,0,0,0,0,0,0,0
tGugWP2rslw,2022-11-07,-0.9850379824638368,932.0,ABN,357.0,0.0,satyavedu.png,adimulam koneti,YSRCP,Satyavedu_sc,0,0,0,0,0,0,0,0,0,0,0,0,0,0,0,0,0,0,0,0
zj1AYQD66Mg,2022-11-08,0.996258020401001,8843.0,TV5,258.0,1.0,satyavedu.png,adimulam koneti,YSRCP,Satyavedu_sc,0,0,0,0,0,0,0,0,0,0,0,0,0,0,0,0,0,0,0,0
0MghXwlmj00,2022-11-09,-0.9955291152000428,3044.0,ABN,365.0,0.0,satyavedu.png,adimulam koneti,YSRCP,Satyavedu_sc,0,1,1,1,0,0,0,0,1,1,1,0,1,0,0,0,0,0,0,0
DaN9Q_yZT9I,2022-11-09,-0.9625570774078368,2036.0,ABN,170.0,5.0,satyavedu.png,adimulam koneti,YSRCP,Satyavedu_sc,0,0,0,0,0,0,0,0,0,0,0,0,0,0,0,0,0,0,0,0
7XnCZETVHag,2022-11-10,-0.9941834807395936,24283.0,TV5,325.0,20.0,satyavedu.png,adimulam koneti,YSRCP,Satyavedu_sc,1,0,0,0,0,1,0,0,0,0,0,0,0,0,0,1,0,0,0,0
b9YBZQ3qW3k,2022-11-10,0.9978111386299132,29980.0,TV5,300.0,31.0,satyavedu.png,adimulam koneti,YSRCP,Satyavedu_sc,1,0,1,0,0,0,0,0,1,1,0,0,0,0,0,0,0,0,0,0
0wdI-OBZvOU,2022-11-10,0.99429589509964,10775.0,TV5,475.0,9.0,satyavedu.png,adimulam koneti,YSRCP,Satyavedu_sc,0,0,0,0,0,0,0,0,0,0,0,0,0,0,0,0,0,0,0,0
p5yttUN_9sk,2022-11-11,0.9929938912391664,1294.0,TV5,135.0,0.0,satyavedu.png,adimulam koneti,YSRCP,Satyavedu_sc,1,1,1,0,1,0,0,0,0,0,0,0,0,0,0,0,1,0,0,0
_IPvL-pPJV4,2022-11-11,0.9947559833526612,704.0,TV5,115.0,0.0,satyavedu.png,adimulam koneti,YSRCP,Satyavedu_sc,1,0,0,0,0,0,0,0,0,0,0,0,0,0,0,0,0,0,0,0
tJ-Qp5bPdb4,2022-11-12,-0.9934710264205932,3151.0,ABN,300.0,1.0,satyavedu.png,adimulam koneti,YSRCP,Satyavedu_sc,0,1,1,1,0,0,1,0,0,0,0,0,0,0,0,1,1,1,0,0
wu8fcTt_fE0,2022-11-13,0.991323947906494,36973.0,Sakshi,367.0,108.0,satyavedu.png,adimulam koneti,YSRCP,Satyavedu_sc,0,0,0,0,0,0,1,0,0,0,0,1,0,0,0,0,0,0,0,0
WJ8a0d5w9V0,2022-11-13,-0.98628169298172,6068.0,Sakshi,187.0,18.0,satyavedu.png,adimulam koneti,YSRCP,Satyavedu_sc,0,0,0,1,0,0,1,0,0,0,0,0,0,1,0,0,1,0,0,0
oGKMVpvvJY8,2022-11-14,-0.9990059733390808,6965.0,ABN,325.0,8.0,satyavedu.png,adimulam koneti,YSRCP,Satyavedu_sc,0,0,0,0,0,0,0,0,0,0,0,0,0,0,0,0,0,0,0,0
nHnoEbg6QYQ,2022-11-15,0.9973226189613342,1528.0,ABN,71.0,2.0,satyavedu.png,adimulam koneti,YSRCP,Satyavedu_sc,0,0,0,0,0,0,0,0,0,0,0,0,0,0,0,0,0,0,0,0
DCufSRPD1cU,2022-11-16,-0.9917961359024048,3193.0,ABN,188.0,1.0,satyavedu.png,adimulam koneti,YSRCP,Satyavedu_sc,0,1,1,0,1,0,0,0,1,1,0,0,0,0,1,0,0,0,0,0
Q4ssurSViKQ,2022-11-16,0.985000491142273,6148.0,ABN,420.0,6.0,satyavedu.png,adimulam koneti,YSRCP,Satyavedu_sc,0,0,0,0,0,0,0,0,0,0,0,0,0,0,0,0,0,0,0,0
jfOJABSPQ-0,2022-11-16,-0.9980839490890504,10573.0,ABN,179.0,7.0,satyavedu.png,adimulam koneti,YSRCP,Satyavedu_sc,0,0,0,0,0,0,0,0,0,0,0,0,0,0,0,0,0,0,0,0
zZNak6aZIJk,2022-11-16,-0.9949236512184144,609.0,Sakshi,147.0,0.0,satyavedu.png,adimulam koneti,YSRCP,Satyavedu_sc,0,0,0,0,0,0,0,0,0,0,0,0,0,0,0,0,1,0,0,0
DK_Nqu6oxQE,2022-11-17,-0.9771785736083984,1651.0,ABN,157.0,0.0,satyavedu.png,adimulam koneti,YSRCP,Satyavedu_sc,0,1,0,0,0,0,0,0,1,0,1,0,0,0,0,0,0,0,0,0
BnJ2w42JINM,2022-11-17,-0.9968106150627136,55071.0,Sakshi,540.0,128.0,satyavedu.png,adimulam koneti,YSRCP,Satyavedu_sc,0,0,0,0,0,1,0,0,0,0,0,0,0,0,0,0,0,0,0,0
WpOWA6RM73s,2022-11-17,-0.9980981945991516,2124.0,ABN,217.0,1.0,satyavedu.png,adimulam koneti,YSRCP,Satyavedu_sc,0,0,0,0,0,0,0,0,1,0,0,0,0,0,0,0,0,0,0,0
D5cv2GYCvKQ,2022-11-17,-0.9979766011238098,805.0,ABN,109.0,1.0,satyavedu.png,adimulam koneti,YSRCP,Satyavedu_sc,0,0,0,0,0,0,0,0,0,0,0,0,0,0,0,0,0,0,0,0
DQ41KcykdhQ,2022-11-18,-0.987820029258728,5805.0,ABN,175.0,4.0,satyavedu.png,adimulam koneti,YSRCP,Satyavedu_sc,0,0,0,0,1,0,0,0,0,0,0,0,0,0,0,0,0,0,0,1
7W-FxRulzH0,2022-11-20,-0.997885286808014,2986.0,TV9,281.0,4.0,satyavedu.png,adimulam koneti,YSRCP,Satyavedu_sc,0,1,1,0,0,0,0,0,0,0,0,0,0,0,0,0,0,0,0,1
peo5ZrFaxsE,2022-11-21,-0.9980105757713318,15617.0,Sakshi,250.0,30.0,satyavedu.png,adimulam koneti,YSRCP,Satyavedu_sc,0,0,0,0,1,1,0,0,0,0,0,0,0,0,0,0,0,0,0,0
kbcnoQY2BB0,2022-11-21,0.9588910341262816,1798.0,TV9,152.0,1.0,satyavedu.png,adimulam koneti,YSRCP,Satyavedu_sc,0,0,0,0,0,0,0,0,0,0,0,0,0,0,0,0,0,0,0,0
M0LTZHF3r4o,2022-11-21,0.979324758052826,628.0,TV9,398.0,0.0,satyavedu.png,adimulam koneti,YSRCP,Satyavedu_sc,0,0,0,0,0,0,0,0,0,0,0,0,0,0,0,0,0,0,0,0
74RSGCba0M8,2022-11-22,0.9517735838890076,14932.0,ABN,215.0,22.0,satyavedu.png,adimulam koneti,YSRCP,Satyavedu_sc,0,1,1,0,1,0,0,0,0,0,0,0,0,0,1,1,1,0,0,0
yn3wfOX2Qfk,2022-11-22,-0.9956509470939636,2428.0,TV5,295.0,6.0,satyavedu.png,adimulam koneti,YSRCP,Satyavedu_sc,1,1,1,1,1,0,0,0,0,1,0,1,0,0,1,1,0,0,0,1
p2WgCg28Zvk,2022-11-23,-0.9984000325202942,1556.0,ABN,225.0,1.0,satyavedu.png,adimulam koneti,YSRCP,Satyavedu_sc,0,0,0,0,0,0,0,0,0,0,0,0,0,0,0,0,0,0,0,0
5qO3aC4xl4I,2022-11-23,0.99830961227417,790.0,ABN,185.0,2.0,satyavedu.png,adimulam koneti,YSRCP,Satyavedu_sc,0,0,0,0,0,0,1,0,0,0,0,0,0,0,0,0,0,0,0,0
E9w1xeNeg8E,2022-11-24,-0.9980156421661376,17784.0,TV5,259.0,11.0,satyavedu.png,adimulam koneti,YSRCP,Satyavedu_sc,1,0,0,0,1,0,0,0,0,0,0,0,0,0,0,0,0,0,0,0
HbvXDUfKSk8,2022-11-24,-0.98996502161026,1228.0,ABN,220.0,2.0,satyavedu.png,adimulam koneti,YSRCP,Satyavedu_sc,0,0,0,1,0,0,0,0,0,0,0,0,0,0,0,0,0,0,1,0
CMsGoYeqTtI,2022-11-24,-0.9994581341743468,1701.0,TV5,325.0,1.0,satyavedu.png,adimulam koneti,YSRCP,Satyavedu_sc,1,1,1,1,0,1,0,0,1,0,0,0,0,0,1,1,0,0,0,0
GGWkBqOQI5Y,2022-11-24,-0.9980996251106262,3978.0,ABN,111.0,0.0,satyavedu.png,adimulam koneti,YSRCP,Satyavedu_sc,0,0,0,0,0,0,0,0,0,0,0,0,0,0,0,0,0,0,0,0
WWVpuGpYu0I,2022-11-24,-0.9987805485725404,3089.0,TV5,265.0,10.0,satyavedu.png,adimulam koneti,YSRCP,Satyavedu_sc,0,1,1,0,1,1,0,0,0,0,0,0,0,0,0,0,0,0,0,0
5cKXP5izSYA,2022-11-25,-0.9984966516494752,3292.0,ABN,370.0,1.0,satyavedu.png,adimulam koneti,YSRCP,Satyavedu_sc,0,0,0,0,0,0,0,0,0,0,0,0,0,0,0,0,0,0,0,1
ahVbN1Sk-B4,2022-11-25,-0.9980328679084778,3134.0,ABN,340.0,12.0,satyavedu.png,adimulam koneti,YSRCP,Satyavedu_sc,0,0,0,0,0,0,0,0,0,0,0,0,0,0,0,0,0,0,0,0
CLghk7EmnKM,2022-11-26,-0.9894974231719972,43017.0,TV9,236.0,2.0,satyavedu.png,adimulam koneti,YSRCP,Satyavedu_sc,0,0,0,0,0,0,0,0,1,0,0,0,0,0,0,0,0,0,0,0
BOAilxlY07Q,2022-11-26,0.9981916546821594,4935.0,Sakshi,158.0,11.0,satyavedu.png,adimulam koneti,YSRCP,Satyavedu_sc,0,0,0,0,0,1,0,1,0,0,0,0,0,0,0,0,0,0,0,0
YoGbbpLWeiE,2022-11-27,0.9978651404380798,2601.0,TV9,150.0,0.0,satyavedu.png,adimulam koneti,YSRCP,Satyavedu_sc,0,0,0,0,0,0,0,0,0,0,0,0,0,0,0,0,0,0,0,0
U2O8NQlLh2A,2022-11-29,-0.9852765202522278,2322.0,ABN,430.0,7.0,satyavedu.png,adimulam koneti,YSRCP,Satyavedu_sc,0,0,0,0,0,0,0,0,0,0,0,0,0,0,0,0,0,0,0,0
BZve7Mh5gC8,2022-11-29,0.9982609152793884,15647.0,Sakshi,472.0,44.0,satyavedu.png,adimulam koneti,YSRCP,Satyavedu_sc,0,0,0,0,0,1,1,0,0,0,0,0,0,0,0,0,0,0,0,0
DauXLwRkhY0,2022-11-30,0.9970880150794984,8299.0,TV5,520.0,25.0,satyavedu.png,adimulam koneti,YSRCP,Satyavedu_sc,0,0,0,0,0,0,0,0,0,0,0,0,0,0,0,0,0,0,0,0
WB3j0lnEK8w,2022-11-30,-0.9966326355934144,11830.0,TV5,210.0,11.0,satyavedu.png,adimulam koneti,YSRCP,Satyavedu_sc,1,1,1,0,0,0,0,0,0,0,0,0,0,0,0,0,0,0,0,0
OIcvPvW0sFk,2022-11-30,-0.9920765161514282,963.0,TV5,220.0,1.0,satyavedu.png,adimulam koneti,YSRCP,Satyavedu_sc,0,0,1,0,0,0,0,0,0,0,0,0,0,0,0,0,0,0,0,0
inOQY8RX5Og,2022-12-01,-0.9974340796470642,694.0,TV5,188.0,1.0,satyavedu.png,adimulam koneti,YSRCP,Satyavedu_sc,0,0,0,1,0,0,0,0,0,0,0,0,0,0,0,0,0,0,0,0
39HmCoUmvxE,2022-12-01,-0.9734026789665222,6079.0,TV5,185.0,10.0,satyavedu.png,adimulam koneti,YSRCP,Satyavedu_sc,0,0,0,0,1,1,0,0,1,0,0,0,0,0,0,0,0,0,0,0
1uw0xVI3Y04,2022-12-01,-0.998296320438385,1614.0,TV9,123.0,1.0,satyavedu.png,adimulam koneti,YSRCP,Satyavedu_sc,0,0,0,0,0,0,0,0,0,0,0,0,0,0,0,0,1,0,0,0
7yRvoYjQ4E4,2022-12-01,-0.9983940720558168,3650.0,TV9,256.0,5.0,satyavedu.png,adimulam koneti,YSRCP,Satyavedu_sc,0,1,1,0,0,1,0,0,1,0,0,0,0,0,0,0,0,0,0,0
wwLBUpncEMU,2022-12-01,0.9914686679840088,3018.0,TV5,244.0,2.0,satyavedu.png,adimulam koneti,YSRCP,Satyavedu_sc,1,1,1,0,0,0,0,0,0,0,0,0,0,0,0,0,0,0,0,0
TMStvGFE9B8,2022-12-03,-0.9979573488235474,1752.0,ABN,225.0,4.0,satyavedu.png,adimulam koneti,YSRCP,Satyavedu_sc,0,0,0,0,0,0,0,0,0,0,0,0,0,0,0,0,1,0,0,1
noO3b8Xthx0,2022-12-05,-0.9931195974349976,1714.0,ABN,127.0,2.0,satyavedu.png,adimulam koneti,YSRCP,Satyavedu_sc,0,1,0,0,1,0,0,0,0,0,0,0,0,0,0,0,0,0,0,0
Vp1ETTev5GA,2022-12-05,0.9986138343811036,5454.0,Sakshi,139.0,13.0,satyavedu.png,adimulam koneti,YSRCP,Satyavedu_sc,0,0,0,0,0,1,0,0,0,0,0,0,0,0,0,0,0,0,0,1
9JHicOtCGW0,2022-12-05,-0.9748154878616332,1504.0,Sakshi,262.0,4.0,satyavedu.png,adimulam koneti,YSRCP,Satyavedu_sc,0,0,0,0,0,1,0,0,0,0,0,0,0,0,0,0,0,0,0,0
5uyQpFQI9nU,2022-12-05,-0.9950605034828186,5114.0,ABN,235.0,11.0,satyavedu.png,adimulam koneti,YSRCP,Satyavedu_sc,0,1,1,0,0,0,0,0,1,0,0,0,0,0,1,0,0,0,0,0
W_bB4xcy1LU,2022-12-06,0.9884757995605468,1661.0,Sakshi,441.0,4.0,satyavedu.png,adimulam koneti,YSRCP,Satyavedu_sc,0,0,1,0,0,1,0,0,0,0,0,0,0,0,0,0,0,0,0,0
gNRA1zOoICM,2022-12-06,0.9968245029449464,2804.0,Sakshi,174.0,7.0,satyavedu.png,adimulam koneti,YSRCP,Satyavedu_sc,0,0,0,1,0,0,0,0,0,0,0,0,0,0,0,0,0,0,0,0
pacWTYhNuWY,2022-12-06,-0.999394416809082,2860.0,ABN,153.0,0.0,satyavedu.png,adimulam koneti,YSRCP,Satyavedu_sc,1,0,0,0,0,0,0,0,0,0,0,0,0,0,0,0,0,0,0,0
uwv-mBFPUbA,2022-12-06,-0.9876726269721984,1118.0,ABN,333.0,1.0,satyavedu.png,adimulam koneti,YSRCP,Satyavedu_sc,0,0,0,1,0,0,0,0,0,0,0,0,0,0,0,0,0,0,0,0
s6nL2aTFE5c,2022-12-07,-0.996880292892456,2041.0,ABN,240.0,3.0,satyavedu.png,adimulam koneti,YSRCP,Satyavedu_sc,1,1,1,0,1,0,0,0,1,1,0,0,0,1,0,1,0,0,0,1
xQGhUOzQEAE,2022-12-08,0.989429771900177,16648.0,TV5,235.0,24.0,satyavedu.png,adimulam koneti,YSRCP,Satyavedu_sc,0,0,0,0,0,0,0,0,0,0,0,0,0,0,0,0,0,0,0,0
-8iEIw4okuQ,2022-12-08,0.9966469407081604,1654.0,TV9,254.0,1.0,satyavedu.png,adimulam koneti,YSRCP,Satyavedu_sc,0,0,0,0,0,0,0,0,0,0,0,0,0,0,0,0,0,0,0,0
ClGkJPbJMNk,2022-12-08,-0.9980399012565612,13041.0,TV9,404.0,17.0,satyavedu.png,adimulam koneti,YSRCP,Satyavedu_sc,0,0,0,0,0,0,0,0,0,0,0,0,0,0,0,0,0,0,0,0
GH2Rxoabs5c,2022-12-09,-0.9983510971069336,3276.0,TV9,177.0,15.0,satyavedu.png,adimulam koneti,YSRCP,Satyavedu_sc,0,1,1,0,0,0,0,0,1,1,0,0,0,1,0,0,0,0,0,0
vT4-wO4sB3c,2022-12-10,0.9981071949005128,1684.0,TV9,102.0,3.0,satyavedu.png,adimulam koneti,YSRCP,Satyavedu_sc,0,0,0,0,0,0,0,0,0,0,0,0,0,0,0,0,0,0,0,1
Dx_LHNBeZhI,2022-12-13,-0.997118353843689,2023.0,TV5,235.0,1.0,satyavedu.png,adimulam koneti,YSRCP,Satyavedu_sc,0,0,0,0,0,0,0,0,0,0,0,0,0,0,0,0,0,0,0,0
p7bdEV8aL_k,2022-12-13,-0.9988736510276794,4461.0,TV5,310.0,10.0,satyavedu.png,adimulam koneti,YSRCP,Satyavedu_sc,0,0,0,0,1,0,0,0,1,0,0,0,0,0,1,0,0,0,0,0
ABUCGv3nCFQ,2022-12-13,0.99454665184021,16283.0,Sakshi,493.0,58.0,satyavedu.png,adimulam koneti,YSRCP,Satyavedu_sc,0,0,0,0,0,0,0,0,0,0,0,0,0,0,0,0,0,1,0,0
Xyae1FaNipk,2022-12-14,-0.7658393383026123,2520.0,ABN,38.0,0.0,satyavedu.png,adimulam koneti,YSRCP,Satyavedu_sc,0,0,0,0,1,0,0,0,0,0,0,0,0,0,0,0,0,0,0,0
KMfzHm9Zkiw,2022-12-15,0.9980668425559998,1376.0,Sakshi,323.0,0.0,satyavedu.png,adimulam koneti,YSRCP,Satyavedu_sc,1,1,1,1,1,1,0,0,0,0,0,0,0,0,0,0,0,0,1,1
vKwymQlJcbI,2022-12-16,0.997690200805664,9205.0,TV9,40.0,24.0,satyavedu.png,adimulam koneti,YSRCP,Satyavedu_sc,0,0,0,0,0,0,0,0,0,0,0,0,0,0,0,0,0,0,0,0
iiVVRUeelFg,2022-12-16,0.997690200805664,1741.0,TV9,40.0,5.0,satyavedu.png,adimulam koneti,YSRCP,Satyavedu_sc,0,0,0,0,0,0,0,0,0,0,0,0,0,0,0,0,0,0,0,0
aF8XAUqwR24,2022-12-17,0.9901955723762512,31098.0,TV5,203.0,31.0,satyavedu.png,adimulam koneti,YSRCP,Satyavedu_sc,1,0,0,0,0,0,0,0,0,0,0,0,0,0,0,0,0,0,0,0
quo-2Zb7QSw,2022-12-18,-0.9980360865592957,910.0,ABN,252.0,0.0,satyavedu.png,adimulam koneti,YSRCP,Satyavedu_sc,0,1,1,1,0,0,0,0,0,0,0,0,0,0,0,0,0,0,0,0
CmEKmnXX0h4,2022-12-18,-0.9991080164909364,1390.0,TV9,195.0,1.0,satyavedu.png,adimulam koneti,YSRCP,Satyavedu_sc,0,1,0,0,0,1,1,0,1,0,0,1,0,0,0,0,0,1,0,0
WvAH312xI4M,2022-12-18,-0.9924824833869934,4261.0,TV9,216.0,9.0,satyavedu.png,adimulam koneti,YSRCP,Satyavedu_sc,0,1,1,1,0,0,1,0,1,0,1,1,0,0,0,0,0,0,0,0
3psCluCplJg,2022-12-19,0.9782816767692566,411.0,ABN,215.0,0.0,satyavedu.png,adimulam koneti,YSRCP,Satyavedu_sc,1,1,0,0,0,0,0,0,0,0,0,0,0,0,0,0,0,0,0,0
10jGZQhmVOQ,2022-12-19,-0.9450049996376038,420.0,TV5,180.0,1.0,satyavedu.png,adimulam koneti,YSRCP,Satyavedu_sc,1,1,1,0,1,0,0,0,1,0,0,0,0,0,0,0,0,0,0,0
FbAu-a9BeRo,2022-12-19,-0.9974393844604492,500.0,TV5,95.0,0.0,satyavedu.png,adimulam koneti,YSRCP,Satyavedu_sc,1,1,1,0,1,0,0,0,0,0,0,0,0,0,0,0,0,0,0,0
oe7Mh3AKdtQ,2022-12-20,0.9801828861236572,560.0,TV5,188.0,0.0,satyavedu.png,adimulam koneti,YSRCP,Satyavedu_sc,1,0,0,0,0,1,0,0,1,1,1,0,0,0,0,0,0,0,0,0
asqUCb16agA,2022-12-20,-0.9971556663513184,2558.0,TV9,141.0,5.0,satyavedu.png,adimulam koneti,YSRCP,Satyavedu_sc,0,0,0,0,1,0,0,0,1,0,1,1,0,0,1,0,0,0,0,0
FS_U0gBT6fs,2022-12-21,0.9930055737495422,11895.0,TV5,120.0,11.0,satyavedu.png,adimulam koneti,YSRCP,Satyavedu_sc,1,0,1,0,0,1,0,0,0,0,0,0,0,0,0,0,0,0,0,0
q_Tebcc6vwk,2022-12-21,0.9958052635192872,1174.0,TV9,286.0,5.0,satyavedu.png,adimulam koneti,YSRCP,Satyavedu_sc,0,0,0,0,0,0,0,0,0,0,0,0,0,0,0,0,0,0,0,0
MF4p1coUWKg,2022-12-21,-0.9899820685386658,1234.0,TV9,98.0,1.0,satyavedu.png,adimulam koneti,YSRCP,Satyavedu_sc,1,0,0,0,0,0,0,0,1,0,0,0,0,0,0,0,0,0,0,0
Eu5T1IIpqNs,2022-12-21,0.9882777333259584,1543.0,TV9,271.0,2.0,satyavedu.png,adimulam koneti,YSRCP,Satyavedu_sc,0,0,0,0,0,0,0,0,0,0,0,0,0,0,0,0,0,0,0,0
23WNTghboB0,2022-12-21,0.9988786578178406,24521.0,Sakshi,207.0,68.0,satyavedu.png,adimulam koneti,YSRCP,Satyavedu_sc,0,1,1,0,1,0,0,0,0,0,0,0,0,0,0,0,0,0,0,0
AEyIX7IEQOU,2022-12-22,-0.9810715317726136,2017.0,ABN,315.0,1.0,satyavedu.png,adimulam koneti,YSRCP,Satyavedu_sc,0,0,0,0,0,0,0,0,0,0,0,0,0,0,0,0,0,0,0,0
fAosJdkYG1M,2022-12-22,-0.9959623217582704,1666.0,ABN,565.0,3.0,satyavedu.png,adimulam koneti,YSRCP,Satyavedu_sc,0,0,0,0,0,0,0,0,1,0,0,0,0,0,0,0,0,0,0,0
k6tLFPZXJis,2022-12-23,0.998654842376709,5252.0,TV9,345.0,10.0,satyavedu.png,adimulam koneti,YSRCP,Satyavedu_sc,1,0,0,0,0,1,0,0,0,0,0,0,0,0,0,0,1,0,0,0
l30lT6rGdy4,2022-12-23,-0.9856243133544922,1647.0,TV9,262.0,0.0,satyavedu.png,adimulam koneti,YSRCP,Satyavedu_sc,0,0,0,0,0,0,0,0,0,0,0,0,0,0,0,0,0,0,0,0
AmfgAtOmMu0,2022-12-23,-0.9983267188072203,72156.0,TV9,301.0,110.0,satyavedu.png,adimulam koneti,YSRCP,Satyavedu_sc,1,0,0,0,0,0,0,0,0,0,0,0,0,0,0,0,0,0,0,0
szG-lXuwheU,2022-12-26,0.9986391663551332,1429.0,TV9,184.0,0.0,satyavedu.png,adimulam koneti,YSRCP,Satyavedu_sc,0,0,0,0,0,0,0,0,0,0,1,0,0,0,0,0,1,0,0,0
KEzyd2KdC6c,2022-12-26,0.9981910586357116,1557.0,TV9,196.0,0.0,satyavedu.png,adimulam koneti,YSRCP,Satyavedu_sc,0,0,0,0,0,0,0,0,0,0,0,0,0,0,0,0,0,0,0,0
rPVchd2hb3E,2022-12-29,-0.9929364323616028,2372.0,TV5,284.0,11.0,satyavedu.png,adimulam koneti,YSRCP,Satyavedu_sc,0,1,1,0,0,0,0,1,0,0,0,0,0,1,0,0,0,0,0,0
GjztXMRYpRY,2022-12-30,-0.99657142162323,978.0,ABN,136.0,0.0,satyavedu.png,adimulam koneti,YSRCP,Satyavedu_sc,0,0,0,0,0,0,0,0,0,0,0,0,0,0,0,0,0,0,0,0
Zcs45pOA4Ok,2022-12-30,0.9926183819770812,309282.0,TV9,443.0,0.0,satyavedu.png,adimulam koneti,YSRCP,Satyavedu_sc,0,0,0,0,0,0,0,0,0,0,0,0,0,0,0,0,0,0,0,0
iywSip-_vd4,2023-01-01,-0.986646294593811,2429.0,Sakshi,275.0,1.0,satyavedu.png,adimulam koneti,YSRCP,Satyavedu_sc,0,1,1,1,1,0,0,0,1,0,1,0,0,0,0,0,1,0,0,0
szqRZEEwZAc,2023-01-01,-0.9965574741363524,2158.0,Sakshi,186.0,2.0,satyavedu.png,adimulam koneti,YSRCP,Satyavedu_sc,1,1,1,1,1,0,1,1,1,1,1,1,0,1,0,0,1,1,1,0
v5NzAhWBWBM,2023-01-02,-0.9980008006095886,52785.0,TV9,343.0,106.0,satyavedu.png,adimulam koneti,YSRCP,Satyavedu_sc,0,0,0,0,0,0,0,0,1,0,0,0,0,1,1,1,0,0,1,0
CkCgJhb3d3E,2023-01-02,0.9919179081916808,7234.0,TV5,370.0,7.0,satyavedu.png,adimulam koneti,YSRCP,Satyavedu_sc,1,0,0,0,0,1,0,0,0,0,0,0,0,0,0,0,0,0,0,0
Picf7QjMAAg,2023-01-03,-0.9973899722099304,6502.0,Sakshi,243.0,9.0,satyavedu.png,adimulam koneti,YSRCP,Satyavedu_sc,1,0,0,1,1,1,0,0,0,0,0,1,0,0,0,0,0,0,0,1
-VjZAdnig58,2023-01-04,-0.9958385229110718,4006.0,ABN,289.0,8.0,satyavedu.png,adimulam koneti,YSRCP,Satyavedu_sc,1,0,0,0,0,1,0,0,0,0,0,0,1,0,0,0,0,0,0,0
8pFl12tIyvw,2023-01-04,-0.9860256314277648,3139.0,TV5,275.0,0.0,satyavedu.png,adimulam koneti,YSRCP,Satyavedu_sc,1,0,0,0,0,0,0,0,0,0,0,0,0,0,0,0,0,0,0,0
QzF_A_nx47Q,2023-01-05,0.9924129843711852,1647.0,TV9,415.0,0.0,satyavedu.png,adimulam koneti,YSRCP,Satyavedu_sc,0,0,0,0,0,0,0,0,0,0,0,0,0,0,0,0,0,0,0,0
Rq6joAy3g60,2023-01-05,-0.9960240125656128,810.0,TV9,77.0,0.0,satyavedu.png,adimulam koneti,YSRCP,Satyavedu_sc,0,0,0,0,0,0,0,0,1,0,0,0,0,0,0,0,0,0,0,0
Ux3oqH6MO9U,2023-01-06,-0.9984410405158995,23923.0,Sakshi,151.0,221.0,satyavedu.png,adimulam koneti,YSRCP,Satyavedu_sc,0,0,0,0,0,1,0,0,0,0,0,0,1,0,0,0,0,0,0,0
_gJlL6nwaZA,2023-01-07,0.9986507296562196,7173.0,TV9,423.0,33.0,satyavedu.png,adimulam koneti,YSRCP,Satyavedu_sc,0,0,0,0,0,0,0,0,1,0,0,0,0,0,0,0,0,0,0,0
5e6_SQ3nyZ8,2023-01-07,0.998607337474823,2068.0,TV9,594.0,3.0,satyavedu.png,adimulam koneti,YSRCP,Satyavedu_sc,0,0,0,0,0,0,0,0,0,0,0,0,0,0,0,0,0,0,0,0
ofGEtZZ2eqE,2023-01-09,0.9975993037223816,1540.0,ABN,389.0,5.0,satyavedu.png,adimulam koneti,YSRCP,Satyavedu_sc,0,0,0,0,0,0,0,0,0,0,0,0,0,0,0,0,0,0,0,0
CVHY97CDazE,2023-01-09,-0.9970141649246216,9528.0,Sakshi,93.0,30.0,satyavedu.png,adimulam koneti,YSRCP,Satyavedu_sc,1,0,0,0,1,1,1,0,0,0,0,0,0,1,0,0,1,0,1,1
CsUqocr1v4c,2023-01-10,-0.9986187219619752,337901.0,TV9,469.0,518.0,satyavedu.png,adimulam koneti,YSRCP,Satyavedu_sc,0,0,0,0,0,0,0,0,0,0,0,0,0,0,0,0,0,0,0,0
L6-ZtTrJgxI,2023-01-10,-0.98807692527771,2148.0,TV5,140.0,2.0,satyavedu.png,adimulam koneti,YSRCP,Satyavedu_sc,0,0,0,0,0,0,0,0,0,0,0,0,0,0,0,0,0,0,0,0
l1-6yQdSoFM,2023-01-10,-0.992010235786438,52066.0,TV9,59.0,109.0,satyavedu.png,adimulam koneti,YSRCP,Satyavedu_sc,0,0,1,1,0,0,0,0,0,1,0,0,0,0,0,0,1,0,0,1
zgJM7sMWww8,2023-01-10,-0.9966267347335817,449.0,ABN,552.0,0.0,satyavedu.png,adimulam koneti,YSRCP,Satyavedu_sc,0,0,0,0,0,0,0,0,0,0,0,0,0,0,0,0,0,0,0,0
siZMassigOs,2023-01-13,-0.987287163734436,4407.0,TV5,270.0,5.0,satyavedu.png,adimulam koneti,YSRCP,Satyavedu_sc,0,1,0,0,0,0,0,0,0,0,0,0,0,0,0,0,0,0,0,0
Nz0kl3t2qHw,2023-01-13,0.9752527475357056,2310.0,TV9,110.0,2.0,satyavedu.png,adimulam koneti,YSRCP,Satyavedu_sc,0,0,0,0,0,0,0,0,0,0,0,0,0,0,0,0,0,0,0,0
6vhYsHNcgHM,2023-01-14,-0.9979968667030334,4435.0,TV5,321.0,0.0,satyavedu.png,adimulam koneti,YSRCP,Satyavedu_sc,0,1,0,1,0,0,0,0,0,0,0,0,0,0,0,0,0,0,0,0
QGpUJC1cPvU,2023-01-16,0.9840049743652344,6745.0,TV5,331.0,7.0,satyavedu.png,adimulam koneti,YSRCP,Satyavedu_sc,1,0,0,0,1,0,0,0,0,0,0,0,0,0,0,0,0,0,0,0
bqxvLQpDu_8,2023-01-16,0.9868071675300598,1045.0,ABN,151.0,2.0,satyavedu.png,adimulam koneti,YSRCP,Satyavedu_sc,1,0,0,0,0,0,0,0,0,0,0,0,0,0,0,0,0,0,0,0
jgpcBGP2zTM,2023-01-18,-0.9925937056541444,2644.0,Sakshi,306.0,30.0,satyavedu.png,adimulam koneti,YSRCP,Satyavedu_sc,0,0,0,0,0,1,1,0,0,0,0,0,0,0,0,0,0,0,0,0
-YyV8Lb_e3Q,2023-01-20,0.9971005320549012,7437.0,TV9,325.0,1.0,satyavedu.png,adimulam koneti,YSRCP,Satyavedu_sc,0,0,0,0,0,0,0,0,0,0,0,0,0,0,0,0,0,0,0,0
MtUwe8RgURA,2023-01-21,-0.9725297689437866,5840.0,TV5,222.0,5.0,satyavedu.png,adimulam koneti,YSRCP,Satyavedu_sc,1,1,0,0,1,1,0,1,0,0,0,0,0,0,0,0,0,0,0,0
PHtrPItGFmU,2023-01-22,0.9934050440788268,659.0,ABN,570.0,0.0,satyavedu.png,adimulam koneti,YSRCP,Satyavedu_sc,0,0,0,0,0,0,0,0,0,0,0,0,0,0,0,0,0,0,0,0
jKrGG-H6JI8,2023-01-22,0.9986045956611632,6952.0,ABN,261.0,0.0,satyavedu.png,adimulam koneti,YSRCP,Satyavedu_sc,1,0,1,0,0,0,0,1,1,0,0,0,0,0,0,0,1,0,0,0
lf66sE8TVxI,2023-01-22,-0.9981685876846312,535.0,TV5,168.0,1.0,satyavedu.png,adimulam koneti,YSRCP,Satyavedu_sc,0,0,0,0,1,0,0,0,0,0,0,0,0,0,0,0,0,0,0,0
mlIOWp8E0-8,2023-01-22,-0.9929344654083252,2925.0,Sakshi,329.0,3.0,satyavedu.png,adimulam koneti,YSRCP,Satyavedu_sc,1,0,0,0,1,0,0,0,0,0,0,0,0,0,0,0,0,0,0,0
IPf565j5VSI,2023-01-23,-0.9862528443336488,5079.0,TV5,315.0,11.0,satyavedu.png,adimulam koneti,YSRCP,Satyavedu_sc,0,1,0,0,0,1,1,1,0,0,0,0,0,0,0,0,0,0,0,0
cUDHdLnvlqs,2023-01-23,-0.992651641368866,1071.0,ABN,241.0,0.0,satyavedu.png,adimulam koneti,YSRCP,Satyavedu_sc,0,0,0,0,0,0,0,0,1,0,0,0,0,0,0,0,0,0,0,0
RDUqq1BfOQU,2023-01-23,-0.9965294003486632,11938.0,Sakshi,542.0,88.0,satyavedu.png,adimulam koneti,YSRCP,Satyavedu_sc,0,0,0,0,0,0,1,0,0,0,0,0,0,0,0,0,0,0,0,0
4tnAlUDjrXs,2023-01-23,-0.9959712624549866,7577.0,Sakshi,519.0,29.0,satyavedu.png,adimulam koneti,YSRCP,Satyavedu_sc,0,0,0,0,0,0,1,0,0,0,0,0,0,0,0,0,0,0,0,0
d6sNafOw8fU,2023-01-24,-0.9968799352645874,8741.0,TV9,375.0,11.0,satyavedu.png,adimulam koneti,YSRCP,Satyavedu_sc,0,1,1,0,0,0,0,0,1,0,0,0,0,1,0,0,1,0,0,0
NRS0cYBFWDY,2023-01-24,-0.996135115623474,1987.0,TV9,320.0,7.0,satyavedu.png,adimulam koneti,YSRCP,Satyavedu_sc,0,0,0,0,0,0,0,0,0,0,0,0,0,0,0,0,0,0,0,0
ny2BgLaPzl4,2023-01-24,-0.6037076711654663,980.0,TV5,340.0,0.0,satyavedu.png,adimulam koneti,YSRCP,Satyavedu_sc,1,0,1,1,0,0,0,0,0,0,0,0,0,0,0,0,0,0,0,0
QIw9yj_N4XA,2023-01-25,-0.9937717318534852,2146.0,TV5,210.0,4.0,satyavedu.png,adimulam koneti,YSRCP,Satyavedu_sc,0,0,0,0,0,0,0,0,1,0,0,0,0,0,0,0,0,0,0,0
FPY644yztwU,2023-01-25,-0.9982872605323792,639.0,ABN,325.0,1.0,satyavedu.png,adimulam koneti,YSRCP,Satyavedu_sc,1,1,1,0,1,0,1,0,1,1,0,1,0,1,0,0,1,0,0,0
kKEs8G3MV6Y,2023-01-25,-0.9943991303443908,619.0,ABN,126.0,4.0,satyavedu.png,adimulam koneti,YSRCP,Satyavedu_sc,1,1,1,1,0,1,1,0,0,1,0,0,0,0,0,0,0,1,1,0
tRGLAua5Nvk,2023-01-25,-0.998971700668335,1187.0,ABN,320.0,1.0,satyavedu.png,adimulam koneti,YSRCP,Satyavedu_sc,1,1,1,0,1,0,1,0,1,0,0,0,0,0,0,1,1,0,0,0
iCB_U7QMDTU,2023-01-26,0.9944376945495604,8532.0,Sakshi,502.0,21.0,satyavedu.png,adimulam koneti,YSRCP,Satyavedu_sc,0,0,0,0,1,1,1,1,0,0,0,0,0,0,0,0,0,0,0,0
6m7Iky8IgTk,2023-01-26,-0.9989890456199646,26415.0,TV9,483.0,106.0,satyavedu.png,adimulam koneti,YSRCP,Satyavedu_sc,0,0,1,1,0,0,1,0,0,0,0,0,0,0,0,0,0,0,0,0
muEkZQS3KWY,2023-01-28,0.9987245202064514,913.0,ABN,473.0,0.0,satyavedu.png,adimulam koneti,YSRCP,Satyavedu_sc,0,0,0,0,0,0,0,0,0,0,0,0,0,0,0,0,0,0,0,0
tI6jHJrELNw,2023-01-28,-0.9991403818130492,726.0,ABN,365.0,0.0,satyavedu.png,adimulam koneti,YSRCP,Satyavedu_sc,0,0,0,0,0,0,0,0,1,0,0,0,0,0,0,0,0,0,0,0
vSoxEnncWhY,2023-01-30,0.9554237127304076,1163.0,TV9,226.0,0.0,satyavedu.png,adimulam koneti,YSRCP,Satyavedu_sc,0,0,0,1,0,0,0,0,0,0,0,0,0,0,0,0,0,0,0,0
4TG3Dibd0sU,2023-01-30,0.9933307766914368,6606.0,TV9,250.0,1.0,satyavedu.png,adimulam koneti,YSRCP,Satyavedu_sc,0,0,0,0,0,0,0,0,0,0,0,0,0,0,0,0,0,0,0,0
fY3SobFHjGA,2023-01-30,-0.9938167929649352,6314.0,TV9,322.0,15.0,satyavedu.png,adimulam koneti,YSRCP,Satyavedu_sc,0,0,0,0,0,0,0,0,0,0,0,0,0,0,0,0,0,0,0,0
SbvqQfEYERg,2023-01-30,-0.996911346912384,15269.0,TV9,112.0,12.0,satyavedu.png,adimulam koneti,YSRCP,Satyavedu_sc,0,0,0,0,0,0,0,0,0,0,0,0,0,0,0,0,0,0,0,0
-xK670mzrsk,2023-02-01,-0.9984266757965088,8154.0,ABN,355.0,4.0,satyavedu.png,adimulam koneti,YSRCP,Satyavedu_sc,0,1,1,0,1,0,0,0,1,0,0,0,0,0,0,0,0,0,0,0
-yDugtNoiOM,2023-02-01,-0.9991206526756288,110640.0,TV5,515.0,68.0,satyavedu.png,adimulam koneti,YSRCP,Satyavedu_sc,1,1,1,0,1,0,0,0,0,0,0,0,0,0,0,0,0,0,1,0
sD8_y68T5tY,2023-02-01,-0.983382523059845,32635.0,ABN,373.0,9.0,satyavedu.png,adimulam koneti,YSRCP,Satyavedu_sc,0,0,0,0,0,0,0,0,1,0,0,0,0,0,0,0,0,0,0,0
U1mPKhIHjJk,2023-02-01,-0.9989338517189026,18778.0,ABN,362.0,25.0,satyavedu.png,adimulam koneti,YSRCP,Satyavedu_sc,1,0,0,1,0,0,0,0,0,0,0,0,0,0,0,1,0,0,0,0
H_fyEifBMTs,2023-02-02,-0.9968119263648988,833.0,TV9,405.0,0.0,satyavedu.png,adimulam koneti,YSRCP,Satyavedu_sc,0,0,0,0,0,0,0,0,0,0,0,0,0,0,0,0,0,0,0,0
L9wd6GFDvEs,2023-02-02,-0.9969971179962158,16843.0,Sakshi,350.0,27.0,satyavedu.png,adimulam koneti,YSRCP,Satyavedu_sc,0,0,0,0,0,0,0,0,0,0,0,0,0,0,0,0,0,0,0,0
axPXZOSmThY,2023-02-02,0.9979240894317628,917.0,TV9,231.0,0.0,satyavedu.png,adimulam koneti,YSRCP,Satyavedu_sc,0,0,0,0,0,0,0,0,0,0,0,0,0,0,0,0,0,0,0,0
t8AoRSuVge4,2023-02-03,-0.9899349808692932,1325.0,TV9,49.0,0.0,satyavedu.png,adimulam koneti,YSRCP,Satyavedu_sc,0,0,0,0,0,0,0,0,0,0,0,0,0,0,0,0,0,0,0,0
sKghzECqKUY,2023-02-03,0.9981745481491088,3315.0,TV9,139.0,3.0,satyavedu.png,adimulam koneti,YSRCP,Satyavedu_sc,0,0,0,0,0,0,0,0,0,0,0,0,0,0,0,0,0,0,0,0
-h4Zym4OrrY,2023-02-03,-0.9845870733261108,12460.0,Sakshi,129.0,27.0,satyavedu.png,adimulam koneti,YSRCP,Satyavedu_sc,0,0,1,0,0,0,0,0,0,0,0,0,1,0,0,0,0,0,1,0
H06BF4eTEkk,2023-02-03,0.9886173605918884,873.0,TV5,120.0,0.0,satyavedu.png,adimulam koneti,YSRCP,Satyavedu_sc,0,0,0,0,0,0,0,0,0,0,0,0,0,0,0,0,0,0,0,0
yFl6Y98TFD0,2023-02-04,-0.7895538210868835,11588.0,TV5,301.0,9.0,satyavedu.png,adimulam koneti,YSRCP,Satyavedu_sc,0,0,0,0,1,0,0,0,0,0,0,0,0,0,0,0,0,0,0,0
F_sNfapkcGk,2023-02-04,-0.9986329674720764,2856.0,TV9,287.0,13.0,satyavedu.png,adimulam koneti,YSRCP,Satyavedu_sc,0,0,0,0,0,0,0,0,0,0,0,0,0,0,0,1,0,0,0,0
4jvSzQf25NI,2023-02-05,0.9950119256973268,16027.0,TV9,137.0,39.0,satyavedu.png,adimulam koneti,YSRCP,Satyavedu_sc,0,0,0,0,0,0,0,0,0,0,0,0,0,0,0,0,0,0,0,0
mrcM_aUrSS8,2023-02-05,-0.9837990999221802,2438.0,Sakshi,198.0,9.0,satyavedu.png,adimulam koneti,YSRCP,Satyavedu_sc,0,0,0,0,0,1,1,0,0,0,0,0,0,1,0,0,0,0,0,0
5Q9SJVCb1XM,2023-02-06,0.9884244203567504,10577.0,Sakshi,503.0,29.0,satyavedu.png,adimulam koneti,YSRCP,Satyavedu_sc,0,0,0,0,0,0,0,0,0,0,0,0,0,0,0,0,0,0,0,0
Wp-MFac5IqE,2023-02-06,-0.997955322265625,1840.0,ABN,342.0,1.0,satyavedu.png,adimulam koneti,YSRCP,Satyavedu_sc,0,0,0,0,0,0,0,0,1,0,0,0,0,0,0,0,0,0,0,0
6x2OOry-UHI,2023-02-08,0.9873347282409668,169665.0,TV5,529.0,149.0,satyavedu.png,adimulam koneti,YSRCP,Satyavedu_sc,0,0,0,0,0,0,0,0,0,0,0,0,0,0,0,0,0,0,0,0
Om6I7gVIfGs,2023-02-09,0.9927799105644226,9167.0,Sakshi,535.0,18.0,satyavedu.png,adimulam koneti,YSRCP,Satyavedu_sc,0,0,0,0,0,0,0,0,0,0,0,0,0,0,0,0,0,0,0,0
a2qMOYmKta8,2023-02-09,0.9950659275054932,2890.0,TV9,296.0,9.0,satyavedu.png,adimulam koneti,YSRCP,Satyavedu_sc,0,0,0,0,0,0,0,0,1,0,0,0,0,0,0,0,0,0,0,0
OMhfn9x54A4,2023-02-10,0.9983256459236144,9239.0,Sakshi,476.0,18.0,satyavedu.png,adimulam koneti,YSRCP,Satyavedu_sc,0,0,1,0,0,1,0,1,0,1,0,0,0,0,0,0,0,0,0,0
ELF_0crPDL8,2023-02-11,-0.9994810223579408,2776.0,TV9,261.0,0.0,satyavedu.png,adimulam koneti,YSRCP,Satyavedu_sc,0,0,0,0,0,0,0,0,0,1,0,0,0,0,0,0,0,0,0,0
9J2NTRo4C24,2023-02-11,0.9596900939941406,860.0,ABN,311.0,3.0,satyavedu.png,adimulam koneti,YSRCP,Satyavedu_sc,0,0,0,0,0,0,0,0,0,0,0,0,1,0,0,0,0,0,0,0
PPIdx46hHWg,2023-02-11,-0.9800782203674316,1949.0,ABN,243.0,4.0,satyavedu.png,adimulam koneti,YSRCP,Satyavedu_sc,0,1,1,1,0,1,0,1,0,0,0,1,0,0,0,0,0,1,1,0
TefNx8Ftgp0,2023-02-12,0.9966400861740112,868.0,TV9,472.0,0.0,satyavedu.png,adimulam koneti,YSRCP,Satyavedu_sc,0,0,0,0,0,0,0,0,0,0,0,0,0,0,0,0,0,0,0,0
5yie0akyaTU,2023-02-13,0.9961180686950684,3103.0,Sakshi,555.0,4.0,satyavedu.png,adimulam koneti,YSRCP,Satyavedu_sc,0,0,0,0,1,0,0,0,0,0,0,0,0,0,0,0,0,0,0,0
SFO4JUb7X6E,2023-02-15,0.9987127780914308,1472.0,Sakshi,286.0,1.0,satyavedu.png,adimulam koneti,YSRCP,Satyavedu_sc,0,0,0,0,1,0,0,0,0,0,0,0,0,0,1,0,0,0,0,0
NBmK35CrA2s,2023-02-16,-0.9964973330497742,8652.0,TV5,63.0,21.0,satyavedu.png,adimulam koneti,YSRCP,Satyavedu_sc,1,1,1,0,1,0,0,0,0,0,0,0,0,0,0,0,0,0,0,0
JzHRKWsbUAU,2023-02-18,0.6460383534431458,23914.0,TV5,455.0,54.0,satyavedu.png,adimulam koneti,YSRCP,Satyavedu_sc,0,0,0,0,0,1,0,0,0,0,0,0,0,0,0,0,0,0,0,0
OTfy_NHpbX4,2023-02-19,-0.9959136843681335,2229.0,TV9,98.0,0.0,satyavedu.png,adimulam koneti,YSRCP,Satyavedu_sc,0,0,0,0,0,0,0,0,0,0,0,0,0,0,0,0,1,0,0,0
c-evJEltya8,2023-02-20,0.9985876083374025,735.0,TV9,81.0,0.0,satyavedu.png,adimulam koneti,YSRCP,Satyavedu_sc,0,0,0,0,0,0,0,0,0,0,0,0,0,0,0,0,0,0,0,0
R1Fc4rHUENw,2023-02-20,-0.9974417686462402,9543.0,TV5,126.0,6.0,satyavedu.png,adimulam koneti,YSRCP,Satyavedu_sc,1,0,1,0,0,1,0,0,1,0,0,0,0,0,0,0,0,0,1,0
BiMKAul9Jx0,2023-02-23,0.9958013892173768,2903.0,TV5,330.0,1.0,satyavedu.png,adimulam koneti,YSRCP,Satyavedu_sc,1,0,0,1,0,1,0,0,0,0,1,1,0,0,0,0,1,0,0,0
FAAXun_aosg,2023-02-23,-0.9891349077224731,7148.0,TV5,140.0,4.0,satyavedu.png,adimulam koneti,YSRCP,Satyavedu_sc,1,1,1,1,0,0,1,0,0,1,1,0,0,0,0,0,1,0,1,0
O8bcvpILuQ8,2023-02-23,0.9983585476875304,2913.0,ABN,140.0,3.0,satyavedu.png,adimulam koneti,YSRCP,Satyavedu_sc,0,0,0,0,0,0,0,0,0,0,0,0,0,0,0,0,0,0,0,0
sFQ3ep_tI2o,2023-02-23,-0.9985243678092957,2246.0,TV9,345.0,6.0,satyavedu.png,adimulam koneti,YSRCP,Satyavedu_sc,0,0,0,0,0,0,0,0,0,0,0,0,0,0,0,0,0,0,0,0
05y6v4gct88,2023-02-25,-0.9882110357284546,457.0,ABN,251.0,0.0,satyavedu.png,adimulam koneti,YSRCP,Satyavedu_sc,0,0,0,1,1,0,0,0,1,1,0,0,0,0,0,0,0,0,0,0
UiMhgB4XzVQ,2023-02-25,-0.9988250136375428,4643.0,ABN,295.0,4.0,satyavedu.png,adimulam koneti,YSRCP,Satyavedu_sc,0,1,1,0,1,0,0,0,0,0,0,0,0,0,0,0,0,0,0,0
j_f_i8Gu0VE,2023-02-25,-0.9994908571243286,1016.0,TV9,349.0,7.0,satyavedu.png,adimulam koneti,YSRCP,Satyavedu_sc,1,1,1,1,1,0,0,0,0,1,0,0,1,1,1,0,0,1,1,0
Lzar47DZbq4,2023-02-25,-0.9992128610610962,375.0,ABN,316.0,0.0,satyavedu.png,adimulam koneti,YSRCP,Satyavedu_sc,0,0,0,0,0,0,0,0,1,0,0,0,0,0,0,1,0,0,0,0
Xgqfrc3rfRo,2023-02-26,0.9700798988342284,854.0,Sakshi,100.0,1.0,satyavedu.png,adimulam koneti,YSRCP,Satyavedu_sc,0,1,1,1,1,0,0,0,1,0,0,0,0,0,0,0,0,0,0,0
IkBDKVoslEE,2023-02-27,0.9861905574798584,1130.0,TV9,276.0,1.0,satyavedu.png,adimulam koneti,YSRCP,Satyavedu_sc,0,0,0,0,0,0,0,0,0,0,0,0,0,0,0,0,0,0,0,0
aPGBCQddbls,2023-02-28,-0.9950190782546996,1503.0,ABN,190.0,6.0,satyavedu.png,adimulam koneti,YSRCP,Satyavedu_sc,0,0,0,0,0,0,0,0,0,0,0,0,0,0,0,0,0,0,0,0
fivLgqnsG5Y,2023-02-28,-0.9984241724014282,1787.0,ABN,214.0,5.0,satyavedu.png,adimulam koneti,YSRCP,Satyavedu_sc,0,0,0,0,0,0,0,0,0,0,1,0,0,0,1,0,0,0,0,0
iP8LPdEalCQ,2023-02-28,0.996977686882019,1495.0,ABN,304.0,2.0,satyavedu.png,adimulam koneti,YSRCP,Satyavedu_sc,0,0,0,0,0,0,0,0,1,0,1,1,0,0,1,1,1,0,0,0
ZeY3-fUUv9Q,2023-02-28,0.9103851318359376,1866.0,ABN,195.0,7.0,satyavedu.png,adimulam koneti,YSRCP,Satyavedu_sc,0,0,0,0,0,0,0,0,1,0,1,1,0,0,1,0,1,0,0,0
A21WYxU8Xa8,2023-02-28,0.9948301911354064,346.0,ABN,219.0,3.0,satyavedu.png,adimulam koneti,YSRCP,Satyavedu_sc,0,0,0,0,0,0,0,0,1,0,1,0,0,0,1,0,0,0,0,0
REayEaS-poM,2023-02-28,0.9952741861343384,1805.0,ABN,181.0,9.0,satyavedu.png,adimulam koneti,YSRCP,Satyavedu_sc,0,0,0,0,0,0,0,0,1,0,1,0,0,0,0,0,0,0,0,0
Tf043gVX_7M,2023-02-28,0.9910833835601808,1261.0,ABN,325.0,1.0,satyavedu.png,adimulam koneti,YSRCP,Satyavedu_sc,0,0,0,0,0,0,0,0,0,0,0,0,0,0,1,0,0,0,0,0
vcYX6r2cVSk,2023-03-02,-0.9990400671958924,59168.0,TV9,158.0,35.0,satyavedu.png,adimulam koneti,YSRCP,Satyavedu_sc,0,0,0,0,0,0,0,0,0,0,0,0,0,0,0,0,0,0,1,0
o3J4meVjBo4,2023-03-02,0.9979950189590454,1196.0,TV9,282.0,3.0,satyavedu.png,adimulam koneti,YSRCP,Satyavedu_sc,0,0,0,0,0,0,0,0,1,0,1,0,0,0,1,0,0,0,0,0
EXXXYSEOMjU,2023-03-03,-0.9981176853179932,4628.0,ABN,294.0,43.0,satyavedu.png,adimulam koneti,YSRCP,Satyavedu_sc,0,0,0,0,0,0,0,0,1,0,0,0,0,0,0,0,0,0,0,0
QY4Z7T-faKU,2023-03-03,-0.9994619488716124,9014.0,ABN,320.0,42.0,satyavedu.png,adimulam koneti,YSRCP,Satyavedu_sc,0,0,0,0,0,0,0,0,1,0,0,0,0,0,1,1,0,0,1,0
fZ_dyHA40hg,2023-03-04,0.9984912872314452,1735.0,ABN,280.0,4.0,satyavedu.png,adimulam koneti,YSRCP,Satyavedu_sc,0,0,0,1,0,0,0,0,1,0,0,0,0,0,0,1,0,0,0,0
a-6L9fXGErs,2023-03-06,-0.9990127086639404,1671.0,TV5,185.0,3.0,satyavedu.png,adimulam koneti,YSRCP,Satyavedu_sc,1,1,1,1,0,1,1,0,0,0,0,0,0,1,0,0,0,0,0,0
r9RxQ-FeGbY,2023-03-06,-0.999500036239624,1254.0,TV5,235.0,3.0,satyavedu.png,adimulam koneti,YSRCP,Satyavedu_sc,0,1,1,1,1,0,0,0,0,0,0,0,0,1,1,0,0,0,0,0
3SOoNF27TQc,2023-03-07,-0.994496524333954,3969.0,ABN,190.0,2.0,satyavedu.png,adimulam koneti,YSRCP,Satyavedu_sc,0,0,0,0,0,0,0,0,0,0,0,0,0,0,0,0,0,0,0,0
g3-nYucek1Y,2023-03-07,-0.999324917793274,434.0,TV9,277.0,0.0,satyavedu.png,adimulam koneti,YSRCP,Satyavedu_sc,0,0,0,0,0,0,0,0,0,0,0,0,0,0,0,0,0,0,0,0
q7SVpGgl0jk,2023-03-07,-0.999419331550598,586.0,TV9,265.0,0.0,satyavedu.png,adimulam koneti,YSRCP,Satyavedu_sc,0,0,0,0,0,0,0,0,0,0,0,0,0,0,0,0,0,0,0,0
L_5Da58XxZc,2023-03-08,-0.9828224778175354,10008.0,Sakshi,176.0,14.0,satyavedu.png,adimulam koneti,YSRCP,Satyavedu_sc,0,0,0,0,0,1,0,1,0,1,0,0,0,0,0,0,0,0,0,0
74kIEeJYWII,2023-03-08,-0.9921786785125732,577.0,TV9,163.0,0.0,satyavedu.png,adimulam koneti,YSRCP,Satyavedu_sc,0,0,0,0,0,0,0,0,0,0,0,0,1,0,0,0,0,0,0,0
gioZExNxFbA,2023-03-08,0.9957088232040404,29657.0,TV5,355.0,52.0,satyavedu.png,adimulam koneti,YSRCP,Satyavedu_sc,0,1,0,0,0,0,0,0,1,0,1,0,0,0,1,0,0,0,0,0
uWCZ1Oo8OME,2023-03-08,0.9896200299263,11694.0,Sakshi,166.0,32.0,satyavedu.png,adimulam koneti,YSRCP,Satyavedu_sc,0,0,0,0,1,1,0,1,0,0,0,0,0,0,0,1,0,0,0,0
DG66pA_xSJU,2023-03-08,-0.9936671853065492,724.0,TV9,164.0,2.0,satyavedu.png,adimulam koneti,YSRCP,Satyavedu_sc,0,0,0,0,0,0,0,0,0,0,0,0,0,0,0,0,0,0,0,1
iYQuQYbCIu4,2023-03-09,0.9893669486045836,1277.0,TV5,263.0,0.0,satyavedu.png,adimulam koneti,YSRCP,Satyavedu_sc,0,0,0,0,0,0,0,0,0,0,0,0,0,0,0,0,0,0,0,0
LRqH3aFZkGI,2023-03-12,0.997954249382019,2671.0,TV9,100.0,2.0,satyavedu.png,adimulam koneti,YSRCP,Satyavedu_sc,0,0,0,0,0,0,0,0,0,0,0,0,0,0,0,0,0,0,0,0
66lXkdZOR7I,2023-03-13,0.9245645999908448,995.0,TV9,261.0,2.0,satyavedu.png,adimulam koneti,YSRCP,Satyavedu_sc,0,0,0,0,0,0,0,0,0,0,0,0,0,0,0,0,0,0,0,0
Frfw9LMux1k,2023-03-13,0.9987025260925292,2288.0,TV9,205.0,3.0,satyavedu.png,adimulam koneti,YSRCP,Satyavedu_sc,1,1,1,1,0,1,0,0,0,0,0,0,0,0,1,1,1,0,0,0
9bEsNkfwplw,2023-03-13,0.9983876943588256,3433.0,TV5,162.0,15.0,satyavedu.png,adimulam koneti,YSRCP,Satyavedu_sc,1,0,0,1,0,1,0,0,0,0,0,1,0,0,0,0,1,0,0,0
T4BgIvywAgM,2023-03-14,-0.9866182208061218,1782.0,TV9,262.0,5.0,satyavedu.png,adimulam koneti,YSRCP,Satyavedu_sc,0,0,0,0,1,1,1,0,0,0,0,0,0,1,0,0,1,0,0,0
Kuox5Yz7JTQ,2023-03-16,-0.9994826316833496,2640.0,Sakshi,253.0,1.0,satyavedu.png,adimulam koneti,YSRCP,Satyavedu_sc,0,0,1,1,0,0,0,1,0,1,0,0,0,0,0,0,0,0,0,0
9WYkd-ILIr0,2023-03-16,0.9923918843269348,61696.0,TV9,264.0,20.0,satyavedu.png,adimulam koneti,YSRCP,Satyavedu_sc,0,0,0,0,0,0,0,0,1,0,0,0,0,0,0,0,0,0,0,0
3d3-S2345ek,2023-03-17,-0.9990990161895752,1684.0,ABN,128.0,3.0,satyavedu.png,adimulam koneti,YSRCP,Satyavedu_sc,1,0,0,0,0,0,0,0,1,0,0,0,0,0,0,0,0,0,0,0
BtapOgEgc9w,2023-03-18,0.9952362179756165,1079.0,TV9,281.0,7.0,satyavedu.png,adimulam koneti,YSRCP,Satyavedu_sc,0,0,0,0,0,0,0,0,0,0,0,0,0,0,0,0,0,0,0,0
wOMxrvW6TQg,2023-03-18,0.9830312728881836,830.0,ABN,190.0,1.0,satyavedu.png,adimulam koneti,YSRCP,Satyavedu_sc,0,0,0,0,0,0,0,0,0,0,0,0,0,0,0,0,0,0,0,0
_5BOAtQb4vA,2023-03-18,-0.9954798221588136,686.0,ABN,125.0,1.0,satyavedu.png,adimulam koneti,YSRCP,Satyavedu_sc,0,0,0,0,0,0,0,0,0,0,0,0,0,0,0,0,0,0,0,0
reAy_U7s78I,2023-03-18,-0.997778594493866,139700.0,TV5,288.0,186.0,satyavedu.png,adimulam koneti,YSRCP,Satyavedu_sc,1,1,1,0,0,1,0,0,0,0,0,1,0,0,0,0,0,0,1,0
A9K0_HdBArc,2023-03-19,-0.998653769493103,12278.0,TV9,251.0,22.0,satyavedu.png,adimulam koneti,YSRCP,Satyavedu_sc,0,0,0,0,0,0,0,0,0,0,0,0,0,1,0,0,0,0,0,0
GvIIC363C6Q,2023-03-20,-0.9981836676597596,17980.0,TV5,195.0,10.0,satyavedu.png,adimulam koneti,YSRCP,Satyavedu_sc,0,1,1,0,1,1,1,0,1,0,0,0,0,0,1,1,0,0,0,0
hH2HM8ABcOs,2023-03-21,-0.9952720999717712,1210.0,TV9,272.0,11.0,satyavedu.png,adimulam koneti,YSRCP,Satyavedu_sc,0,0,0,0,0,0,0,0,0,0,0,0,0,0,0,0,0,0,0,0
CcyD3UVcR1M,2023-03-21,-0.9972527623176576,6004.0,TV9,206.0,17.0,satyavedu.png,adimulam koneti,YSRCP,Satyavedu_sc,0,0,0,0,0,0,0,0,0,0,0,0,0,0,0,0,0,0,0,0
7DVXTD1aSc0,2023-03-21,-0.9980588555336,797.0,TV9,271.0,2.0,satyavedu.png,adimulam koneti,YSRCP,Satyavedu_sc,0,0,0,1,0,0,0,0,0,0,0,0,0,0,0,0,0,0,0,0
551vgC1FCbc,2023-03-21,-0.9928579330444336,3892.0,TV9,157.0,3.0,satyavedu.png,adimulam koneti,YSRCP,Satyavedu_sc,0,0,0,0,0,0,1,0,0,0,0,0,0,1,0,0,0,0,0,0
mrdOsdWF3BI,2023-03-21,-0.986257791519165,3956.0,TV9,294.0,5.0,satyavedu.png,adimulam koneti,YSRCP,Satyavedu_sc,0,0,0,0,0,0,1,0,1,0,0,0,0,0,0,0,1,0,0,0
-wwPsv64i0k,2023-03-21,0.974958598613739,525.0,TV9,274.0,0.0,satyavedu.png,adimulam koneti,YSRCP,Satyavedu_sc,0,0,1,1,0,0,0,0,0,0,0,0,0,0,0,0,1,0,0,0
GGKXDEgh2eE,2023-03-21,-0.9991395473480223,2512.0,TV9,81.0,2.0,satyavedu.png,adimulam koneti,YSRCP,Satyavedu_sc,0,0,0,0,0,0,1,0,0,0,0,0,0,0,0,1,0,0,0,0
lm1xL9-yxJw,2023-03-21,0.9883939027786256,12656.0,TV9,312.0,29.0,satyavedu.png,adimulam koneti,YSRCP,Satyavedu_sc,0,0,0,0,0,0,1,0,1,0,0,0,0,1,0,0,0,0,0,0
4OcgnUd59tk,2023-03-21,0.9887928366661072,2200.0,TV9,172.0,0.0,satyavedu.png,adimulam koneti,YSRCP,Satyavedu_sc,0,0,0,0,0,0,0,0,0,0,0,0,0,1,0,0,1,0,0,0
pX_Gzhqhf_g,2023-03-21,-0.9982728958129884,774.0,TV9,273.0,4.0,satyavedu.png,adimulam koneti,YSRCP,Satyavedu_sc,0,0,0,0,0,0,0,0,1,0,0,0,0,0,0,0,0,0,0,0
s8ZGy-iwKJU,2023-03-21,-0.9777081608772278,985.0,TV9,271.0,8.0,satyavedu.png,adimulam koneti,YSRCP,Satyavedu_sc,0,0,0,1,0,0,0,0,0,0,0,0,0,0,0,0,0,0,0,0
VN1f1yQdl8E,2023-03-21,-0.9994305968284608,2405.0,TV9,111.0,0.0,satyavedu.png,adimulam koneti,YSRCP,Satyavedu_sc,0,0,0,0,0,0,0,0,1,0,0,0,0,1,0,0,0,0,0,0
7xeblGFcws0,2023-03-21,-0.9989250302314758,1149.0,TV9,275.0,5.0,satyavedu.png,adimulam koneti,YSRCP,Satyavedu_sc,0,0,0,0,0,0,0,0,0,0,0,0,0,0,0,0,0,0,0,0
j6Yw_M4v1yw,2023-03-22,-0.9981899857521056,2124.0,TV9,287.0,1.0,satyavedu.png,adimulam koneti,YSRCP,Satyavedu_sc,0,0,0,0,0,0,1,0,1,0,0,0,0,0,0,0,1,0,0,0
RFGo64EXQPs,2023-03-23,-0.9958861470222472,2293.0,TV5,101.0,1.0,satyavedu.png,adimulam koneti,YSRCP,Satyavedu_sc,0,1,1,0,0,1,0,0,1,0,0,0,0,0,0,0,0,0,0,0
A5gALUcAvy0,2023-03-23,-0.9975242018699646,7374.0,ABN,305.0,6.0,satyavedu.png,adimulam koneti,YSRCP,Satyavedu_sc,0,0,0,0,0,0,0,0,0,0,0,0,0,0,0,0,0,0,0,0
CzgAJRSRHdY,2023-03-23,-0.9994797110557556,33194.0,TV5,175.0,62.0,satyavedu.png,adimulam koneti,YSRCP,Satyavedu_sc,1,1,1,0,1,1,0,0,1,0,0,0,0,0,0,1,0,0,0,0
q7fl4r9e_fQ,2023-03-23,-0.997336447238922,2926.0,TV5,185.0,4.0,satyavedu.png,adimulam koneti,YSRCP,Satyavedu_sc,0,1,1,0,0,0,0,0,0,0,0,0,0,0,0,0,0,0,0,0
fYkX27wVrck,2023-03-26,0.9863333106040956,25961.0,TV5,151.0,44.0,satyavedu.png,adimulam koneti,YSRCP,Satyavedu_sc,1,0,0,0,0,0,0,0,0,0,0,0,0,0,0,0,0,0,0,0
ivVoWCPvjHI,2023-03-26,-0.995735764503479,83487.0,TV5,275.0,250.0,satyavedu.png,adimulam koneti,YSRCP,Satyavedu_sc,0,1,1,0,0,0,0,0,1,0,0,0,0,0,0,0,0,0,0,0
JRSsq5d-IrI,2023-03-27,-0.9950764775276184,1090.0,TV9,268.0,1.0,satyavedu.png,adimulam koneti,YSRCP,Satyavedu_sc,0,1,1,0,0,0,0,0,0,0,0,0,0,0,0,0,0,0,0,0
mEVitIx76vY,2023-03-27,-0.9967384934425354,966.0,ABN,347.0,0.0,satyavedu.png,adimulam koneti,YSRCP,Satyavedu_sc,0,0,0,0,0,0,0,0,0,0,0,0,0,0,0,0,0,0,0,0
t6C_g_Eqimg,2023-04-03,-0.9854425191879272,960.0,TV9,111.0,0.0,satyavedu.png,adimulam koneti,YSRCP,Satyavedu_sc,1,0,0,0,0,0,0,0,0,0,0,0,0,0,0,0,0,0,0,0
rZyG1DKD5w4,2023-04-04,-0.9976835250854492,960.0,TV9,263.0,0.0,satyavedu.png,adimulam koneti,YSRCP,Satyavedu_sc,0,0,0,0,0,0,0,0,0,0,0,0,0,0,0,0,0,0,0,0
xUIUNiCX044,2023-04-05,-0.9988849759101868,290.0,TV9,187.0,0.0,satyavedu.png,adimulam koneti,YSRCP,Satyavedu_sc,0,0,0,0,0,0,0,0,0,0,0,0,0,0,0,0,0,0,0,0
kowSEPmtG4E,2023-04-05,-0.999251425266266,2031.0,TV9,186.0,8.0,satyavedu.png,adimulam koneti,YSRCP,Satyavedu_sc,0,0,0,0,0,0,0,0,0,0,0,0,0,0,0,0,0,0,0,0
qENVec6lekg,2023-04-14,0.9924960136413574,3036.0,TV5,311.0,3.0,satyavedu.png,adimulam koneti,YSRCP,Satyavedu_sc,1,0,0,0,0,1,0,0,0,0,0,0,0,0,0,0,1,0,0,0
tx6SyVsC1Eg,2023-04-14,0.9969066977500916,1083.0,TV5,340.0,4.0,satyavedu.png,adimulam koneti,YSRCP,Satyavedu_sc,0,0,0,0,0,0,0,0,0,0,0,0,0,0,0,0,0,0,0,0
aPwchAJc8TU,2023-04-14,-0.9884519577026368,1163.0,TV5,311.0,0.0,satyavedu.png,adimulam koneti,YSRCP,Satyavedu_sc,0,0,0,0,0,1,0,0,0,0,0,0,0,0,0,0,1,0,0,0
Cs3PYZQWMNw,2023-04-17,-0.998285949230194,19137.0,TV5,261.0,47.0,satyavedu.png,adimulam koneti,YSRCP,Satyavedu_sc,0,1,1,0,0,1,0,0,0,0,0,0,0,0,1,0,0,0,0,0
wtEzK3cTya4,2023-04-18,0.996517539024353,1090.0,TV9,236.0,0.0,satyavedu.png,adimulam koneti,YSRCP,Satyavedu_sc,0,0,0,0,0,0,0,0,0,0,0,0,0,0,0,0,0,0,0,0
gN9mN8sBzds,2023-04-18,0.9949830770492554,3999.0,TV9,158.0,3.0,satyavedu.png,adimulam koneti,YSRCP,Satyavedu_sc,0,1,0,0,0,0,0,0,0,0,0,1,0,0,0,0,0,0,0,0
qOrSExaXQdw,2023-04-19,0.998335301876068,533.0,TV9,265.0,3.0,satyavedu.png,adimulam koneti,YSRCP,Satyavedu_sc,0,0,0,0,1,0,0,0,0,0,0,0,0,0,0,0,0,0,0,0
IqczDsK2BEg,2023-04-20,-0.998011827468872,1600.0,TV5,158.0,1.0,satyavedu.png,adimulam koneti,YSRCP,Satyavedu_sc,1,1,1,0,1,1,0,0,0,1,0,0,1,1,0,0,1,0,0,0
dbBROEwwBBg,2023-04-20,-0.9974615573883056,765.0,TV5,69.0,0.0,satyavedu.png,adimulam koneti,YSRCP,Satyavedu_sc,1,0,0,0,1,0,0,0,0,0,0,0,0,0,0,0,0,0,1,0
N9JPtRWM7cg,2023-04-22,-0.9966379404067992,813.0,TV9,200.0,0.0,satyavedu.png,adimulam koneti,YSRCP,Satyavedu_sc,0,0,0,0,0,0,0,0,0,0,0,0,0,0,0,0,0,0,0,0
DiLFK6fKong,2023-04-22,0.9980964064598083,23665.0,Sakshi,42897.0,7.0,satyavedu.png,adimulam koneti,YSRCP,Satyavedu_sc,0,0,1,0,0,1,0,1,0,0,0,0,0,0,0,0,0,0,0,0
