ids,upload_date,sentiment,view_count,uploader,duration,comment_count,f_id,name,party,constituency,tdp,ycp,ysrcp,schemes,cm jagan,chandrababu,pawan kalyan,nara lokesh,AP ,yuvagalam,amaravati,ambati rambabu,Kuppam,janasena party,ap employees,ap assembly session today,alliance,Peddireddy ,polavaram,visakha,byreddy siddharth reddy
nnj55STlXPg,2019-12-20,0.9982995390892028,56789.0,Sakshi,500.0,121.0,yerragondapalem.png,Audimulapu Suresh,YSRCP,Yerragondapalem,0,0,0,0,0,0,0,0,1,0,0,0,0,0,0,0,0,0,0,0,0
x7tXhdZSsCY,2019-12-23,0.9969614148139954,2537.0,Sakshi,574.0,3.0,yerragondapalem.png,Audimulapu Suresh,YSRCP,Yerragondapalem,0,0,0,0,0,0,0,0,0,0,0,0,0,0,0,0,0,0,0,0,0
7VsVVD4hVC4,2019-12-24,0.9987961053848268,2201.0,Sakshi,224.0,0.0,yerragondapalem.png,Audimulapu Suresh,YSRCP,Yerragondapalem,0,1,1,0,0,0,0,0,0,1,1,0,0,0,0,0,1,0,0,0,0
Liu2DRoXFm4,2020-03-09,0.997572124004364,3982.0,Sakshi,282.0,7.0,yerragondapalem.png,Audimulapu Suresh,YSRCP,Yerragondapalem,1,1,1,1,1,0,0,0,0,1,0,0,0,0,1,1,1,0,0,1,0
vJ4c_Y-hj9Q,2020-03-10,-0.9917140007019044,43013.0,Sakshi,342.0,25.0,yerragondapalem.png,Audimulapu Suresh,YSRCP,Yerragondapalem,0,0,1,1,1,0,0,0,0,0,0,0,0,0,0,0,1,0,0,0,0
p7li2w2oru4,2020-03-11,-0.9984647035598756,1114.0,Sakshi,95.0,0.0,yerragondapalem.png,Audimulapu Suresh,YSRCP,Yerragondapalem,1,1,1,0,0,1,0,0,1,1,0,0,0,0,0,1,0,0,0,1,0
u9OSA-f-wkw,2020-03-17,-0.9992369413375854,2071.0,Sakshi,546.0,4.0,yerragondapalem.png,Audimulapu Suresh,YSRCP,Yerragondapalem,0,0,1,0,0,1,0,0,1,0,0,0,0,0,0,0,0,0,0,0,0
4xIjJp8bASI,2021-06-08,0.997273862361908,8033.0,Sakshi,99.0,55.0,yerragondapalem.png,Audimulapu Suresh,YSRCP,Yerragondapalem,1,0,0,0,0,0,0,1,1,1,0,0,0,0,0,0,1,0,0,1,0
gjXWRuNtNTM,2021-07-30,0.997617781162262,1906.0,Sakshi,294.0,12.0,yerragondapalem.png,Audimulapu Suresh,YSRCP,Yerragondapalem,0,0,1,1,1,0,0,0,0,1,0,0,0,0,0,0,0,0,0,0,0
vK8Whd07NrE,2021-10-26,-0.9979801774024964,734.0,Sakshi,523.0,0.0,yerragondapalem.png,Audimulapu Suresh,YSRCP,Yerragondapalem,0,0,1,0,0,0,0,0,0,0,0,0,0,0,0,0,0,0,0,0,0
2cmTSdT31jM,2021-10-26,-0.9975600242614746,663.0,Sakshi,546.0,2.0,yerragondapalem.png,Audimulapu Suresh,YSRCP,Yerragondapalem,0,0,1,0,0,0,0,0,1,0,0,0,0,0,0,0,0,0,0,0,0
4XiVG4uvavE,2021-10-27,-0.9975263476371764,99430.0,Sakshi,390.0,156.0,yerragondapalem.png,Audimulapu Suresh,YSRCP,Yerragondapalem,0,0,1,0,0,0,0,0,0,0,0,0,0,0,0,0,0,0,0,0,0
Kl8PgBygBKc,2021-10-27,-0.9732365608215332,25479.0,Sakshi,46.0,29.0,yerragondapalem.png,Audimulapu Suresh,YSRCP,Yerragondapalem,0,0,0,0,1,0,0,0,0,0,0,0,0,0,0,0,0,0,0,0,0
r3y1xBeXd78,2021-10-27,-0.9983017444610596,228634.0,Sakshi,435.0,327.0,yerragondapalem.png,Audimulapu Suresh,YSRCP,Yerragondapalem,0,0,1,0,0,0,0,0,0,0,0,0,0,0,0,0,0,0,0,0,0
pwOUDyvP82I,2021-10-27,0.998076558113098,35189.0,Sakshi,57.0,25.0,yerragondapalem.png,Audimulapu Suresh,YSRCP,Yerragondapalem,0,0,0,0,0,0,0,0,0,0,0,0,0,0,0,0,0,0,0,0,0
KSS7L_k6EZA,2021-11-06,0.9977522492408752,3782.0,Sakshi,252.0,25.0,yerragondapalem.png,Audimulapu Suresh,YSRCP,Yerragondapalem,0,1,1,1,1,0,0,0,0,0,0,0,0,0,0,0,0,0,0,0,0
Q2YmyOsX1Ps,2021-11-06,0.9979482293128968,2594.0,Sakshi,269.0,8.0,yerragondapalem.png,Audimulapu Suresh,YSRCP,Yerragondapalem,0,1,0,1,1,0,0,0,1,0,0,0,0,0,0,0,0,0,0,0,0
yk34FP9gZEg,2021-11-06,0.9954213500022888,15842.0,Sakshi,40.0,17.0,yerragondapalem.png,Audimulapu Suresh,YSRCP,Yerragondapalem,0,1,0,0,1,0,0,0,0,0,0,0,0,0,0,0,0,0,0,0,0
YVP_m-vU3Jc,2021-11-10,0.9975070357322692,19611.0,Sakshi,218.0,34.0,yerragondapalem.png,Audimulapu Suresh,YSRCP,Yerragondapalem,0,0,0,0,0,0,0,0,1,0,0,0,0,0,0,0,0,0,0,0,0
_xTuhJjDpes,2021-11-11,-0.9979166388511658,5388.0,Sakshi,236.0,9.0,yerragondapalem.png,Audimulapu Suresh,YSRCP,Yerragondapalem,0,0,0,1,0,1,0,0,0,0,0,0,0,1,0,0,1,0,0,0,0
td2C18XGRUY,2021-12-08,0.9976962208747864,2349.0,Sakshi,374.0,7.0,yerragondapalem.png,Audimulapu Suresh,YSRCP,Yerragondapalem,0,1,1,1,1,0,0,1,0,1,0,0,1,0,0,1,0,1,1,0,0
sabSPXa28i8,2022-01-08,-0.9504429697990416,3851.0,Sakshi,329.0,15.0,yerragondapalem.png,Audimulapu Suresh,YSRCP,Yerragondapalem,0,0,1,0,0,1,0,0,0,0,0,0,0,0,0,0,0,0,0,0,0
whDx-V53I9o,2022-01-20,0.9969918727874756,105909.0,Sakshi,72.0,305.0,yerragondapalem.png,Audimulapu Suresh,YSRCP,Yerragondapalem,0,0,0,0,0,0,0,0,0,0,0,0,0,0,0,0,0,0,0,0,0
jtkXhAuxUJA,2022-02-03,-0.9971006512641908,14388.0,Sakshi,494.0,137.0,yerragondapalem.png,Audimulapu Suresh,YSRCP,Yerragondapalem,0,0,0,0,0,0,0,0,1,0,0,0,0,0,1,0,0,0,0,0,0
vUNG87BRZ8o,2022-02-14,0.9918972253799438,4485.0,Sakshi,380.0,16.0,yerragondapalem.png,Audimulapu Suresh,YSRCP,Yerragondapalem,0,0,0,0,0,0,0,0,0,0,0,0,0,0,0,0,0,0,0,0,0
2ZBTtMFcQ8g,2022-02-14,0.9955244064331056,3992.0,Sakshi,217.0,4.0,yerragondapalem.png,Audimulapu Suresh,YSRCP,Yerragondapalem,0,0,1,0,1,0,0,0,1,0,0,0,0,0,0,0,0,0,0,0,0
tjC7lFOEZYc,2022-02-25,0.994436502456665,2202.0,Sakshi,198.0,0.0,yerragondapalem.png,Audimulapu Suresh,YSRCP,Yerragondapalem,0,0,0,0,0,0,0,0,0,0,0,0,0,0,0,0,0,0,0,0,0
vBsvGEZqLcE,2022-02-25,-0.97694730758667,5295.0,Sakshi,76.0,35.0,yerragondapalem.png,Audimulapu Suresh,YSRCP,Yerragondapalem,0,0,0,0,0,1,1,0,0,0,0,0,0,0,0,0,0,0,0,0,0
Lkzg1NQch-c,2022-02-25,-0.9950066804885864,1742.0,Sakshi,123.0,0.0,yerragondapalem.png,Audimulapu Suresh,YSRCP,Yerragondapalem,0,0,0,0,0,0,0,0,1,0,0,0,0,0,0,0,0,0,0,0,0
zYIJ209-b-U,2022-03-03,-0.9971463084220886,18796.0,Sakshi,432.0,19.0,yerragondapalem.png,Audimulapu Suresh,YSRCP,Yerragondapalem,0,0,0,0,0,0,0,0,1,0,0,0,0,0,1,1,0,0,0,0,0
UxBfNouFxe4,2022-03-10,-0.9874377846717834,26866.0,Sakshi,310.0,25.0,yerragondapalem.png,Audimulapu Suresh,YSRCP,Yerragondapalem,0,0,0,0,1,1,0,0,1,0,0,0,0,0,1,1,0,0,0,0,0
oNOc7m5gvsQ,2022-03-10,0.9885546565055848,3733.0,Sakshi,470.0,7.0,yerragondapalem.png,Audimulapu Suresh,YSRCP,Yerragondapalem,0,0,0,0,1,0,0,0,1,0,0,0,0,0,0,0,0,0,0,0,0
hGTToAKK0Ko,2022-03-12,0.9985901713371276,2834.0,Sakshi,251.0,8.0,yerragondapalem.png,Audimulapu Suresh,YSRCP,Yerragondapalem,0,1,1,1,1,0,0,0,0,0,0,0,0,0,0,0,0,0,1,1,0
CQ6meSBHexw,2022-03-12,0.9988119602203368,1864.0,Sakshi,144.0,2.0,yerragondapalem.png,Audimulapu Suresh,YSRCP,Yerragondapalem,0,1,1,1,1,0,0,0,1,0,0,0,0,0,0,0,0,0,0,0,0
9KaNLRK2AYg,2022-03-12,0.9986180067062378,4463.0,Sakshi,129.0,7.0,yerragondapalem.png,Audimulapu Suresh,YSRCP,Yerragondapalem,0,1,1,0,0,0,0,0,0,0,0,0,0,0,0,0,0,0,0,0,0
9qJrkeNezN8,2022-03-15,0.9937106370925904,2625.0,Sakshi,393.0,5.0,yerragondapalem.png,Audimulapu Suresh,YSRCP,Yerragondapalem,0,0,0,0,1,0,0,0,0,0,0,0,0,0,0,0,0,0,0,0,0
eMpurAoA4fQ,2022-03-15,-0.9992996454238892,8496.0,Sakshi,306.0,13.0,yerragondapalem.png,Audimulapu Suresh,YSRCP,Yerragondapalem,0,1,1,1,1,1,0,0,1,1,1,1,1,0,0,1,0,0,1,1,1
tab7f7t6QMg,2022-03-17,0.994526207447052,4146.0,Sakshi,515.0,23.0,yerragondapalem.png,Audimulapu Suresh,YSRCP,Yerragondapalem,0,0,0,0,0,0,0,0,1,0,0,0,0,0,0,0,0,0,0,0,0
adjILOdtsL4,2022-03-21,0.9927720427513124,1185.0,Sakshi,486.0,5.0,yerragondapalem.png,Audimulapu Suresh,YSRCP,Yerragondapalem,0,0,0,0,0,0,0,0,0,0,0,0,0,0,0,0,0,0,0,0,0
hDMQYj-rLUU,2022-03-21,-0.9925495386123656,18420.0,Sakshi,286.0,45.0,yerragondapalem.png,Audimulapu Suresh,YSRCP,Yerragondapalem,0,1,1,0,1,1,0,1,1,1,0,1,0,0,0,1,0,0,0,0,0
pxh4c77VbV8,2022-03-21,0.9954307079315186,2213.0,Sakshi,346.0,3.0,yerragondapalem.png,Audimulapu Suresh,YSRCP,Yerragondapalem,0,0,1,0,0,0,0,0,1,0,0,0,0,0,0,0,0,0,0,0,0
CovclXA-Fow,2022-03-21,0.987716019153595,206393.0,Sakshi,492.0,154.0,yerragondapalem.png,Audimulapu Suresh,YSRCP,Yerragondapalem,0,0,0,0,0,1,0,0,0,0,0,0,0,0,0,0,0,0,0,0,0
k_Mxb95f7f4,2022-03-21,-0.9926097989082336,5237.0,Sakshi,83.0,10.0,yerragondapalem.png,Audimulapu Suresh,YSRCP,Yerragondapalem,0,0,0,0,0,1,0,1,1,0,0,0,0,0,0,1,0,0,0,0,0
UAKpLtErfgM,2022-03-25,0.9957950115203856,332.0,Sakshi,558.0,1.0,yerragondapalem.png,Audimulapu Suresh,YSRCP,Yerragondapalem,0,0,0,0,0,0,0,0,1,0,0,0,0,0,0,0,0,0,0,0,0
2SOLOCo0nOU,2022-04-13,0.9984890222549438,37383.0,Sakshi,130.0,17.0,yerragondapalem.png,Audimulapu Suresh,YSRCP,Yerragondapalem,0,1,1,0,0,0,0,0,0,0,0,0,0,0,0,0,0,0,0,1,1
Gl7ZG7jPQfs,2022-04-15,-0.9984194040298462,3757.0,Sakshi,325.0,3.0,yerragondapalem.png,Audimulapu Suresh,YSRCP,Yerragondapalem,0,0,0,1,0,0,0,0,0,0,0,0,0,0,0,0,0,0,0,0,0
E7yZCu_hIJ8,2022-04-19,0.9896586537361144,110186.0,Sakshi,196.0,19.0,yerragondapalem.png,Audimulapu Suresh,YSRCP,Yerragondapalem,0,1,1,0,1,0,0,0,1,1,1,0,0,0,0,0,0,1,0,0,1
UXv8wQKQrww,2022-04-23,-0.9983717799186708,313351.0,Sakshi,295.0,629.0,yerragondapalem.png,Audimulapu Suresh,YSRCP,Yerragondapalem,0,1,1,1,1,1,0,0,0,1,1,0,0,0,0,0,0,0,0,1,0
x9MYt45bM9w,2022-04-23,0.9913023710250854,11877.0,Sakshi,179.0,16.0,yerragondapalem.png,Audimulapu Suresh,YSRCP,Yerragondapalem,0,0,0,0,0,0,0,0,1,0,0,0,0,0,0,0,0,0,0,1,0
SdU7zHYjnfA,2022-05-04,-0.9978188276290894,18288.0,Sakshi,89.0,32.0,yerragondapalem.png,Audimulapu Suresh,YSRCP,Yerragondapalem,1,0,0,0,1,0,0,0,0,0,0,0,0,0,0,0,0,0,0,1,0
N7oC4HcEEe0,2022-05-05,0.563347578048706,14161.0,Sakshi,238.0,54.0,yerragondapalem.png,Audimulapu Suresh,YSRCP,Yerragondapalem,0,0,0,0,1,1,0,0,0,0,0,0,0,0,0,0,0,0,0,0,0
Y3YXx3X7TY4,2022-05-06,-0.996918797492981,4577.0,Sakshi,212.0,6.0,yerragondapalem.png,Audimulapu Suresh,YSRCP,Yerragondapalem,1,1,1,0,1,1,0,0,1,0,0,0,0,0,0,0,1,0,0,0,0
8rvlBzhN0A0,2022-05-06,0.9771048426628112,75938.0,Sakshi,237.0,137.0,yerragondapalem.png,Audimulapu Suresh,YSRCP,Yerragondapalem,0,0,0,0,1,1,0,0,0,0,0,0,0,0,0,0,0,0,0,0,0
zylXVkl7B6o,2022-05-11,0.9934291243553162,2866.0,Sakshi,261.0,1.0,yerragondapalem.png,Audimulapu Suresh,YSRCP,Yerragondapalem,0,0,0,0,1,0,0,0,0,0,0,0,0,0,0,0,0,0,0,0,0
5E9j67TyrLU,2022-05-14,-0.981870174407959,14105.0,Sakshi,220.0,64.0,yerragondapalem.png,Audimulapu Suresh,YSRCP,Yerragondapalem,0,1,1,0,1,1,1,0,0,0,0,0,0,0,0,0,0,0,0,0,0
cAGNWcKEsk8,2022-05-17,0.9946668148040771,5492.0,Sakshi,224.0,14.0,yerragondapalem.png,Audimulapu Suresh,YSRCP,Yerragondapalem,0,0,0,0,1,0,0,0,1,0,0,0,0,0,0,0,0,1,0,0,0
Cx7LeR01WDs,2022-06-14,0.9925445318222046,8339.0,Sakshi,419.0,18.0,yerragondapalem.png,Audimulapu Suresh,YSRCP,Yerragondapalem,0,0,0,0,0,0,0,0,0,0,0,0,0,0,0,0,0,1,0,0,0
ba2Segs5Wh8,2022-06-30,0.9965092539787292,3666.0,Sakshi,127.0,6.0,yerragondapalem.png,Audimulapu Suresh,YSRCP,Yerragondapalem,0,1,1,0,0,0,0,0,0,0,1,0,0,0,0,0,0,0,0,0,0
b_kzjpc0vDU,2022-07-07,0.9988182187080384,15891.0,Sakshi,238.0,36.0,yerragondapalem.png,Audimulapu Suresh,YSRCP,Yerragondapalem,0,1,1,1,1,0,0,0,0,0,0,0,0,0,0,0,1,0,0,1,0
_X-H0laKpBE,2022-07-07,0.9974702596664428,2638.0,Sakshi,249.0,3.0,yerragondapalem.png,Audimulapu Suresh,YSRCP,Yerragondapalem,0,1,1,0,1,0,0,0,1,1,0,0,0,0,0,0,0,0,0,0,0
8lRoufowRU4,2022-07-09,0.995983362197876,2912.0,Sakshi,520.0,1.0,yerragondapalem.png,Audimulapu Suresh,YSRCP,Yerragondapalem,0,0,1,0,1,0,0,0,0,0,0,0,0,0,0,0,0,0,0,0,0
GHh-PZT4LVU,2022-07-13,-0.9700413346290588,18870.0,Sakshi,418.0,26.0,yerragondapalem.png,Audimulapu Suresh,YSRCP,Yerragondapalem,0,0,0,0,1,0,0,0,1,0,0,0,0,0,0,0,0,0,0,0,0
PKpSmeDgor8,2022-07-15,-0.9979448914527892,14622.0,Sakshi,251.0,26.0,yerragondapalem.png,Audimulapu Suresh,YSRCP,Yerragondapalem,0,0,0,1,1,0,0,0,0,0,0,0,0,0,0,0,0,0,0,0,0
J5txhARv3FE,2022-07-24,-0.9980610013008118,2213.0,Sakshi,120.0,7.0,yerragondapalem.png,Audimulapu Suresh,YSRCP,Yerragondapalem,1,1,1,1,0,1,0,0,0,0,0,0,1,0,0,0,0,0,1,0,0
vbVtOMXRYV8,2022-07-24,0.9958119988441468,1056.0,Sakshi,124.0,6.0,yerragondapalem.png,Audimulapu Suresh,YSRCP,Yerragondapalem,1,1,1,0,0,1,0,0,0,0,0,0,1,0,0,0,0,0,1,1,0
S5ezpXBzq6o,2022-07-26,0.9987401366233826,39071.0,Sakshi,528.0,58.0,yerragondapalem.png,Audimulapu Suresh,YSRCP,Yerragondapalem,0,0,0,0,1,0,0,0,1,0,0,0,0,0,0,0,0,0,0,0,0
mXLOSXLCUz8,2022-07-28,0.995287537574768,147902.0,Sakshi,308.0,178.0,yerragondapalem.png,Audimulapu Suresh,YSRCP,Yerragondapalem,0,1,1,0,1,0,0,0,0,1,0,0,0,0,0,0,0,0,0,0,1
sddyM_FRQ6g,2022-07-31,-0.99853777885437,4154.0,Sakshi,124.0,7.0,yerragondapalem.png,Audimulapu Suresh,YSRCP,Yerragondapalem,0,0,1,0,0,1,1,1,0,0,0,0,0,0,0,0,0,0,1,1,0
wzJVIchYPKU,2022-08-05,0.9982386827468872,9105.0,Sakshi,319.0,27.0,yerragondapalem.png,Audimulapu Suresh,YSRCP,Yerragondapalem,0,0,1,1,1,0,0,0,0,0,0,0,0,0,0,1,0,0,0,0,0
CxDhlMd2G8M,2022-08-12,-0.9942983984947203,14506.0,Sakshi,316.0,54.0,yerragondapalem.png,Audimulapu Suresh,YSRCP,Yerragondapalem,0,0,0,0,0,1,0,0,0,0,0,0,0,0,0,1,0,0,0,0,0
SuHqlU1oeUI,2022-08-26,0.998594343662262,1797.0,Sakshi,368.0,12.0,yerragondapalem.png,Audimulapu Suresh,YSRCP,Yerragondapalem,0,0,1,1,1,0,0,0,1,0,0,0,0,0,1,0,0,0,0,1,0
UXBZ5PMLbcE,2022-08-30,-0.9957064986228944,709.0,TV5,235.0,0.0,yerragondapalem.png,Audimulapu Suresh,YSRCP,Yerragondapalem,1,0,0,0,0,0,0,0,0,0,0,0,0,0,0,0,0,0,0,0,0
Abvdowohj80,2022-09-06,-0.9995056390762328,1905.0,TV5,522.0,5.0,yerragondapalem.png,Audimulapu Suresh,YSRCP,Yerragondapalem,0,0,0,0,0,0,0,0,1,0,0,0,0,0,1,0,0,0,0,0,0
-Ql4M-N3COQ,2022-09-06,-0.9978700876235962,29259.0,TV5,295.0,49.0,yerragondapalem.png,Audimulapu Suresh,YSRCP,Yerragondapalem,0,1,1,0,0,0,0,0,1,0,0,0,0,0,0,0,0,0,0,0,0
zWOYEQV4t4A,2022-09-10,-0.9880500435829164,47407.0,Sakshi,341.0,240.0,yerragondapalem.png,Audimulapu Suresh,YSRCP,Yerragondapalem,0,0,0,1,1,0,0,0,0,0,1,0,0,0,0,0,0,0,0,0,0
E3L5yMjndhw,2022-09-10,-0.9972758889198304,21551.0,TV5,415.0,33.0,yerragondapalem.png,Audimulapu Suresh,YSRCP,Yerragondapalem,0,0,0,0,0,0,0,0,0,0,0,0,0,0,0,0,0,0,0,0,0
68bwcG106UE,2022-09-13,0.9984727501869202,2282.0,TV5,219.0,3.0,yerragondapalem.png,Audimulapu Suresh,YSRCP,Yerragondapalem,1,0,1,0,0,0,0,0,0,0,1,0,0,0,0,0,0,0,0,0,0
52gHtpCIEfk,2022-09-26,-0.9976093769073486,1739.0,TV5,252.0,6.0,yerragondapalem.png,Audimulapu Suresh,YSRCP,Yerragondapalem,1,0,0,0,0,0,0,0,1,0,1,0,0,0,1,0,0,0,0,0,0
o3RrcZyJKTs,2022-09-27,-0.9969022274017334,2869.0,TV5,394.0,1.0,yerragondapalem.png,Audimulapu Suresh,YSRCP,Yerragondapalem,0,0,0,0,0,0,0,0,0,0,0,0,0,0,0,0,0,0,0,0,0
4YkHxX3uqyw,2022-10-03,-0.998701810836792,3030.0,TV5,163.0,4.0,yerragondapalem.png,Audimulapu Suresh,YSRCP,Yerragondapalem,1,1,1,0,0,0,0,0,0,0,1,1,0,0,0,0,1,0,0,0,0
rVh7bmIokcs,2022-10-10,-0.9950496554374696,3183.0,Sakshi,149.0,5.0,yerragondapalem.png,Audimulapu Suresh,YSRCP,Yerragondapalem,0,0,1,0,0,0,0,0,0,0,0,0,0,0,0,0,0,0,0,1,0
MfKfGfGvW2Q,2022-10-12,0.9936789870262146,1372.0,ABN,580.0,1.0,yerragondapalem.png,Audimulapu Suresh,YSRCP,Yerragondapalem,0,0,0,0,0,0,0,0,0,0,0,0,0,0,0,0,0,0,0,0,0
NWzQS5ShpbU,2022-10-12,-0.9965865612030028,776.0,ABN,328.0,0.0,yerragondapalem.png,Audimulapu Suresh,YSRCP,Yerragondapalem,0,0,0,1,0,0,0,0,0,0,0,0,0,0,0,0,0,0,0,0,0
HBg3C2zO_Ds,2022-10-19,-0.9939039349555968,1248.0,ABN,105.0,1.0,yerragondapalem.png,Audimulapu Suresh,YSRCP,Yerragondapalem,1,1,0,0,0,0,0,0,0,0,0,0,0,0,0,0,0,0,0,0,0
W-gEXqv2oQE,2022-10-20,-0.999190390110016,3846.0,Sakshi,279.0,6.0,yerragondapalem.png,Audimulapu Suresh,YSRCP,Yerragondapalem,0,1,1,1,0,1,1,0,1,1,1,0,0,1,0,1,1,0,1,1,0
uMJHi7vo560,2022-10-25,0.9958714842796326,75400.0,Sakshi,437.0,68.0,yerragondapalem.png,Audimulapu Suresh,YSRCP,Yerragondapalem,0,0,0,0,0,1,1,0,0,0,0,0,0,0,0,0,0,0,0,0,0
HFeWQdq99gU,2022-10-29,0.9828560948371888,7574.0,ABN,380.0,13.0,yerragondapalem.png,Audimulapu Suresh,YSRCP,Yerragondapalem,0,0,0,0,0,0,0,0,0,0,0,0,0,0,0,0,0,0,0,0,0
7ltk5PsXezE,2022-10-29,-0.998212456703186,732.0,ABN,346.0,0.0,yerragondapalem.png,Audimulapu Suresh,YSRCP,Yerragondapalem,1,1,1,1,0,1,0,0,0,0,0,0,0,0,0,0,1,0,0,0,0
iNmbOuu9jbs,2022-10-29,0.9985684156417848,4327.0,TV5,139.0,7.0,yerragondapalem.png,Audimulapu Suresh,YSRCP,Yerragondapalem,0,0,0,0,0,0,1,0,0,0,0,0,0,1,0,0,0,0,0,0,0
m7f3HG6tDeQ,2022-10-29,0.9974530339241028,2362.0,Sakshi,55.0,7.0,yerragondapalem.png,Audimulapu Suresh,YSRCP,Yerragondapalem,0,0,0,0,0,1,0,0,0,0,1,0,0,0,0,0,1,0,0,1,0
xxIti0vXDLg,2022-11-01,0.9954878687858582,907.0,TV5,222.0,1.0,yerragondapalem.png,Audimulapu Suresh,YSRCP,Yerragondapalem,0,0,0,0,0,0,0,0,0,0,0,0,0,0,0,0,0,0,0,0,0
IhpodyTbOf8,2022-11-05,-0.9984573125839232,25993.0,ABN,535.0,29.0,yerragondapalem.png,Audimulapu Suresh,YSRCP,Yerragondapalem,0,0,0,0,0,0,0,0,0,0,0,0,0,0,0,0,0,0,0,0,0
4A6PvcWjTMk,2022-11-05,0.9970704317092896,38855.0,Sakshi,511.0,182.0,yerragondapalem.png,Audimulapu Suresh,YSRCP,Yerragondapalem,0,0,0,0,0,0,1,0,0,0,0,0,0,0,0,0,0,0,0,0,0
ovhpyYbeRUk,2022-11-08,0.9973050355911256,1246.0,Sakshi,247.0,4.0,yerragondapalem.png,Audimulapu Suresh,YSRCP,Yerragondapalem,0,0,0,0,0,0,0,0,0,0,0,0,0,0,0,0,0,0,0,0,1
m-DLpdcsTww,2022-11-13,0.9914108514785768,2429.0,Sakshi,446.0,5.0,yerragondapalem.png,Audimulapu Suresh,YSRCP,Yerragondapalem,0,0,1,0,1,0,0,0,0,0,0,0,0,0,0,0,0,0,0,0,0
WQCLl9v8FcE,2022-11-15,0.9910596013069152,2361.0,Sakshi,186.0,11.0,yerragondapalem.png,Audimulapu Suresh,YSRCP,Yerragondapalem,0,1,1,1,1,1,1,0,0,0,0,0,0,0,0,0,0,0,0,0,1
_5-GliP2FeU,2022-11-16,-0.9974121451377868,3789.0,ABN,387.0,12.0,yerragondapalem.png,Audimulapu Suresh,YSRCP,Yerragondapalem,0,0,0,0,0,0,0,0,0,0,0,0,0,0,0,0,0,0,0,0,0
5CPmD2QRwqk,2022-11-16,-0.9968200922012328,4471.0,Sakshi,190.0,22.0,yerragondapalem.png,Audimulapu Suresh,YSRCP,Yerragondapalem,0,1,1,1,1,1,1,0,1,0,0,0,0,0,0,1,0,0,1,1,0
n8hydQI6TM0,2022-11-18,-0.9882827401161194,22916.0,ABN,270.0,29.0,yerragondapalem.png,Audimulapu Suresh,YSRCP,Yerragondapalem,0,0,0,0,0,0,0,0,0,0,0,0,0,0,0,0,0,0,0,0,0
46gasIO8fJM,2022-11-18,-0.998088538646698,1224.0,ABN,415.0,11.0,yerragondapalem.png,Audimulapu Suresh,YSRCP,Yerragondapalem,0,0,0,0,0,0,0,0,0,0,0,0,0,0,0,0,0,0,0,0,0
A76GKW34wNs,2022-11-18,-0.998394787311554,3689.0,ABN,225.0,9.0,yerragondapalem.png,Audimulapu Suresh,YSRCP,Yerragondapalem,0,0,0,0,0,0,0,0,0,0,0,0,0,0,0,0,0,0,0,0,0
MMh8ice5iHA,2022-11-18,-0.9982183575630188,396.0,ABN,235.0,1.0,yerragondapalem.png,Audimulapu Suresh,YSRCP,Yerragondapalem,0,0,0,0,0,0,0,0,0,0,0,0,0,1,0,0,0,0,0,0,0
jizM7krWf9U,2022-11-19,-0.9675230979919434,8730.0,TV9,250.0,6.0,yerragondapalem.png,Audimulapu Suresh,YSRCP,Yerragondapalem,0,0,0,0,0,0,0,0,0,0,0,0,0,0,0,0,0,0,1,0,0
vhjixWIjLBM,2022-11-20,-0.9994105100631714,75063.0,Sakshi,294.0,93.0,yerragondapalem.png,Audimulapu Suresh,YSRCP,Yerragondapalem,0,0,0,0,0,1,0,1,0,0,0,0,0,0,0,0,0,0,0,0,0
mXQ_JgSs0x4,2022-11-20,0.9986868500709534,285.0,TV9,178.0,0.0,yerragondapalem.png,Audimulapu Suresh,YSRCP,Yerragondapalem,0,0,0,0,0,0,0,0,0,0,0,0,0,0,0,0,0,0,0,0,0
VRc_s8zV_II,2022-11-20,0.9984995126724244,2368.0,Sakshi,493.0,8.0,yerragondapalem.png,Audimulapu Suresh,YSRCP,Yerragondapalem,0,0,0,0,0,1,0,1,0,0,0,0,0,0,0,0,0,0,0,0,0
lzICkNACJyw,2022-11-20,0.9935392737388612,6213.0,Sakshi,546.0,9.0,yerragondapalem.png,Audimulapu Suresh,YSRCP,Yerragondapalem,0,0,0,0,0,1,0,1,0,0,0,0,0,0,0,0,0,0,0,0,0
m3wYLRE4iN8,2022-11-21,-0.9975175857543944,2196.0,TV5,332.0,1.0,yerragondapalem.png,Audimulapu Suresh,YSRCP,Yerragondapalem,0,0,0,0,0,0,1,0,0,0,0,0,0,1,0,0,0,0,0,1,0
EZmxrRCxozs,2022-11-23,-0.9994396567344666,9852.0,Sakshi,303.0,6.0,yerragondapalem.png,Audimulapu Suresh,YSRCP,Yerragondapalem,0,0,0,1,0,1,0,0,0,0,0,0,0,0,0,0,0,0,0,0,0
zKt9Aq_Ffxk,2022-11-24,-0.9869037866592408,1251.0,TV9,454.0,1.0,yerragondapalem.png,Audimulapu Suresh,YSRCP,Yerragondapalem,0,0,0,0,0,0,0,0,0,0,0,0,0,0,0,0,0,0,0,0,0
tpjNsxsMXBc,2022-11-27,-0.98996502161026,2330.0,TV9,219.0,4.0,yerragondapalem.png,Audimulapu Suresh,YSRCP,Yerragondapalem,0,1,1,0,0,0,1,0,0,0,0,0,0,0,0,0,0,0,0,0,0
_yLt579KpsM,2022-11-27,-0.9990604519844056,1495.0,TV9,77.0,0.0,yerragondapalem.png,Audimulapu Suresh,YSRCP,Yerragondapalem,0,1,1,0,0,0,1,0,0,1,0,0,0,1,0,0,0,0,1,0,0
p1Y_-6GcOfs,2022-11-27,-0.9862337112426758,1762.0,TV9,212.0,4.0,yerragondapalem.png,Audimulapu Suresh,YSRCP,Yerragondapalem,1,1,1,1,0,0,1,1,1,1,1,1,1,1,1,1,1,0,1,1,0
LOCivbhzNd4,2022-11-28,-0.9966374635696412,22704.0,TV9,322.0,115.0,yerragondapalem.png,Audimulapu Suresh,YSRCP,Yerragondapalem,0,1,0,0,0,1,1,0,1,0,0,0,0,0,0,0,0,0,0,0,0
U2O8NQlLh2A,2022-11-29,-0.9852765202522278,2322.0,ABN,430.0,7.0,yerragondapalem.png,Audimulapu Suresh,YSRCP,Yerragondapalem,0,0,0,0,0,0,0,0,0,0,0,0,0,0,0,0,0,0,0,0,0
DU6DAmno9kI,2022-11-29,-0.974157989025116,655.0,TV9,110.0,0.0,yerragondapalem.png,Audimulapu Suresh,YSRCP,Yerragondapalem,0,0,0,0,0,0,0,0,0,0,0,0,0,0,0,0,0,0,0,0,0
r_O8LblVl9k,2022-11-29,0.995421826839447,942.0,ABN,270.0,2.0,yerragondapalem.png,Audimulapu Suresh,YSRCP,Yerragondapalem,0,0,0,0,0,0,0,0,0,0,0,0,0,0,0,0,0,0,0,1,0
dxP7fbFGcao,2022-11-30,0.998157560825348,1719.0,TV9,148.0,0.0,yerragondapalem.png,Audimulapu Suresh,YSRCP,Yerragondapalem,0,0,0,0,1,1,0,0,0,0,0,0,0,0,0,0,1,0,0,0,0
sPZMLeT5YPc,2022-11-30,0.9950398802757264,186534.0,ABN,420.0,324.0,yerragondapalem.png,Audimulapu Suresh,YSRCP,Yerragondapalem,0,0,0,0,0,0,0,0,0,0,0,0,0,0,0,0,0,0,0,0,0
t-SbhZe50G4,2022-12-01,-0.9963392019271852,2698.0,TV9,367.0,0.0,yerragondapalem.png,Audimulapu Suresh,YSRCP,Yerragondapalem,0,0,0,0,0,0,0,0,1,0,0,0,0,0,0,0,0,0,0,0,0
D9LBPeUpiQA,2022-12-02,0.99316143989563,896.0,TV9,477.0,0.0,yerragondapalem.png,Audimulapu Suresh,YSRCP,Yerragondapalem,0,0,0,0,0,0,0,0,0,0,0,0,0,0,0,0,0,0,0,0,0
Nyn6xATEw94,2022-12-02,0.9917667508125304,1177.0,Sakshi,563.0,5.0,yerragondapalem.png,Audimulapu Suresh,YSRCP,Yerragondapalem,0,0,0,0,0,1,0,0,0,0,0,0,0,0,0,0,0,0,1,0,0
oCph3zaW8L8,2022-12-04,-0.996694803237915,44140.0,TV5,118.0,32.0,yerragondapalem.png,Audimulapu Suresh,YSRCP,Yerragondapalem,0,1,1,0,0,0,0,0,0,0,0,0,0,0,0,0,0,0,0,0,0
9188Wckkg5c,2022-12-04,0.9931049942970276,2738.0,TV9,240.0,1.0,yerragondapalem.png,Audimulapu Suresh,YSRCP,Yerragondapalem,0,0,0,0,0,0,0,0,0,0,0,0,0,0,0,0,0,0,0,0,0
9B_f8yGzOtU,2022-12-04,0.9917799830436708,2050.0,TV9,307.0,0.0,yerragondapalem.png,Audimulapu Suresh,YSRCP,Yerragondapalem,0,0,0,1,0,0,0,0,0,0,0,0,0,0,0,0,0,0,0,0,0
9JHicOtCGW0,2022-12-05,-0.9748154878616332,1504.0,Sakshi,262.0,4.0,yerragondapalem.png,Audimulapu Suresh,YSRCP,Yerragondapalem,0,0,0,0,0,1,0,0,0,0,0,0,0,0,0,0,0,1,0,0,0
CxB31OQhM98,2022-12-07,-0.9750829935073853,406.0,TV9,105.0,0.0,yerragondapalem.png,Audimulapu Suresh,YSRCP,Yerragondapalem,0,0,0,1,0,0,0,0,0,0,0,0,0,0,1,0,0,0,0,0,0
Re8Bl0bUheg,2022-12-07,0.9960259199142456,492.0,TV9,110.0,1.0,yerragondapalem.png,Audimulapu Suresh,YSRCP,Yerragondapalem,0,0,0,1,0,0,0,0,0,0,0,0,0,0,1,0,0,0,0,0,0
e0aMLWbiftI,2022-12-07,-0.9796151518821716,972.0,ABN,450.0,1.0,yerragondapalem.png,Audimulapu Suresh,YSRCP,Yerragondapalem,0,0,1,0,1,0,0,0,1,0,0,0,0,0,0,1,0,0,0,0,0
cfGKy9_V8hI,2022-12-07,-0.9894269704818726,1169.0,ABN,300.0,2.0,yerragondapalem.png,Audimulapu Suresh,YSRCP,Yerragondapalem,0,0,1,0,0,0,0,0,0,0,0,0,0,0,0,0,0,0,0,0,0
4eLjXxGJhiQ,2022-12-09,-0.999283730983734,468.0,ABN,232.0,0.0,yerragondapalem.png,Audimulapu Suresh,YSRCP,Yerragondapalem,0,0,1,0,0,0,1,0,0,0,0,0,0,1,0,0,0,0,0,0,0
QGIMXg2qQH0,2022-12-10,-0.9981045722961426,2765.0,Sakshi,494.0,10.0,yerragondapalem.png,Audimulapu Suresh,YSRCP,Yerragondapalem,0,0,0,0,0,1,0,0,0,0,0,0,0,0,0,0,0,0,0,0,0
EoMRydvhusw,2022-12-11,0.7130329012870789,2304.0,TV9,395.0,7.0,yerragondapalem.png,Audimulapu Suresh,YSRCP,Yerragondapalem,0,0,0,0,0,0,0,0,0,0,0,0,0,0,0,0,0,0,0,0,0
Peq7fNt4GPs,2022-12-12,-0.9983409643173218,674.0,TV5,251.0,0.0,yerragondapalem.png,Audimulapu Suresh,YSRCP,Yerragondapalem,1,1,1,0,0,0,0,0,0,1,0,0,0,0,0,0,0,0,0,0,0
X1iPmm8v2wQ,2022-12-13,0.9939168095588684,609.0,Sakshi,83.0,3.0,yerragondapalem.png,Audimulapu Suresh,YSRCP,Yerragondapalem,0,0,0,0,0,1,1,0,0,0,0,0,0,0,0,0,0,0,0,0,0
Ub7W5wmEzcQ,2022-12-14,0.9983933568000792,17028.0,Sakshi,97.0,13.0,yerragondapalem.png,Audimulapu Suresh,YSRCP,Yerragondapalem,0,1,1,0,0,0,0,0,0,1,0,0,0,0,0,0,0,1,0,1,0
hd2kVx0kUbU,2022-12-18,0.9985154271125792,2205.0,TV9,101.0,0.0,yerragondapalem.png,Audimulapu Suresh,YSRCP,Yerragondapalem,0,0,0,0,0,0,0,0,0,0,0,0,0,0,0,0,0,0,0,0,0
EdBMrTJQXyM,2022-12-18,-0.992866039276123,5067.0,TV5,292.0,16.0,yerragondapalem.png,Audimulapu Suresh,YSRCP,Yerragondapalem,1,0,0,0,0,0,0,0,0,0,0,0,0,0,0,0,0,0,0,0,0
Uy0pZWaNUis,2022-12-19,-0.9929583072662354,1861.0,TV9,160.0,1.0,yerragondapalem.png,Audimulapu Suresh,YSRCP,Yerragondapalem,1,0,0,0,0,1,0,0,0,0,0,0,0,0,0,0,0,0,0,0,0
by0tnIVKR_Q,2022-12-20,0.9530927538871764,6676.0,TV9,389.0,1.0,yerragondapalem.png,Audimulapu Suresh,YSRCP,Yerragondapalem,0,0,0,0,0,0,0,0,0,0,0,0,0,0,0,0,0,0,0,0,0
wBdrbXaP_dU,2022-12-20,-0.9981949925422668,40026.0,TV9,406.0,50.0,yerragondapalem.png,Audimulapu Suresh,YSRCP,Yerragondapalem,0,0,0,0,0,0,0,0,0,0,0,0,0,0,0,0,0,0,0,0,0
t-ZCpJiAFp4,2022-12-27,-0.9932931661605836,7144.0,Sakshi,116.0,11.0,yerragondapalem.png,Audimulapu Suresh,YSRCP,Yerragondapalem,0,0,0,0,0,0,0,0,0,0,0,0,0,0,0,0,0,0,0,0,0
W2RdK8ry2EE,2022-12-29,-0.9936661124229432,2021.0,TV9,244.0,6.0,yerragondapalem.png,Audimulapu Suresh,YSRCP,Yerragondapalem,1,0,0,0,0,1,0,0,0,0,0,1,0,0,0,0,0,0,0,0,1
em_X_Dccamw,2022-12-29,-0.9992954730987548,1452.0,TV9,265.0,1.0,yerragondapalem.png,Audimulapu Suresh,YSRCP,Yerragondapalem,0,0,0,0,0,1,0,0,1,0,0,0,0,0,0,0,0,0,0,0,0
Vek6wLFsF90,2022-12-31,-0.9944652915000916,4532.0,Sakshi,501.0,14.0,yerragondapalem.png,Audimulapu Suresh,YSRCP,Yerragondapalem,0,0,0,0,0,1,0,0,0,0,0,0,0,0,0,0,0,0,0,0,0
0kPTAOz8EZE,2022-12-31,-0.998230755329132,663.0,TV9,308.0,0.0,yerragondapalem.png,Audimulapu Suresh,YSRCP,Yerragondapalem,0,0,0,0,0,0,0,0,0,0,0,0,0,0,0,0,0,0,0,0,0
jgjXnWj-Pro,2022-12-31,0.9929948449134828,35968.0,Sakshi,518.0,176.0,yerragondapalem.png,Audimulapu Suresh,YSRCP,Yerragondapalem,0,0,0,0,0,1,0,0,0,0,0,0,0,0,0,0,0,0,0,0,0
bxMUxY9lnlo,2023-01-01,-0.9962235689163208,3135.0,Sakshi,277.0,0.0,yerragondapalem.png,Audimulapu Suresh,YSRCP,Yerragondapalem,0,1,1,1,1,0,0,0,0,1,1,0,0,1,0,0,1,0,0,1,0
RXNkXIjFbyE,2023-01-03,-0.9992278814315796,12839.0,TV9,205.0,33.0,yerragondapalem.png,Audimulapu Suresh,YSRCP,Yerragondapalem,0,0,0,0,0,0,0,0,0,0,1,0,0,0,0,0,0,0,0,0,0
Yrc1D5GCEIQ,2023-01-03,-0.9914125204086304,14285.0,Sakshi,124.0,43.0,yerragondapalem.png,Audimulapu Suresh,YSRCP,Yerragondapalem,1,1,1,0,0,1,0,1,0,1,0,1,0,0,0,0,0,0,0,0,0
mtECiptNjtk,2023-01-03,-0.9980302453041076,4042.0,TV9,214.0,32.0,yerragondapalem.png,Audimulapu Suresh,YSRCP,Yerragondapalem,0,0,0,0,0,0,0,0,0,0,0,0,0,0,0,0,0,0,0,0,0
s8B-VSc6nOo,2023-01-04,0.9923222661018372,9426.0,Sakshi,585.0,18.0,yerragondapalem.png,Audimulapu Suresh,YSRCP,Yerragondapalem,0,0,0,0,0,0,0,0,0,0,0,0,0,0,0,0,0,0,0,0,0
8pFl12tIyvw,2023-01-04,-0.9860256314277648,3139.0,TV5,275.0,0.0,yerragondapalem.png,Audimulapu Suresh,YSRCP,Yerragondapalem,1,0,0,0,0,0,0,0,0,0,0,0,0,0,0,0,0,0,0,0,0
IIrvAxqPv6Y,2023-01-04,-0.9916089177131652,421.0,TV5,170.0,0.0,yerragondapalem.png,Audimulapu Suresh,YSRCP,Yerragondapalem,1,0,0,0,1,0,0,0,0,0,0,0,0,0,0,0,0,0,0,0,0
Go_4JJg6xR4,2023-01-05,-0.9940645098686218,2103.0,TV9,257.0,9.0,yerragondapalem.png,Audimulapu Suresh,YSRCP,Yerragondapalem,1,1,1,0,1,1,0,0,0,0,0,0,1,0,1,0,0,0,0,0,0
3NbcvG7qG7s,2023-01-05,-0.997269570827484,2313.0,TV9,333.0,12.0,yerragondapalem.png,Audimulapu Suresh,YSRCP,Yerragondapalem,0,0,0,0,0,1,0,0,0,0,0,0,0,0,0,0,1,0,0,0,0
WEudvt_4_0g,2023-01-05,-0.9974682331085204,1640.0,TV9,241.0,2.0,yerragondapalem.png,Audimulapu Suresh,YSRCP,Yerragondapalem,0,0,0,0,0,1,0,0,0,0,0,0,0,0,0,0,0,0,0,0,0
7kGtVy0Z_xk,2023-01-06,-0.9982178807258606,1031.0,ABN,340.0,0.0,yerragondapalem.png,Audimulapu Suresh,YSRCP,Yerragondapalem,0,0,0,0,0,0,0,0,0,0,0,0,0,0,0,0,0,0,0,0,0
ynQFZF767lM,2023-01-07,0.997246503829956,112199.0,Sakshi,230.0,141.0,yerragondapalem.png,Audimulapu Suresh,YSRCP,Yerragondapalem,0,0,1,0,0,0,1,0,0,0,0,0,0,0,0,0,0,0,0,0,1
5JBV60QMYmw,2023-01-07,0.998672604560852,666.0,TV9,331.0,1.0,yerragondapalem.png,Audimulapu Suresh,YSRCP,Yerragondapalem,0,0,0,0,0,0,0,0,0,0,0,0,0,0,0,0,0,0,0,0,0
fcJsXmwP7Vk,2023-01-08,-0.9923285841941832,1576.0,Sakshi,179.0,5.0,yerragondapalem.png,Audimulapu Suresh,YSRCP,Yerragondapalem,0,0,1,0,1,1,0,0,1,0,0,0,0,0,0,0,1,0,1,0,1
KSfA-GEx3LM,2023-01-08,-0.754598081111908,42984.0,Sakshi,166.0,15.0,yerragondapalem.png,Audimulapu Suresh,YSRCP,Yerragondapalem,0,0,1,1,1,0,0,0,0,0,0,0,0,0,0,0,0,0,0,0,0
Q4afJaq-EQk,2023-01-08,-0.9943177103996276,89684.0,Sakshi,202.0,30.0,yerragondapalem.png,Audimulapu Suresh,YSRCP,Yerragondapalem,0,0,0,0,1,0,0,0,0,0,0,0,0,0,0,0,1,0,0,0,0
Bi5BlJsPT8Y,2023-01-09,-0.9958277344703674,1309.0,Sakshi,151.0,9.0,yerragondapalem.png,Audimulapu Suresh,YSRCP,Yerragondapalem,1,0,0,1,0,1,1,0,0,0,0,1,0,1,0,1,1,0,0,0,0
ywiwJDIZGl8,2023-01-10,0.9972821474075316,4920.0,Sakshi,375.0,7.0,yerragondapalem.png,Audimulapu Suresh,YSRCP,Yerragondapalem,0,0,0,0,0,0,0,0,0,0,0,0,0,0,0,0,0,0,0,0,0
pCeeRj1kHvA,2023-01-10,-0.9978600144386292,16747.0,Sakshi,203.0,42.0,yerragondapalem.png,Audimulapu Suresh,YSRCP,Yerragondapalem,0,0,1,0,1,1,1,0,0,0,0,0,0,1,0,0,0,1,0,0,0
oJNnbIWlTYY,2023-01-10,-0.9196217060089112,1527.0,Sakshi,82.0,2.0,yerragondapalem.png,Audimulapu Suresh,YSRCP,Yerragondapalem,0,0,0,0,0,0,0,0,0,0,0,0,0,0,0,0,0,0,0,0,0
OiehVnIC_Fk,2023-01-10,-0.9985743761062622,12662.0,TV9,395.0,57.0,yerragondapalem.png,Audimulapu Suresh,YSRCP,Yerragondapalem,0,0,0,0,0,0,0,0,0,0,0,0,0,0,0,0,0,0,0,0,0
Dv7mpe_sbvk,2023-01-10,-0.9939020872116088,24168.0,Sakshi,309.0,47.0,yerragondapalem.png,Audimulapu Suresh,YSRCP,Yerragondapalem,0,0,1,0,1,1,0,0,0,0,0,0,0,0,0,0,0,0,0,0,0
cbSnRv8fG1s,2023-01-10,0.9637734293937684,14749.0,Sakshi,574.0,20.0,yerragondapalem.png,Audimulapu Suresh,YSRCP,Yerragondapalem,0,0,0,0,0,0,0,0,0,0,0,0,0,0,0,0,0,0,0,0,0
03axZ2N7t0o,2023-01-10,-0.9971129894256592,7270.0,Sakshi,219.0,1.0,yerragondapalem.png,Audimulapu Suresh,YSRCP,Yerragondapalem,0,0,1,0,1,0,0,0,0,0,0,0,0,0,0,0,0,0,0,0,0
_uE8BUawyoE,2023-01-10,0.9682406187057496,23003.0,Sakshi,239.0,7.0,yerragondapalem.png,Audimulapu Suresh,YSRCP,Yerragondapalem,0,0,0,0,1,0,0,0,0,0,0,0,0,0,0,0,0,0,0,0,0
Te6uiYLs32c,2023-01-11,-0.9969664216041564,9898.0,Sakshi,409.0,16.0,yerragondapalem.png,Audimulapu Suresh,YSRCP,Yerragondapalem,0,0,0,0,0,1,0,0,0,0,0,0,0,0,0,0,0,0,0,0,0
0GUccTVQUGs,2023-01-11,-0.9835281372070312,1727.0,Sakshi,165.0,7.0,yerragondapalem.png,Audimulapu Suresh,YSRCP,Yerragondapalem,0,1,0,0,0,0,1,1,0,0,0,0,0,0,0,0,0,1,0,0,0
aXTvWWE09W0,2023-01-11,0.99684476852417,16440.0,Sakshi,381.0,17.0,yerragondapalem.png,Audimulapu Suresh,YSRCP,Yerragondapalem,0,0,1,0,0,0,0,0,0,0,0,0,0,0,0,0,0,0,0,0,0
e3AnTmvwbw0,2023-01-11,-0.9908350706100464,101665.0,Sakshi,283.0,81.0,yerragondapalem.png,Audimulapu Suresh,YSRCP,Yerragondapalem,0,0,1,0,0,1,0,0,0,0,0,0,0,0,0,0,0,0,0,0,0
TptRcMQhXdo,2023-01-11,-0.9980319142341614,114952.0,Sakshi,319.0,244.0,yerragondapalem.png,Audimulapu Suresh,YSRCP,Yerragondapalem,0,0,0,0,0,1,1,0,0,0,0,0,0,0,0,0,1,1,0,0,1
ga5gwOZ3opc,2023-01-11,-0.995128870010376,966.0,TV9,312.0,1.0,yerragondapalem.png,Audimulapu Suresh,YSRCP,Yerragondapalem,0,0,0,0,0,0,0,0,0,0,0,0,0,0,0,0,0,0,0,0,0
ntoIP2fQhgM,2023-01-11,-0.99013090133667,3752.0,Sakshi,264.0,3.0,yerragondapalem.png,Audimulapu Suresh,YSRCP,Yerragondapalem,0,0,1,1,1,1,0,0,0,0,1,1,0,0,0,0,0,0,0,0,0
antaRkmB65o,2023-01-11,-0.9973011612892152,595117.0,Sakshi,127.0,308.0,yerragondapalem.png,Audimulapu Suresh,YSRCP,Yerragondapalem,0,1,1,0,1,0,0,0,0,1,0,0,0,0,0,0,1,0,0,0,0
RSWlbMeeje8,2023-01-12,-0.979453980922699,89822.0,Sakshi,110.0,44.0,yerragondapalem.png,Audimulapu Suresh,YSRCP,Yerragondapalem,0,0,1,0,0,1,0,0,0,0,0,0,0,0,0,0,1,0,1,0,0
ouRmShR_Hv0,2023-01-12,0.9985142350196838,4270.0,Sakshi,203.0,2.0,yerragondapalem.png,Audimulapu Suresh,YSRCP,Yerragondapalem,0,0,1,0,0,0,0,0,1,0,1,0,0,0,0,0,0,0,0,1,1
FFj_mmB-iWY,2023-01-12,0.9892796874046326,8537.0,Sakshi,212.0,12.0,yerragondapalem.png,Audimulapu Suresh,YSRCP,Yerragondapalem,1,1,1,0,0,1,0,0,0,0,0,0,0,0,0,0,1,0,0,0,0
N2OVkr-YsSI,2023-01-12,-0.9953848719596864,29706.0,Sakshi,275.0,18.0,yerragondapalem.png,Audimulapu Suresh,YSRCP,Yerragondapalem,0,0,0,1,0,0,0,0,0,0,0,0,0,0,0,0,0,0,0,0,0
-HlIYFPcIK4,2023-01-12,0.9979767203330994,862.0,TV9,142.0,3.0,yerragondapalem.png,Audimulapu Suresh,YSRCP,Yerragondapalem,0,0,0,1,0,0,1,0,0,0,0,0,0,0,0,0,1,0,0,1,0
G5EBtJ7Pz08,2023-01-19,0.994904398918152,1432.0,Sakshi,546.0,7.0,yerragondapalem.png,Audimulapu Suresh,YSRCP,Yerragondapalem,0,0,0,0,0,0,0,0,1,0,0,0,0,0,0,0,0,0,0,0,0
Qi4YO5MJIC4,2023-01-21,0.996687352657318,3801.0,Sakshi,570.0,6.0,yerragondapalem.png,Audimulapu Suresh,YSRCP,Yerragondapalem,0,0,0,0,0,1,0,1,0,1,0,0,0,0,0,0,0,0,0,0,0
QRCkdb3vIVI,2023-01-21,-0.998198926448822,1530.0,TV9,313.0,0.0,yerragondapalem.png,Audimulapu Suresh,YSRCP,Yerragondapalem,0,0,0,0,0,0,0,0,0,0,0,0,0,0,0,0,0,0,0,0,0
a6OaM-Z-AZs,2023-01-23,0.9962822794914246,4576.0,Sakshi,337.0,5.0,yerragondapalem.png,Audimulapu Suresh,YSRCP,Yerragondapalem,0,0,0,1,1,1,0,1,0,1,1,0,0,0,0,1,1,0,0,0,0
wZYja8jMmfY,2023-01-24,0.995759904384613,6593.0,TV9,375.0,9.0,yerragondapalem.png,Audimulapu Suresh,YSRCP,Yerragondapalem,0,0,0,0,0,0,1,0,0,0,0,0,0,0,0,0,0,0,0,0,0
CdFKlseqrvU,2023-01-24,-0.9994837045669556,7340.0,Sakshi,259.0,30.0,yerragondapalem.png,Audimulapu Suresh,YSRCP,Yerragondapalem,0,0,1,0,1,1,0,1,0,1,0,0,0,0,0,0,0,0,0,0,1
9TuN1n3jQN0,2023-01-24,-0.9979116320610046,881.0,TV9,265.0,3.0,yerragondapalem.png,Audimulapu Suresh,YSRCP,Yerragondapalem,0,0,0,0,0,0,0,0,0,0,0,0,0,0,0,0,0,0,0,0,0
MkpA1P8AI94,2023-01-25,-0.9880645871162416,215.0,TV9,298.0,0.0,yerragondapalem.png,Audimulapu Suresh,YSRCP,Yerragondapalem,0,0,0,1,0,0,0,0,0,0,0,0,0,0,0,0,0,0,0,0,0
jN74DZobn2E,2023-01-25,-0.992233157157898,429.0,TV9,298.0,3.0,yerragondapalem.png,Audimulapu Suresh,YSRCP,Yerragondapalem,0,0,0,1,1,0,0,0,0,0,0,0,0,0,0,0,0,0,0,0,0
hyWvVje9_cs,2023-01-25,0.9984644651412964,1352.0,TV9,139.0,0.0,yerragondapalem.png,Audimulapu Suresh,YSRCP,Yerragondapalem,0,0,0,0,0,0,0,0,0,0,0,0,0,0,0,0,0,0,0,0,0
yO130xnw_2U,2023-01-25,0.9973530769348145,359.0,TV9,349.0,7.0,yerragondapalem.png,Audimulapu Suresh,YSRCP,Yerragondapalem,0,0,0,0,0,0,0,0,0,0,0,0,0,0,0,0,0,0,0,0,0
Bci-XbsQ2_g,2023-01-25,-0.9951373934745787,362.0,TV9,305.0,1.0,yerragondapalem.png,Audimulapu Suresh,YSRCP,Yerragondapalem,0,0,0,1,0,0,0,0,0,0,0,0,0,0,0,0,0,0,0,0,0
B-SsxEw3D90,2023-01-25,0.9925791621208192,248.0,TV9,276.0,1.0,yerragondapalem.png,Audimulapu Suresh,YSRCP,Yerragondapalem,0,0,0,0,1,0,0,0,0,0,0,0,0,0,0,0,1,0,0,0,0
9ICB1739t48,2023-01-25,0.966271996498108,1663.0,Sakshi,272.0,8.0,yerragondapalem.png,Audimulapu Suresh,YSRCP,Yerragondapalem,1,1,1,1,1,1,0,0,0,0,0,0,1,0,0,0,0,0,0,0,0
p8Md8OgHZYE,2023-01-26,0.9974855184555054,3615.0,Sakshi,199.0,4.0,yerragondapalem.png,Audimulapu Suresh,YSRCP,Yerragondapalem,0,0,0,0,0,0,0,0,0,0,0,0,0,0,0,0,0,0,0,1,0
R6SCkCOroNo,2023-01-26,0.993647038936615,1057.0,Sakshi,152.0,1.0,yerragondapalem.png,Audimulapu Suresh,YSRCP,Yerragondapalem,0,0,0,0,1,0,0,0,1,0,0,0,0,0,0,0,1,0,0,0,0
tSC3acs8hbQ,2023-01-26,0.98239266872406,460.0,Sakshi,569.0,2.0,yerragondapalem.png,Audimulapu Suresh,YSRCP,Yerragondapalem,0,0,0,0,0,0,0,0,0,0,0,0,0,0,0,0,0,0,0,0,0
3IRksz-U9G4,2023-01-27,0.9902415871620178,28995.0,TV9,367.0,0.0,yerragondapalem.png,Audimulapu Suresh,YSRCP,Yerragondapalem,0,0,0,0,0,0,0,0,0,0,0,0,1,0,0,0,0,0,0,0,0
53zu8tKl-T8,2023-01-27,-0.9994009733200072,1340.0,ABN,585.0,3.0,yerragondapalem.png,Audimulapu Suresh,YSRCP,Yerragondapalem,0,0,0,0,0,0,0,0,1,0,0,0,0,0,0,0,0,0,0,0,0
vJQ7XjttAjk,2023-01-27,0.9980168342590332,13180.0,TV9,440.0,18.0,yerragondapalem.png,Audimulapu Suresh,YSRCP,Yerragondapalem,0,0,0,0,0,0,0,0,0,0,0,0,1,0,0,0,0,0,0,0,0
HbaBHkWK_D4,2023-01-30,-0.9974797368049622,7782.0,Sakshi,311.0,7.0,yerragondapalem.png,Audimulapu Suresh,YSRCP,Yerragondapalem,1,1,1,1,1,1,1,1,1,1,0,0,1,1,0,0,0,0,1,1,0
tarkVTP61Vo,2023-01-30,0.9960214495658876,1084.0,TV9,330.0,3.0,yerragondapalem.png,Audimulapu Suresh,YSRCP,Yerragondapalem,0,0,0,0,0,0,0,0,0,0,0,0,0,0,0,0,0,0,0,0,0
LIyvIa-QV4g,2023-01-31,-0.9991716146469116,269.0,ABN,134.0,0.0,yerragondapalem.png,Audimulapu Suresh,YSRCP,Yerragondapalem,1,0,0,0,0,0,0,0,1,0,0,0,0,0,0,0,0,0,0,0,0
g7cWvYmp8a0,2023-01-31,0.9851927757263184,2374.0,Sakshi,511.0,4.0,yerragondapalem.png,Audimulapu Suresh,YSRCP,Yerragondapalem,0,0,0,0,1,1,0,1,0,1,0,0,0,0,0,0,0,0,0,0,0
vimZz_gAsXU,2023-01-31,0.984266459941864,950.0,TV9,330.0,1.0,yerragondapalem.png,Audimulapu Suresh,YSRCP,Yerragondapalem,0,0,0,0,0,0,0,1,0,0,0,0,0,0,0,0,0,0,0,0,0
TSfASlXxFzI,2023-01-31,-0.9982176423072816,2481.0,TV5,287.0,1.0,yerragondapalem.png,Audimulapu Suresh,YSRCP,Yerragondapalem,1,0,0,0,0,0,0,0,0,0,0,0,0,0,0,0,0,0,0,1,0
_BTu4a8pHg8,2023-01-31,0.9810505509376526,1249.0,TV9,321.0,1.0,yerragondapalem.png,Audimulapu Suresh,YSRCP,Yerragondapalem,0,0,0,0,0,0,0,0,0,0,0,0,0,0,0,0,0,0,1,0,0
6cWhEzFZ1sk,2023-01-31,0.9987516403198242,548.0,TV9,321.0,0.0,yerragondapalem.png,Audimulapu Suresh,YSRCP,Yerragondapalem,0,0,0,0,0,0,0,0,0,0,0,0,0,0,0,0,0,0,0,0,0
BxA7EDaGvqM,2023-01-31,0.9949411153793336,1000.0,TV9,261.0,3.0,yerragondapalem.png,Audimulapu Suresh,YSRCP,Yerragondapalem,0,0,0,0,0,0,0,0,0,0,0,0,0,0,0,0,0,0,0,0,0
MAzve50n0nA,2023-02-01,0.9697815179824828,4729.0,Sakshi,495.0,14.0,yerragondapalem.png,Audimulapu Suresh,YSRCP,Yerragondapalem,0,0,1,0,0,0,0,0,0,0,0,0,0,0,0,0,0,0,0,0,0
sD8_y68T5tY,2023-02-01,-0.983382523059845,32635.0,ABN,373.0,9.0,yerragondapalem.png,Audimulapu Suresh,YSRCP,Yerragondapalem,0,0,0,0,0,0,0,0,1,0,0,0,0,0,0,0,0,0,0,0,0
xB0ubJUES9w,2023-02-02,-0.9951203465461732,3457.0,TV9,257.0,3.0,yerragondapalem.png,Audimulapu Suresh,YSRCP,Yerragondapalem,0,0,0,0,0,0,0,0,0,0,0,0,0,0,0,0,0,0,0,0,0
L9wd6GFDvEs,2023-02-02,-0.9969971179962158,16843.0,Sakshi,350.0,27.0,yerragondapalem.png,Audimulapu Suresh,YSRCP,Yerragondapalem,0,0,0,0,0,0,0,0,0,0,0,0,0,0,0,0,0,0,0,0,0
ZqqDo2BxvXo,2023-02-03,0.997890055179596,25361.0,Sakshi,580.0,56.0,yerragondapalem.png,Audimulapu Suresh,YSRCP,Yerragondapalem,0,0,0,0,1,1,0,1,0,0,0,0,0,0,0,0,0,0,0,0,0
f0GuY4TKumU,2023-02-03,0.998017191886902,41988.0,Sakshi,491.0,90.0,yerragondapalem.png,Audimulapu Suresh,YSRCP,Yerragondapalem,0,0,0,0,1,0,0,0,0,0,0,0,0,0,0,0,0,0,0,0,0
o4HQ8XC0bR0,2023-02-04,-0.9955007433891296,5251.0,Sakshi,163.0,4.0,yerragondapalem.png,Audimulapu Suresh,YSRCP,Yerragondapalem,0,0,0,1,0,1,0,0,0,0,0,0,0,0,0,0,0,0,0,0,0
phto_kPrhOY,2023-02-04,0.9956538677215576,140807.0,Sakshi,545.0,139.0,yerragondapalem.png,Audimulapu Suresh,YSRCP,Yerragondapalem,0,0,0,0,0,0,0,0,0,0,0,0,0,0,0,0,0,0,0,0,0
ljqRdewxwwY,2023-02-04,-0.9947581887245178,2096.0,Sakshi,261.0,1.0,yerragondapalem.png,Audimulapu Suresh,YSRCP,Yerragondapalem,0,1,0,1,0,1,0,1,0,1,0,0,0,0,0,1,0,0,0,0,0
yztAlsNTCmA,2023-02-05,0.9966984391212464,38422.0,Sakshi,249.0,51.0,yerragondapalem.png,Audimulapu Suresh,YSRCP,Yerragondapalem,0,0,1,0,0,0,0,0,0,1,0,0,0,0,0,1,0,0,0,0,0
Tf5dwobm6aM,2023-02-06,0.9426531195640564,19272.0,TV9,255.0,24.0,yerragondapalem.png,Audimulapu Suresh,YSRCP,Yerragondapalem,0,0,0,0,0,0,0,0,0,0,0,0,0,0,0,0,0,0,0,0,0
wN4lX1yunho,2023-02-07,-0.9979678988456726,7901.0,Sakshi,348.0,21.0,yerragondapalem.png,Audimulapu Suresh,YSRCP,Yerragondapalem,0,0,1,0,1,1,0,0,0,0,0,0,0,0,0,0,0,0,0,0,0
kCPqgiAnUSY,2023-02-07,0.9456074833869934,3559.0,TV9,380.0,6.0,yerragondapalem.png,Audimulapu Suresh,YSRCP,Yerragondapalem,0,0,0,0,0,0,0,0,0,0,0,0,0,0,0,0,0,0,0,0,1
aC80ubBHwAs,2023-02-08,-0.9975850582122804,1853.0,TV9,188.0,1.0,yerragondapalem.png,Audimulapu Suresh,YSRCP,Yerragondapalem,0,0,0,1,0,0,0,0,0,0,0,0,0,0,0,0,0,0,0,0,0
yBMFgKSGhJg,2023-02-08,-0.9892669916152954,1017.0,TV9,371.0,2.0,yerragondapalem.png,Audimulapu Suresh,YSRCP,Yerragondapalem,0,0,0,0,0,0,0,0,0,0,0,0,0,0,0,0,0,0,0,0,0
z_FhvDOUQVU,2023-02-08,0.9927048087120056,4452.0,TV9,149.0,4.0,yerragondapalem.png,Audimulapu Suresh,YSRCP,Yerragondapalem,0,0,0,0,0,0,0,0,0,0,0,0,0,0,0,0,0,0,0,0,0
S8efCMcG8lg,2023-02-09,-0.9981472492218018,920.0,TV9,269.0,0.0,yerragondapalem.png,Audimulapu Suresh,YSRCP,Yerragondapalem,0,0,0,0,0,0,0,0,0,0,0,0,0,0,0,0,0,0,0,0,1
WnxQ8b-0OjE,2023-02-09,-0.993605375289917,2935.0,TV9,270.0,3.0,yerragondapalem.png,Audimulapu Suresh,YSRCP,Yerragondapalem,0,0,0,0,0,0,0,0,0,0,0,0,0,0,0,0,0,0,0,0,0
SU9AI7yn1fM,2023-02-09,-0.9774497747421264,293.0,TV9,294.0,0.0,yerragondapalem.png,Audimulapu Suresh,YSRCP,Yerragondapalem,0,0,0,0,0,0,0,0,0,0,0,0,0,0,0,0,0,0,0,1,0
kMaY-ZF4EsU,2023-02-13,0.9946740865707396,1394.0,Sakshi,183.0,6.0,yerragondapalem.png,Audimulapu Suresh,YSRCP,Yerragondapalem,0,0,1,1,0,1,0,1,0,0,0,0,0,0,0,0,0,0,0,0,0
oH1lFdrrUSA,2023-02-14,-0.9967159032821656,3476.0,ABN,304.0,7.0,yerragondapalem.png,Audimulapu Suresh,YSRCP,Yerragondapalem,0,0,0,0,0,0,0,0,0,0,0,0,0,0,0,0,0,0,0,0,0
2_5F9ODjtkA,2023-02-15,0.9986454844474792,5093.0,Sakshi,125.0,14.0,yerragondapalem.png,Audimulapu Suresh,YSRCP,Yerragondapalem,0,1,1,0,1,0,0,0,0,0,0,0,0,0,0,0,1,0,0,1,0
IYwJipEVV38,2023-02-15,0.998647153377533,1107.0,TV9,138.0,3.0,yerragondapalem.png,Audimulapu Suresh,YSRCP,Yerragondapalem,0,0,0,0,0,0,0,0,0,0,0,0,0,0,0,0,0,0,0,0,0
ARZU5F46oOE,2023-02-20,0.9956899285316468,2515.0,Sakshi,164.0,6.0,yerragondapalem.png,Audimulapu Suresh,YSRCP,Yerragondapalem,0,1,1,0,1,0,0,0,0,1,0,0,0,0,0,0,0,0,0,0,0
j9qef2A0DTU,2023-02-23,0.9942203760147096,460.0,TV9,190.0,6.0,yerragondapalem.png,Audimulapu Suresh,YSRCP,Yerragondapalem,0,0,0,1,0,0,0,0,0,0,0,0,0,0,0,0,0,0,0,0,0
59SeP6RZDsM,2023-03-01,0.9983288645744324,286.0,TV9,251.0,2.0,yerragondapalem.png,Audimulapu Suresh,YSRCP,Yerragondapalem,0,0,0,0,0,0,0,0,0,0,0,0,0,0,0,0,0,0,0,0,0
aZHJH1RIyFI,2023-03-01,0.710220217704773,682.0,TV9,273.0,0.0,yerragondapalem.png,Audimulapu Suresh,YSRCP,Yerragondapalem,0,0,0,0,0,1,0,0,0,0,0,0,0,0,0,0,0,0,0,0,0
WUlY5rq3z0g,2023-03-01,0.9859858751296996,730.0,TV9,240.0,2.0,yerragondapalem.png,Audimulapu Suresh,YSRCP,Yerragondapalem,0,0,0,1,0,1,0,0,0,0,0,0,0,0,0,0,0,0,0,0,0
06a5b0v0A1g,2023-03-01,-0.9740138053894044,348.0,TV9,282.0,1.0,yerragondapalem.png,Audimulapu Suresh,YSRCP,Yerragondapalem,0,0,0,1,0,1,0,0,0,0,0,0,0,0,0,0,0,0,0,0,0
7LMS7oYjGcs,2023-03-02,0.9979590177536012,948.0,TV9,273.0,2.0,yerragondapalem.png,Audimulapu Suresh,YSRCP,Yerragondapalem,0,0,0,0,1,0,0,0,1,0,0,0,0,0,0,0,0,0,0,0,0
QNDQsUu61wo,2023-03-02,0.9980875849723816,943.0,TV9,316.0,2.0,yerragondapalem.png,Audimulapu Suresh,YSRCP,Yerragondapalem,0,0,0,0,0,0,0,0,0,0,0,0,0,0,1,0,0,0,0,0,0
n7Dt0qOe4vM,2023-03-06,-0.9340430498123168,4870.0,TV9,253.0,4.0,yerragondapalem.png,Audimulapu Suresh,YSRCP,Yerragondapalem,0,1,1,1,0,0,0,0,0,0,0,0,0,0,0,0,0,0,0,0,0
Em8Z16jxYKg,2023-03-08,0.9974763989448548,2096.0,TV9,183.0,1.0,yerragondapalem.png,Audimulapu Suresh,YSRCP,Yerragondapalem,0,0,0,0,0,0,0,0,1,0,0,0,0,0,1,0,0,0,0,0,0
SUaqSDicK_o,2023-03-09,0.9925018548965454,7785.0,Sakshi,60.0,9.0,yerragondapalem.png,Audimulapu Suresh,YSRCP,Yerragondapalem,0,1,1,0,1,0,0,0,0,1,0,0,0,0,0,0,1,0,0,0,0
Adfjhtzm1R4,2023-03-09,0.9959852695465088,9741.0,Sakshi,211.0,18.0,yerragondapalem.png,Audimulapu Suresh,YSRCP,Yerragondapalem,1,1,1,1,1,1,0,1,0,0,0,0,0,0,0,0,1,0,0,0,0
xPeOB3reMuY,2023-03-11,-0.9983766078948976,772.0,TV5,113.0,0.0,yerragondapalem.png,Audimulapu Suresh,YSRCP,Yerragondapalem,0,0,0,0,0,0,0,0,1,0,0,0,0,0,0,1,0,0,0,0,0
yFvlDvvN_bM,2023-03-12,0.9988227486610411,1025.0,TV9,42.0,0.0,yerragondapalem.png,Audimulapu Suresh,YSRCP,Yerragondapalem,0,0,0,0,0,0,0,0,0,0,0,0,0,0,0,0,0,0,0,0,0
ViNDjUi0WAY,2023-03-13,0.9981073141098022,17160.0,Sakshi,290.0,13.0,yerragondapalem.png,Audimulapu Suresh,YSRCP,Yerragondapalem,0,1,1,1,1,0,0,0,1,0,0,0,0,1,0,0,0,0,0,0,0
f6u3vxNY9gs,2023-03-13,-0.9931787252426147,4451.0,Sakshi,332.0,12.0,yerragondapalem.png,Audimulapu Suresh,YSRCP,Yerragondapalem,0,1,1,0,0,0,1,0,0,0,0,0,0,0,0,0,0,0,0,0,0
xucUi939WrM,2023-03-15,-0.9975278973579408,19903.0,ABN,242.0,3.0,yerragondapalem.png,Audimulapu Suresh,YSRCP,Yerragondapalem,0,1,1,0,0,0,0,0,0,1,0,0,0,0,0,0,0,0,0,0,0
n2mSgXx4fSo,2023-03-17,-0.993837296962738,10675.0,TV9,283.0,17.0,yerragondapalem.png,Audimulapu Suresh,YSRCP,Yerragondapalem,0,0,0,0,0,1,0,0,0,0,0,0,0,0,0,0,0,0,0,0,0
olfWgSRisTM,2023-03-17,0.9977461695671082,1139.0,TV9,282.0,0.0,yerragondapalem.png,Audimulapu Suresh,YSRCP,Yerragondapalem,0,0,0,0,0,0,0,0,1,0,0,0,0,0,1,1,0,0,0,0,0
IOP-fqRCoFE,2023-03-17,-0.999398946762085,3731.0,Sakshi,195.0,6.0,yerragondapalem.png,Audimulapu Suresh,YSRCP,Yerragondapalem,1,0,0,0,1,0,0,0,1,0,0,0,0,0,0,1,0,0,0,1,1
yMoB3b8-BlI,2023-03-17,-0.9993093013763428,1976.0,ABN,305.0,3.0,yerragondapalem.png,Audimulapu Suresh,YSRCP,Yerragondapalem,1,0,0,0,0,0,0,0,1,0,0,0,0,0,0,1,0,0,0,0,0
otNQ_SYzwZE,2023-03-20,-0.9935706853866576,752.0,TV9,303.0,4.0,yerragondapalem.png,Audimulapu Suresh,YSRCP,Yerragondapalem,1,0,0,0,0,1,0,0,0,0,0,0,0,0,0,0,0,0,0,0,0
-AUy3SEKcPg,2023-03-20,0.9862122535705566,3776.0,ABN,185.0,5.0,yerragondapalem.png,Audimulapu Suresh,YSRCP,Yerragondapalem,1,0,0,0,0,0,0,0,0,0,0,0,0,0,0,1,0,0,0,0,0
cI95yHCBxm0,2023-03-20,-0.9993071556091307,232393.0,Sakshi,329.0,526.0,yerragondapalem.png,Audimulapu Suresh,YSRCP,Yerragondapalem,0,0,0,0,0,1,0,1,1,0,0,0,0,0,0,0,1,0,0,0,0
MRGrXGBrowY,2023-03-20,-0.9986811280250548,9875.0,ABN,125.0,13.0,yerragondapalem.png,Audimulapu Suresh,YSRCP,Yerragondapalem,1,1,1,0,0,0,0,0,0,0,0,0,0,0,0,0,0,0,0,0,0
pi1Haj5NUiI,2023-03-21,-0.9984569549560548,3190.0,TV9,278.0,13.0,yerragondapalem.png,Audimulapu Suresh,YSRCP,Yerragondapalem,0,0,0,0,0,0,0,0,0,0,0,0,0,0,0,0,0,0,0,0,0
oLNkJBZKMsY,2023-03-22,-0.9925423860549928,3001.0,TV9,279.0,21.0,yerragondapalem.png,Audimulapu Suresh,YSRCP,Yerragondapalem,0,0,1,1,1,0,1,1,0,1,1,1,0,0,1,0,1,0,1,1,1
epzrbAk-kdY,2023-03-26,0.996614158153534,19573.0,TV9,111.0,70.0,yerragondapalem.png,Audimulapu Suresh,YSRCP,Yerragondapalem,0,0,0,0,0,0,0,0,0,0,0,0,0,0,0,0,0,0,0,0,0
uUo1_4sAGNA,2023-03-27,0.991778552532196,3657.0,Sakshi,117.0,5.0,yerragondapalem.png,Audimulapu Suresh,YSRCP,Yerragondapalem,0,1,1,0,0,1,0,0,0,1,0,0,0,0,0,0,0,0,0,1,0
3wutObg7r2s,2023-03-27,-0.996924102306366,11215.0,TV5,234.0,21.0,yerragondapalem.png,Audimulapu Suresh,YSRCP,Yerragondapalem,1,1,1,0,0,0,0,0,0,0,0,0,0,0,0,0,0,0,0,0,0
zLQggjYEDjk,2023-03-31,0.9965039491653442,3481.0,TV9,337.0,28.0,yerragondapalem.png,Audimulapu Suresh,YSRCP,Yerragondapalem,0,0,0,0,0,0,0,0,0,0,1,0,0,0,0,0,0,0,0,0,0
ZYpjn2DQh00,2023-04-04,-0.9961907863616944,1841.0,TV5,223.0,0.0,yerragondapalem.png,Audimulapu Suresh,YSRCP,Yerragondapalem,1,1,0,0,0,1,0,0,1,0,1,0,0,0,0,0,0,0,0,0,0
ja9X2g1AzCc,2023-04-04,0.9923535585403442,10380.0,Sakshi,196.0,18.0,yerragondapalem.png,Audimulapu Suresh,YSRCP,Yerragondapalem,1,0,0,0,0,1,0,1,0,0,0,0,0,0,0,1,0,0,0,0,0
kowSEPmtG4E,2023-04-05,-0.999251425266266,2031.0,TV9,186.0,8.0,yerragondapalem.png,Audimulapu Suresh,YSRCP,Yerragondapalem,0,0,0,0,0,0,0,0,0,0,0,0,0,0,0,0,0,0,0,0,0
d3PX9kgogsw,2023-04-08,-0.9981045722961426,1393.0,TV9,279.0,0.0,yerragondapalem.png,Audimulapu Suresh,YSRCP,Yerragondapalem,0,0,0,0,0,0,0,0,0,0,0,0,0,0,0,0,0,0,0,0,0
qJkR0DqYlVA,2023-04-10,-0.99850732088089,976.0,TV5,345.0,1.0,yerragondapalem.png,Audimulapu Suresh,YSRCP,Yerragondapalem,0,1,0,0,0,0,0,0,0,0,0,0,0,0,0,0,0,0,0,0,0
6eNpCM32pks,2023-04-13,-0.99822598695755,2256.0,ABN,232.0,2.0,yerragondapalem.png,Audimulapu Suresh,YSRCP,Yerragondapalem,0,0,0,0,0,0,0,0,0,0,0,0,0,0,0,0,1,0,1,0,0
firkVN0ECgo,2023-04-16,-0.9980348944664,31505.0,TV9,229.0,1.0,yerragondapalem.png,Audimulapu Suresh,YSRCP,Yerragondapalem,0,0,0,0,0,0,0,0,0,0,0,0,0,0,0,0,0,0,0,0,0
aB1SVSbrymY,2023-04-16,-0.9969160556793212,2479.0,Sakshi,225.0,26.0,yerragondapalem.png,Audimulapu Suresh,YSRCP,Yerragondapalem,0,1,1,1,1,1,1,1,0,0,0,0,0,0,1,1,0,0,0,0,0
T8vHGtI3qF8,2023-04-16,-0.9974380731582642,3323.0,TV9,121.0,17.0,yerragondapalem.png,Audimulapu Suresh,YSRCP,Yerragondapalem,0,0,0,0,0,1,0,0,0,0,0,0,0,0,0,0,0,0,0,0,0
OZnZiamGdc0,2023-04-16,-0.9985139966011048,22082.0,TV9,237.0,2.0,yerragondapalem.png,Audimulapu Suresh,YSRCP,Yerragondapalem,0,0,0,0,0,0,0,0,0,0,0,0,0,0,0,0,0,0,0,1,0
gp5LJDCim40,2023-04-16,-0.9954671859741212,4391.0,ABN,116.0,10.0,yerragondapalem.png,Audimulapu Suresh,YSRCP,Yerragondapalem,0,0,0,0,0,0,0,0,0,0,0,0,0,0,0,0,0,0,0,0,0
BmwbAac4hVo,2023-04-17,-0.9969603419303894,1406.0,Sakshi,108.0,2.0,yerragondapalem.png,Audimulapu Suresh,YSRCP,Yerragondapalem,0,1,1,0,0,1,0,0,0,0,0,0,0,0,0,0,0,0,0,0,0
bjTIMvPcs68,2023-04-17,-0.991393506526947,6408.0,Sakshi,65.0,44.0,yerragondapalem.png,Audimulapu Suresh,YSRCP,Yerragondapalem,0,1,1,0,1,0,0,0,0,0,0,0,0,0,0,0,0,0,0,0,0
CNihNBCyMEg,2023-04-18,-0.9994770884513856,1882.0,TV9,226.0,13.0,yerragondapalem.png,Audimulapu Suresh,YSRCP,Yerragondapalem,0,0,0,0,0,0,0,0,0,0,0,0,0,0,0,0,0,1,0,0,0
KhLFnualMN4,2023-04-20,-0.9971625208854676,1990.0,ABN,238.0,1.0,yerragondapalem.png,Audimulapu Suresh,YSRCP,Yerragondapalem,0,1,1,0,1,0,0,0,0,0,0,0,0,0,0,0,0,0,0,0,0
QoDGEfm2GSI,2023-04-20,0.9913980960845948,1273.0,TV9,187.0,6.0,yerragondapalem.png,Audimulapu Suresh,YSRCP,Yerragondapalem,0,0,0,0,0,0,0,0,0,0,0,0,0,1,0,0,1,0,0,0,0
dUkY7eGIayM,2023-04-21,0.9971326589584352,2839.0,Sakshi,54.0,6.0,yerragondapalem.png,Audimulapu Suresh,YSRCP,Yerragondapalem,0,0,1,0,1,0,0,0,0,0,0,0,0,0,0,0,0,1,0,0,0
NMod471K4Dg,2023-04-22,-0.9988634586334229,1803.0,Sakshi,345.0,9.0,yerragondapalem.png,Audimulapu Suresh,YSRCP,Yerragondapalem,0,1,1,0,0,1,1,1,0,1,0,0,0,0,0,0,0,0,0,0,0
CHgEjwCO_60,2023-04-22,-0.999462902545929,29244.0,Sakshi,323.0,147.0,yerragondapalem.png,Audimulapu Suresh,YSRCP,Yerragondapalem,0,1,1,1,0,1,0,0,0,0,0,1,0,0,0,1,0,0,0,1,0
DiLFK6fKong,2023-04-22,0.9980964064598083,23665.0,Sakshi,42897.0,7.0,yerragondapalem.png,Audimulapu Suresh,YSRCP,Yerragondapalem,0,0,1,0,0,1,0,1,0,0,0,0,0,0,0,0,0,0,0,0,0
