ids,upload_date,sentiment,view_count,uploader,duration,comment_count,f_id,name,party,constituency,tdp,ycp,ysrcp,schemes,cm jagan,chandrababu,pawan kalyan,nara lokesh,AP ,yuvagalam,amaravati,Kuppam,ap employees,ap assembly session today,Atchannaidu,alliance,Peddireddy ,polavaram,visakha,roja,nellore ,srikakulam,yuvashakti,ram gopal varma,tadepalli,suprem court,ap development,tadipatri,varahi ,nandigama
UjPg4Q2egpg,2019-12-21,0.9986395239830016,3611.0,Sakshi,241.0,17.0,tirupati_l.png,Balli Durga Prasad Rao,YSRCP,Tirupati_sc,1,1,1,1,1,0,0,0,0,0,0,0,0,0,0,0,0,0,0,0,0,0,0,0,1,1,0,0,0,0
bvDlahc0Muc,2019-12-21,0.9977107048034668,1884.0,Sakshi,142.0,0.0,tirupati_l.png,Balli Durga Prasad Rao,YSRCP,Tirupati_sc,0,0,1,0,1,0,0,0,0,0,0,0,0,0,0,0,0,0,0,0,0,0,0,0,0,0,0,0,0,0
7NJePPVXgcs,2019-12-22,0.993251621723175,5398.0,Sakshi,197.0,0.0,tirupati_l.png,Balli Durga Prasad Rao,YSRCP,Tirupati_sc,0,0,0,0,0,0,0,0,0,0,0,0,0,0,0,0,0,0,0,0,0,0,0,0,0,1,0,0,0,0
As7hCHSFBV0,2019-12-23,0.998088538646698,1109.0,Sakshi,511.0,1.0,tirupati_l.png,Balli Durga Prasad Rao,YSRCP,Tirupati_sc,0,0,0,0,0,0,0,0,1,0,0,0,0,0,0,0,0,0,0,0,0,0,0,0,0,0,0,0,0,0
_0OhIWjQ3vw,2019-12-26,0.9962729215621948,2494.0,Sakshi,359.0,6.0,tirupati_l.png,Balli Durga Prasad Rao,YSRCP,Tirupati_sc,0,0,0,0,0,0,0,0,0,0,0,0,0,0,0,0,0,0,0,0,0,0,0,0,0,0,0,0,0,0
uIUlHUM1DoM,2020-03-09,0.9985150694847108,8170.0,Sakshi,81.0,3.0,tirupati_l.png,Balli Durga Prasad Rao,YSRCP,Tirupati_sc,0,1,1,0,1,0,0,0,0,0,0,0,0,0,0,0,0,0,0,0,0,0,0,0,0,0,1,0,0,0
NqefjAIoHac,2020-03-10,0.9944695234298706,7309.0,Sakshi,271.0,13.0,tirupati_l.png,Balli Durga Prasad Rao,YSRCP,Tirupati_sc,0,1,1,0,0,0,0,0,0,0,0,0,0,0,0,0,0,0,0,0,0,0,0,0,0,0,0,0,0,0
paznjRy1AtU,2020-03-14,0.9866418838500975,705.0,Sakshi,241.0,1.0,tirupati_l.png,Balli Durga Prasad Rao,YSRCP,Tirupati_sc,0,1,1,0,0,1,0,0,0,0,0,0,0,0,0,0,0,0,0,0,0,0,1,0,0,1,1,1,0,0
myxLlJ8vRW0,2021-02-16,0.9917044639587402,1474.0,Sakshi,200.0,0.0,tirupati_l.png,Balli Durga Prasad Rao,YSRCP,Tirupati_sc,0,0,1,0,0,1,1,1,0,1,1,1,0,0,1,0,0,1,1,0,0,1,1,1,1,0,1,1,0,1
wcNH4CBc-YE,2021-02-17,-0.9948487877845764,73404.0,Sakshi,168.0,92.0,tirupati_l.png,Balli Durga Prasad Rao,YSRCP,Tirupati_sc,1,0,0,0,1,1,0,0,0,0,0,1,0,0,0,0,0,0,0,0,0,0,0,0,0,0,0,0,0,0
nq0093qgvak,2021-02-18,0.9979453682899476,1508.0,Sakshi,182.0,2.0,tirupati_l.png,Balli Durga Prasad Rao,YSRCP,Tirupati_sc,0,1,1,1,1,0,0,0,0,1,0,1,0,0,0,1,1,1,1,1,0,0,1,0,0,0,1,0,0,0
tDJt274z3w0,2021-09-08,0.9812459945678712,2295.0,Sakshi,155.0,12.0,tirupati_l.png,Balli Durga Prasad Rao,YSRCP,Tirupati_sc,0,1,1,0,1,0,0,0,0,0,0,0,0,0,0,0,0,0,0,0,0,0,0,0,0,1,0,0,0,0
gt8-Uw1sAKY,2021-09-27,-0.9993070363998412,17353.0,Sakshi,344.0,72.0,tirupati_l.png,Balli Durga Prasad Rao,YSRCP,Tirupati_sc,0,1,1,1,0,0,1,0,0,0,0,0,1,0,0,1,0,0,0,0,0,0,0,0,0,1,1,0,0,0
gcA9VBJW55o,2021-09-30,0.9857324957847596,8473.0,Sakshi,397.0,10.0,tirupati_l.png,Balli Durga Prasad Rao,YSRCP,Tirupati_sc,0,0,0,0,0,0,0,0,0,0,0,0,0,0,0,0,0,0,0,0,0,0,0,0,0,0,0,0,0,0
pkdP0XK1RR0,2021-10-05,-0.9985322952270508,1643.0,Sakshi,81.0,8.0,tirupati_l.png,Balli Durga Prasad Rao,YSRCP,Tirupati_sc,0,0,1,0,0,1,0,0,1,0,0,0,0,0,0,0,1,0,0,0,0,0,1,0,0,0,1,0,0,0
-y2QUoq8Acg,2021-10-05,-0.993069589138031,5543.0,Sakshi,77.0,19.0,tirupati_l.png,Balli Durga Prasad Rao,YSRCP,Tirupati_sc,0,0,1,0,0,1,1,0,0,0,0,0,0,0,0,0,1,0,0,0,0,0,0,0,0,0,0,0,0,0
G6tFpwxVgWc,2021-10-05,-0.996183454990387,6394.0,Sakshi,175.0,17.0,tirupati_l.png,Balli Durga Prasad Rao,YSRCP,Tirupati_sc,0,0,0,0,0,1,0,0,0,0,0,1,0,0,0,0,1,0,0,0,0,0,0,0,0,0,0,0,0,0
MDmVeQt5AFg,2021-10-23,-0.996278703212738,2551.0,Sakshi,221.0,11.0,tirupati_l.png,Balli Durga Prasad Rao,YSRCP,Tirupati_sc,1,0,1,0,0,0,0,0,0,0,0,0,0,0,1,0,0,0,0,0,0,0,0,0,0,0,1,0,0,0
XcK1zgXjMoU,2021-11-06,0.998512327671051,13514.0,Sakshi,78.0,20.0,tirupati_l.png,Balli Durga Prasad Rao,YSRCP,Tirupati_sc,0,1,1,0,1,0,0,0,0,0,0,0,0,0,0,0,0,0,0,0,0,0,0,0,0,1,0,0,0,0
UIvFUMyS57w,2021-11-15,-0.9967862367630004,2563.0,Sakshi,485.0,14.0,tirupati_l.png,Balli Durga Prasad Rao,YSRCP,Tirupati_sc,0,0,0,0,0,0,0,0,0,0,0,0,0,0,0,0,0,0,0,0,1,0,0,0,0,0,0,0,0,0
wdvUjPh5Nk0,2021-11-16,0.9966095685958862,7141.0,Sakshi,267.0,23.0,tirupati_l.png,Balli Durga Prasad Rao,YSRCP,Tirupati_sc,0,1,1,0,1,1,0,0,0,0,0,1,0,0,0,0,0,0,0,0,0,0,0,0,0,0,0,0,0,0
26bsU5o3ErQ,2021-11-16,0.9936255216598512,17845.0,Sakshi,475.0,91.0,tirupati_l.png,Balli Durga Prasad Rao,YSRCP,Tirupati_sc,0,0,0,0,0,1,0,0,0,0,0,0,0,0,0,0,0,0,0,0,0,0,0,0,0,0,0,0,0,0
hivtBAofdx4,2021-11-24,-0.9814797043800354,18592.0,Sakshi,209.0,51.0,tirupati_l.png,Balli Durga Prasad Rao,YSRCP,Tirupati_sc,0,0,0,0,0,1,0,0,0,0,0,0,0,0,0,0,1,0,0,0,0,0,0,0,0,0,0,0,0,0
xCeZnj-YZv0,2021-11-26,-0.98127543926239,4189.0,Sakshi,433.0,12.0,tirupati_l.png,Balli Durga Prasad Rao,YSRCP,Tirupati_sc,0,0,0,0,1,1,0,0,1,0,0,0,0,0,0,0,0,0,0,0,0,0,0,0,0,0,0,0,0,0
uXiUtM4Y2q0,2021-12-15,-0.9992997646331788,38554.0,Sakshi,205.0,112.0,tirupati_l.png,Balli Durga Prasad Rao,YSRCP,Tirupati_sc,0,0,0,1,0,1,0,0,0,0,0,0,0,0,0,0,0,0,1,0,0,0,1,0,0,1,1,1,0,0
uXh7IQr0PoQ,2021-12-23,0.9973934888839722,122366.0,Sakshi,498.0,112.0,tirupati_l.png,Balli Durga Prasad Rao,YSRCP,Tirupati_sc,0,0,0,0,1,0,0,0,0,0,0,0,0,0,0,0,0,0,0,0,0,0,0,0,0,0,0,0,0,0
lbgMC-9IoNs,2022-01-12,0.9969512224197388,18497.0,Sakshi,109.0,28.0,tirupati_l.png,Balli Durga Prasad Rao,YSRCP,Tirupati_sc,0,0,0,0,0,0,0,0,0,0,0,0,0,0,0,0,0,0,0,0,0,0,0,1,0,0,0,0,0,0
4rGAusTR1Ew,2022-02-02,-0.9980323910713196,9067.0,Sakshi,547.0,108.0,tirupati_l.png,Balli Durga Prasad Rao,YSRCP,Tirupati_sc,0,0,0,0,0,0,0,0,0,0,0,0,1,0,0,0,0,0,0,0,0,0,0,0,0,0,0,0,0,0
VYCWaf0Fk00,2022-02-12,0.9965984225273132,2578.0,Sakshi,248.0,9.0,tirupati_l.png,Balli Durga Prasad Rao,YSRCP,Tirupati_sc,0,0,0,1,0,0,0,0,0,0,0,0,0,0,0,0,0,0,0,0,1,0,0,0,0,0,0,0,0,0
JRPeEdr7BBc,2022-02-23,0.994271755218506,7950.0,Sakshi,590.0,41.0,tirupati_l.png,Balli Durga Prasad Rao,YSRCP,Tirupati_sc,0,0,0,0,0,0,0,0,1,0,0,0,0,0,0,0,0,0,0,0,0,0,0,0,0,0,0,0,0,0
sCq9HUNXviA,2022-03-05,-0.9578039646148682,28362.0,Sakshi,533.0,108.0,tirupati_l.png,Balli Durga Prasad Rao,YSRCP,Tirupati_sc,0,0,0,0,0,1,0,0,0,0,0,0,0,0,0,0,0,0,0,0,0,0,0,0,0,0,0,0,0,0
R6XYG6b9KKY,2022-03-09,0.9979215264320374,1340.0,Sakshi,428.0,2.0,tirupati_l.png,Balli Durga Prasad Rao,YSRCP,Tirupati_sc,0,0,0,0,0,0,0,0,1,0,0,0,0,0,0,0,0,0,0,0,0,0,0,0,0,0,0,0,0,0
qKZdASBj7bc,2022-03-16,-0.9880152344703674,4098.0,Sakshi,192.0,3.0,tirupati_l.png,Balli Durga Prasad Rao,YSRCP,Tirupati_sc,0,1,0,0,0,0,0,0,1,0,0,0,0,1,0,0,0,0,0,0,0,0,0,0,0,0,0,0,0,0
ikh7-FSz6xc,2022-03-22,0.9970065951347352,4579.0,Sakshi,160.0,9.0,tirupati_l.png,Balli Durga Prasad Rao,YSRCP,Tirupati_sc,0,0,0,0,0,0,0,0,1,0,0,0,0,1,0,0,0,0,0,0,0,0,0,0,0,1,1,0,0,0
AKRiThJ5U7w,2022-03-24,-0.997706174850464,2262.0,Sakshi,113.0,2.0,tirupati_l.png,Balli Durga Prasad Rao,YSRCP,Tirupati_sc,1,0,0,1,0,1,0,1,1,0,0,0,0,1,0,0,0,1,0,0,0,0,0,0,0,1,1,0,0,0
1MDdmOPfkcA,2022-04-04,0.9986799359321594,31369.0,Sakshi,227.0,25.0,tirupati_l.png,Balli Durga Prasad Rao,YSRCP,Tirupati_sc,0,0,0,1,1,0,0,0,0,0,0,0,0,0,0,1,0,0,0,0,0,0,0,0,0,1,1,0,0,0
JHmHqWOIMSE,2022-04-09,0.9917497038841248,12646.0,Sakshi,247.0,12.0,tirupati_l.png,Balli Durga Prasad Rao,YSRCP,Tirupati_sc,0,0,0,0,0,0,0,0,0,0,0,0,0,0,0,0,0,0,0,1,0,0,0,0,0,0,0,0,0,0
eFNDVxN67z8,2022-04-11,0.9965257048606871,1330088.0,Sakshi,281.0,0.0,tirupati_l.png,Balli Durga Prasad Rao,YSRCP,Tirupati_sc,0,1,1,1,1,0,0,0,1,0,0,0,0,0,0,1,0,0,0,1,0,0,1,0,0,1,1,0,0,0
LeNrYyY1y8s,2022-04-21,0.9977065324783324,34377.0,Sakshi,113.0,42.0,tirupati_l.png,Balli Durga Prasad Rao,YSRCP,Tirupati_sc,0,0,0,0,1,0,0,0,1,0,0,0,0,0,0,0,0,0,0,0,0,0,0,0,0,0,1,0,0,0
HFV3KT6ED0Q,2022-04-22,0.9984114170074464,24882.0,Sakshi,466.0,237.0,tirupati_l.png,Balli Durga Prasad Rao,YSRCP,Tirupati_sc,0,0,0,0,1,0,1,0,0,0,0,0,0,0,0,0,0,0,0,0,0,0,0,0,0,0,0,0,0,0
yCEgwp8bvpM,2022-05-07,-0.999368131160736,70108.0,Sakshi,225.0,261.0,tirupati_l.png,Balli Durga Prasad Rao,YSRCP,Tirupati_sc,0,0,1,1,1,1,1,0,0,0,0,0,0,0,0,1,0,0,0,0,0,0,0,0,0,0,0,0,0,0
TRQF7zdKhlA,2022-05-07,-0.994038224220276,6539.0,Sakshi,115.0,38.0,tirupati_l.png,Balli Durga Prasad Rao,YSRCP,Tirupati_sc,0,0,1,1,1,1,0,0,0,0,0,0,0,0,0,0,0,0,0,0,0,0,0,0,0,0,0,0,0,0
n2Yynydf1H8,2022-05-17,0.9975357055664062,4011.0,Sakshi,199.0,18.0,tirupati_l.png,Balli Durga Prasad Rao,YSRCP,Tirupati_sc,0,1,1,1,1,1,0,0,0,0,0,0,0,0,0,0,0,0,0,0,0,0,0,0,0,0,1,0,0,0
cAGNWcKEsk8,2022-05-17,0.9946668148040771,5492.0,Sakshi,224.0,14.0,tirupati_l.png,Balli Durga Prasad Rao,YSRCP,Tirupati_sc,0,0,0,0,1,0,0,0,1,0,0,0,0,0,0,0,1,0,0,0,0,1,0,0,0,0,1,0,0,0
-CUyWTCKGMw,2022-05-31,0.9852504730224608,12255.0,Sakshi,317.0,24.0,tirupati_l.png,Balli Durga Prasad Rao,YSRCP,Tirupati_sc,0,0,0,1,1,0,0,0,0,0,0,0,0,0,0,0,0,0,0,0,0,0,0,0,0,0,0,0,0,0
USU7jTwy4BE,2022-06-19,-0.984667181968689,5360.0,Sakshi,322.0,25.0,tirupati_l.png,Balli Durga Prasad Rao,YSRCP,Tirupati_sc,0,0,0,0,0,0,0,0,0,0,0,0,0,0,0,0,0,0,0,0,0,0,0,0,0,0,0,0,0,0
ba2Segs5Wh8,2022-06-30,0.9965092539787292,3666.0,Sakshi,127.0,6.0,tirupati_l.png,Balli Durga Prasad Rao,YSRCP,Tirupati_sc,0,1,1,0,0,0,0,0,0,0,1,0,0,0,0,0,0,0,0,0,0,0,0,0,0,0,0,0,0,0
p_P2h-SQEi0,2022-07-02,-0.9956746697425842,79695.0,Sakshi,444.0,216.0,tirupati_l.png,Balli Durga Prasad Rao,YSRCP,Tirupati_sc,0,1,1,1,1,1,1,1,0,0,0,0,0,1,0,0,0,1,0,0,0,0,0,0,0,1,1,0,0,0
rwTRK8IThuA,2022-07-02,-0.9987717270851136,39360.0,Sakshi,411.0,109.0,tirupati_l.png,Balli Durga Prasad Rao,YSRCP,Tirupati_sc,0,1,1,0,0,1,1,1,0,0,0,0,0,0,0,0,0,0,0,0,0,0,0,0,0,1,0,0,0,0
dT8a6lWthRs,2022-07-21,0.9950503706932068,3765.0,Sakshi,560.0,1.0,tirupati_l.png,Balli Durga Prasad Rao,YSRCP,Tirupati_sc,0,0,1,0,1,0,0,0,0,0,0,0,0,0,0,0,0,0,0,0,0,0,0,0,0,0,0,0,0,0
RBsIVcdi9xo,2022-07-30,0.9985902905464172,9958.0,Sakshi,347.0,8.0,tirupati_l.png,Balli Durga Prasad Rao,YSRCP,Tirupati_sc,0,0,0,0,0,0,0,0,0,0,0,0,0,0,0,0,0,0,0,1,0,0,0,0,0,0,0,0,0,0
F60IiYaThN4,2022-08-02,0.9954826831817628,22211.0,Sakshi,329.0,53.0,tirupati_l.png,Balli Durga Prasad Rao,YSRCP,Tirupati_sc,0,1,1,1,1,0,0,0,1,0,0,0,0,0,0,0,0,0,0,0,0,0,0,0,0,0,0,0,0,0
Bqbis4kMfUs,2022-08-02,0.9919156432151794,2983.0,Sakshi,277.0,9.0,tirupati_l.png,Balli Durga Prasad Rao,YSRCP,Tirupati_sc,0,0,1,0,1,0,0,0,1,0,0,0,0,0,0,0,0,0,0,0,0,0,0,0,0,0,0,0,0,0
siGBLoDtKZ0,2022-08-05,0.9955682158470154,3771.0,Sakshi,111.0,26.0,tirupati_l.png,Balli Durga Prasad Rao,YSRCP,Tirupati_sc,0,0,0,0,1,1,0,0,0,0,0,0,0,0,0,0,0,0,0,0,0,0,0,0,0,0,1,0,0,0
ldY102yVBSg,2022-08-22,-0.9980416297912598,2322.0,TV5,295.0,0.0,tirupati_l.png,Balli Durga Prasad Rao,YSRCP,Tirupati_sc,0,1,0,0,0,0,0,1,0,0,0,0,0,0,0,0,0,0,0,0,0,1,0,0,0,0,0,0,0,0
IBlyls4jLJs,2022-08-25,-0.9993282556533812,48231.0,TV5,125.0,92.0,tirupati_l.png,Balli Durga Prasad Rao,YSRCP,Tirupati_sc,0,1,1,0,0,0,0,0,0,0,0,0,0,0,0,0,0,0,0,0,0,0,0,0,0,0,0,0,0,0
Fz8x4d5eE-w,2022-08-28,-0.9985082745552064,2346.0,TV5,251.0,1.0,tirupati_l.png,Balli Durga Prasad Rao,YSRCP,Tirupati_sc,1,0,0,0,0,0,0,0,0,0,0,0,0,0,0,0,0,0,0,0,0,0,0,0,0,0,0,0,0,0
BShGPW_dzY8,2022-09-02,-0.9966793060302734,26190.0,TV5,240.0,31.0,tirupati_l.png,Balli Durga Prasad Rao,YSRCP,Tirupati_sc,1,0,0,0,0,1,0,0,0,0,0,0,0,0,0,0,0,0,0,0,0,0,0,0,0,0,0,0,0,0
zZLFwQ2VepY,2022-09-03,0.9954954385757446,11847.0,Sakshi,468.0,21.0,tirupati_l.png,Balli Durga Prasad Rao,YSRCP,Tirupati_sc,0,0,0,0,1,0,0,0,1,0,0,0,0,0,0,0,0,0,0,0,0,0,0,0,0,0,0,0,0,0
Y5wvUb2AL-8,2022-09-03,-0.8998745679855347,1069.0,TV5,197.0,0.0,tirupati_l.png,Balli Durga Prasad Rao,YSRCP,Tirupati_sc,1,0,0,0,0,0,0,0,0,0,0,0,0,0,0,0,0,0,0,0,0,0,0,0,0,0,0,0,0,0
Abvdowohj80,2022-09-06,-0.9995056390762328,1905.0,TV5,522.0,5.0,tirupati_l.png,Balli Durga Prasad Rao,YSRCP,Tirupati_sc,0,0,0,0,0,0,0,0,1,0,0,0,1,0,0,0,0,0,0,0,0,0,0,0,0,0,0,0,0,0
l6P3Jnc0jn4,2022-09-07,-0.9967846870422364,16763.0,TV5,132.0,23.0,tirupati_l.png,Balli Durga Prasad Rao,YSRCP,Tirupati_sc,1,1,1,0,0,0,0,0,0,1,0,0,0,0,0,0,0,1,0,0,0,1,1,0,0,0,0,1,0,1
PH3hDbUloaY,2022-09-07,0.99869042634964,17026.0,Sakshi,238.0,11.0,tirupati_l.png,Balli Durga Prasad Rao,YSRCP,Tirupati_sc,0,1,1,0,0,0,0,0,0,0,0,0,1,0,0,0,0,0,0,0,0,0,0,0,0,1,0,0,0,0
z8TdE0Ui06M,2022-09-08,-0.996945321559906,2350.0,TV5,282.0,3.0,tirupati_l.png,Balli Durga Prasad Rao,YSRCP,Tirupati_sc,1,1,1,0,0,0,0,0,0,0,0,0,0,0,0,0,0,0,1,0,0,0,1,0,0,1,0,0,0,0
rOfyP8JGaU0,2022-09-15,0.9938084483146667,1404.0,Sakshi,531.0,6.0,tirupati_l.png,Balli Durga Prasad Rao,YSRCP,Tirupati_sc,0,0,0,0,0,1,0,1,0,0,1,0,0,0,0,0,0,0,0,0,0,0,0,0,0,0,0,0,0,0
Bzc6YuyACuI,2022-09-16,-0.997766613960266,2674.0,TV5,165.0,2.0,tirupati_l.png,Balli Durga Prasad Rao,YSRCP,Tirupati_sc,1,1,1,0,0,1,0,0,1,0,0,0,0,1,0,0,0,0,0,0,0,0,1,0,0,0,1,0,0,0
gh0c8h9tXps,2022-09-17,-0.9971237778663636,8198.0,TV5,335.0,16.0,tirupati_l.png,Balli Durga Prasad Rao,YSRCP,Tirupati_sc,0,1,0,0,1,0,0,0,0,0,0,0,0,0,0,0,0,0,0,0,0,0,0,0,0,0,0,0,0,0
46F3nC6g7nQ,2022-09-17,0.9933400750160216,8395.0,Sakshi,539.0,29.0,tirupati_l.png,Balli Durga Prasad Rao,YSRCP,Tirupati_sc,0,0,0,0,0,0,0,0,0,0,1,0,0,0,0,0,0,0,0,0,0,0,0,0,0,0,0,0,0,0
AalvKAVHSCM,2022-09-21,0.9978450536727904,2092.0,Sakshi,90.0,11.0,tirupati_l.png,Balli Durga Prasad Rao,YSRCP,Tirupati_sc,0,0,0,0,0,0,1,0,1,0,0,0,0,0,0,0,0,0,0,0,0,0,0,0,0,0,1,0,0,0
c8eppLCYfiE,2022-09-21,0.5995887517929077,2336.0,Sakshi,502.0,19.0,tirupati_l.png,Balli Durga Prasad Rao,YSRCP,Tirupati_sc,0,0,0,0,1,1,0,0,1,0,0,0,0,0,0,0,0,0,0,0,0,0,0,0,0,0,0,0,0,0
KEqnX9XtH8c,2022-09-23,-0.9994423985481262,1726.0,TV5,144.0,4.0,tirupati_l.png,Balli Durga Prasad Rao,YSRCP,Tirupati_sc,1,1,1,0,1,0,0,0,0,0,0,0,0,0,0,0,0,0,0,0,0,0,0,0,0,0,0,0,0,0
hA2kbYRENf8,2022-09-23,0.9982885718345642,1474.0,Sakshi,181.0,3.0,tirupati_l.png,Balli Durga Prasad Rao,YSRCP,Tirupati_sc,0,1,1,0,1,1,1,0,0,1,0,1,0,0,0,1,0,0,1,0,0,0,1,0,0,1,1,0,0,0
2pVboMEi8-4,2022-09-24,0.9949513673782348,1002.0,Sakshi,362.0,1.0,tirupati_l.png,Balli Durga Prasad Rao,YSRCP,Tirupati_sc,0,0,0,0,0,0,0,0,0,0,0,0,0,0,0,0,0,0,1,0,0,0,0,0,0,0,0,0,0,0
j7OG9GxsiyQ,2022-09-25,-0.973308265209198,2031.0,TV5,270.0,1.0,tirupati_l.png,Balli Durga Prasad Rao,YSRCP,Tirupati_sc,1,0,0,0,0,0,0,0,1,0,0,0,1,0,0,0,0,0,0,0,0,0,0,0,0,0,1,0,0,0
PJ92cOqdBhA,2022-09-26,0.9958381652832032,198119.0,TV5,380.0,354.0,tirupati_l.png,Balli Durga Prasad Rao,YSRCP,Tirupati_sc,0,0,0,0,1,1,0,0,0,0,0,0,0,0,0,0,0,0,0,0,0,0,0,0,0,0,0,0,0,0
ARx5oySIU2U,2022-09-27,-0.995935082435608,814.0,TV5,255.0,1.0,tirupati_l.png,Balli Durga Prasad Rao,YSRCP,Tirupati_sc,0,1,1,0,0,0,0,0,0,0,0,0,0,0,0,0,0,0,0,0,0,0,0,0,0,0,0,0,0,1
1d9F7PGJ-NU,2022-09-28,-0.9926344752311708,2444.0,TV5,234.0,1.0,tirupati_l.png,Balli Durga Prasad Rao,YSRCP,Tirupati_sc,1,0,0,0,0,0,0,0,0,0,0,0,0,0,0,0,1,0,0,0,0,0,0,0,1,0,0,1,0,0
QQWdkaKArSY,2022-09-28,0.9834938049316406,9688.0,Sakshi,307.0,35.0,tirupati_l.png,Balli Durga Prasad Rao,YSRCP,Tirupati_sc,0,1,0,0,0,1,0,1,0,0,0,0,0,0,0,0,0,0,0,0,0,0,0,0,0,0,0,0,0,0
oerKf4REr5w,2022-09-29,0.996236264705658,169467.0,Sakshi,120.0,138.0,tirupati_l.png,Balli Durga Prasad Rao,YSRCP,Tirupati_sc,0,0,0,0,1,0,0,0,0,0,0,0,0,0,0,0,0,0,0,1,0,0,0,0,0,0,0,0,0,0
c048AytAls8,2022-09-30,0.988658845424652,19678.0,Sakshi,529.0,88.0,tirupati_l.png,Balli Durga Prasad Rao,YSRCP,Tirupati_sc,0,0,0,0,0,0,0,0,0,0,0,0,0,0,0,0,0,0,0,0,0,0,0,0,0,0,0,0,0,0
lwrg09oLtik,2022-10-02,-0.9976059198379515,1315.0,TV5,285.0,2.0,tirupati_l.png,Balli Durga Prasad Rao,YSRCP,Tirupati_sc,0,1,1,0,0,0,0,0,0,0,0,0,0,0,0,0,0,0,0,0,0,0,0,0,0,0,0,0,0,0
X7BMiYMAgbM,2022-10-02,0.9988490343093872,166.0,TV5,39.0,0.0,tirupati_l.png,Balli Durga Prasad Rao,YSRCP,Tirupati_sc,1,0,0,0,0,0,0,0,0,0,0,0,0,0,0,0,0,0,0,0,0,0,0,0,0,0,0,0,0,0
AvROo_W-tuY,2022-10-02,0.99860018491745,5817.0,TV5,58.0,10.0,tirupati_l.png,Balli Durga Prasad Rao,YSRCP,Tirupati_sc,1,0,0,0,0,0,0,0,0,0,0,0,1,0,0,0,0,0,0,0,0,0,0,0,0,0,0,0,0,0
brCI-EEjBUY,2022-10-05,-0.998450517654419,278540.0,TV5,165.0,151.0,tirupati_l.png,Balli Durga Prasad Rao,YSRCP,Tirupati_sc,0,0,0,0,0,0,0,0,0,0,0,0,0,0,0,0,0,0,0,0,0,0,0,1,0,0,0,0,0,0
hqrCpWl1CWc,2022-10-05,-0.99400132894516,19178.0,TV5,200.0,17.0,tirupati_l.png,Balli Durga Prasad Rao,YSRCP,Tirupati_sc,0,0,0,0,0,0,0,0,0,0,0,0,0,0,0,0,0,0,0,1,0,0,0,0,0,0,0,0,0,0
LOMpVJB58AM,2022-10-05,-0.990565299987793,46288.0,TV5,200.0,41.0,tirupati_l.png,Balli Durga Prasad Rao,YSRCP,Tirupati_sc,0,0,0,1,0,0,0,0,0,0,0,0,0,0,0,0,0,0,0,0,0,0,0,0,0,0,0,0,0,0
xsCefEhzL5o,2022-10-06,-0.9908705353736876,5441.0,Sakshi,218.0,35.0,tirupati_l.png,Balli Durga Prasad Rao,YSRCP,Tirupati_sc,0,0,0,0,0,0,0,0,0,0,0,0,0,0,0,0,0,0,0,0,0,0,0,0,0,0,0,0,0,0
e96ixxuY04k,2022-10-10,-0.9901390075683594,3521.0,Sakshi,444.0,11.0,tirupati_l.png,Balli Durga Prasad Rao,YSRCP,Tirupati_sc,0,0,0,0,0,0,0,0,0,0,0,0,0,0,0,0,0,0,0,1,0,0,0,0,0,0,0,0,0,0
QJNp7-30LRY,2022-10-10,0.997703492641449,2221.0,Sakshi,167.0,3.0,tirupati_l.png,Balli Durga Prasad Rao,YSRCP,Tirupati_sc,0,0,0,0,0,0,0,0,0,0,0,0,0,0,0,0,0,0,0,1,0,0,1,0,0,0,1,0,0,0
4XNBhbtxu14,2022-10-10,0.9969521760940552,1801.0,Sakshi,310.0,3.0,tirupati_l.png,Balli Durga Prasad Rao,YSRCP,Tirupati_sc,0,0,0,0,0,0,0,0,0,0,0,0,0,0,0,0,0,0,0,0,1,0,0,0,0,0,1,0,0,0
apDHeh5jKec,2022-10-12,-0.9902475476264954,105598.0,ABN,265.0,57.0,tirupati_l.png,Balli Durga Prasad Rao,YSRCP,Tirupati_sc,0,0,0,0,0,0,0,0,0,0,0,0,0,0,0,1,0,0,0,0,0,0,1,0,0,0,1,0,0,0
J8E1K7UpIcc,2022-10-12,-0.9980291724205016,47382.0,ABN,415.0,46.0,tirupati_l.png,Balli Durga Prasad Rao,YSRCP,Tirupati_sc,0,0,0,0,0,0,0,0,0,0,0,0,0,0,0,0,0,0,0,0,0,0,0,0,0,0,0,0,0,0
8Mx8Io0NYqg,2022-10-12,-0.9976289868354796,493573.0,Sakshi,260.0,509.0,tirupati_l.png,Balli Durga Prasad Rao,YSRCP,Tirupati_sc,0,0,0,0,0,1,0,0,1,0,0,0,0,0,0,0,0,0,0,0,0,0,0,0,0,0,0,0,0,0
NWzQS5ShpbU,2022-10-12,-0.9965865612030028,776.0,ABN,328.0,0.0,tirupati_l.png,Balli Durga Prasad Rao,YSRCP,Tirupati_sc,0,0,0,1,0,0,0,0,0,0,0,0,0,0,0,0,0,0,0,0,0,0,0,0,0,0,0,0,0,0
MfKfGfGvW2Q,2022-10-12,0.9936789870262146,1372.0,ABN,580.0,1.0,tirupati_l.png,Balli Durga Prasad Rao,YSRCP,Tirupati_sc,0,0,0,0,0,0,0,0,0,0,0,0,0,0,0,0,0,0,0,0,0,0,0,0,0,0,0,0,0,0
yYk0LOKdXqo,2022-10-12,-0.9953792095184326,1386.0,Sakshi,229.0,3.0,tirupati_l.png,Balli Durga Prasad Rao,YSRCP,Tirupati_sc,1,0,0,0,0,1,0,0,0,0,0,0,0,1,0,0,0,0,0,0,0,0,0,0,0,1,0,1,0,0
bmV3s6pQvnw,2022-10-12,-0.9966263771057128,7462.0,ABN,360.0,10.0,tirupati_l.png,Balli Durga Prasad Rao,YSRCP,Tirupati_sc,0,0,0,0,0,0,0,0,0,0,0,0,0,0,0,0,0,0,0,0,0,0,0,0,0,0,0,0,0,0
fyozwiQj-Y0,2022-10-12,-0.9976656436920166,8356.0,ABN,260.0,1.0,tirupati_l.png,Balli Durga Prasad Rao,YSRCP,Tirupati_sc,1,0,0,0,0,0,0,0,0,0,0,0,0,0,0,0,0,0,0,0,0,0,0,0,0,0,0,0,0,0
fGtOMd3vkpE,2022-10-12,-0.9974138140678406,15694.0,ABN,445.0,18.0,tirupati_l.png,Balli Durga Prasad Rao,YSRCP,Tirupati_sc,0,0,0,0,0,0,0,0,0,0,0,0,0,0,0,0,0,0,0,0,0,0,0,0,0,0,0,0,0,0
BPkucvY4BCU,2022-10-12,-0.9965881109237672,17440.0,ABN,480.0,16.0,tirupati_l.png,Balli Durga Prasad Rao,YSRCP,Tirupati_sc,0,0,0,0,0,0,0,0,0,0,0,0,0,0,0,0,0,0,0,0,0,0,0,0,0,0,0,0,0,0
dPUkksrUNDg,2022-10-14,-0.9963974356651306,2582.0,Sakshi,144.0,54.0,tirupati_l.png,Balli Durga Prasad Rao,YSRCP,Tirupati_sc,0,0,0,0,0,0,1,0,0,0,0,0,0,0,0,0,0,0,0,0,0,0,0,0,1,1,0,0,0,0
2CAaIt7dlEA,2022-10-18,-0.99510395526886,2386.0,ABN,230.0,11.0,tirupati_l.png,Balli Durga Prasad Rao,YSRCP,Tirupati_sc,0,0,0,1,0,0,0,0,0,0,0,0,0,0,0,0,0,0,0,0,0,0,0,0,1,1,0,0,0,0
HC03QgoEXHc,2022-10-18,0.9943572878837584,312969.0,Sakshi,458.0,0.0,tirupati_l.png,Balli Durga Prasad Rao,YSRCP,Tirupati_sc,0,0,0,0,0,0,1,0,0,0,0,0,0,0,0,0,0,0,0,0,0,0,0,0,0,0,0,0,0,0
mMnfipmrCm0,2022-10-20,0.994237780570984,8407.0,Sakshi,585.0,24.0,tirupati_l.png,Balli Durga Prasad Rao,YSRCP,Tirupati_sc,0,0,0,0,1,1,1,0,0,0,0,0,0,0,0,0,0,0,0,0,0,0,0,0,0,0,0,0,0,0
CvgDQbopouM,2022-10-20,-0.996459424495697,20849.0,Sakshi,574.0,115.0,tirupati_l.png,Balli Durga Prasad Rao,YSRCP,Tirupati_sc,0,0,0,0,0,0,1,0,0,0,0,0,0,0,0,0,0,0,0,0,0,0,0,0,0,0,0,0,0,0
CFwbcsjGKUs,2022-10-21,-0.8143107891082764,2957.0,ABN,306.0,3.0,tirupati_l.png,Balli Durga Prasad Rao,YSRCP,Tirupati_sc,0,0,0,0,0,0,0,0,0,0,0,0,0,0,0,0,0,0,0,0,0,0,0,0,0,0,0,0,0,0
dvVaSIaauzk,2022-10-22,-0.9977396726608276,7816.0,TV5,180.0,9.0,tirupati_l.png,Balli Durga Prasad Rao,YSRCP,Tirupati_sc,1,1,1,1,0,0,0,0,0,0,0,0,0,0,0,0,0,0,0,0,0,0,1,0,0,1,0,1,0,0
tTa88e1a43A,2022-10-24,0.997646152973175,4066.0,TV5,485.0,1.0,tirupati_l.png,Balli Durga Prasad Rao,YSRCP,Tirupati_sc,0,0,0,0,0,0,0,0,0,0,0,0,0,0,0,0,0,0,0,0,0,0,0,0,0,0,0,0,0,0
vYcuW3KFq4E,2022-10-26,0.9987258315086364,1003.0,TV5,105.0,0.0,tirupati_l.png,Balli Durga Prasad Rao,YSRCP,Tirupati_sc,0,0,0,0,0,0,0,0,0,0,0,0,0,0,0,0,0,0,0,0,0,0,0,0,0,0,1,0,0,0
pAjSHBA8Fhs,2022-10-27,-0.9985602498054504,420.0,Sakshi,124.0,2.0,tirupati_l.png,Balli Durga Prasad Rao,YSRCP,Tirupati_sc,1,0,1,1,0,0,0,0,0,0,0,0,0,0,0,0,0,0,1,0,1,0,1,0,0,1,0,0,0,0
QaXZWvHu4cE,2022-10-28,-0.9717333912849426,1321.0,Sakshi,530.0,1.0,tirupati_l.png,Balli Durga Prasad Rao,YSRCP,Tirupati_sc,0,0,0,0,0,0,0,0,0,0,0,0,0,0,0,0,1,0,0,0,0,0,0,0,0,0,0,0,0,0
JfkxvDFtmMk,2022-10-28,0.9955297112464904,6091.0,TV5,345.0,1.0,tirupati_l.png,Balli Durga Prasad Rao,YSRCP,Tirupati_sc,0,0,0,0,0,0,0,0,0,0,0,0,0,0,0,0,0,0,0,1,0,0,1,0,1,1,1,0,0,0
s50Btu5Ihis,2022-11-01,-0.9941465854644777,824.0,TV5,305.0,1.0,tirupati_l.png,Balli Durga Prasad Rao,YSRCP,Tirupati_sc,0,0,0,0,0,0,0,0,0,0,0,0,0,0,0,0,0,0,0,0,0,0,1,0,0,0,0,0,0,0
ATSmXdKYm-8,2022-11-01,0.9976723790168762,544.0,TV5,265.0,0.0,tirupati_l.png,Balli Durga Prasad Rao,YSRCP,Tirupati_sc,0,0,1,1,0,0,0,0,0,0,0,0,0,0,0,0,0,0,0,0,0,0,0,0,0,0,0,0,0,0
-DTLFhHcc5g,2022-11-01,0.9974756836891174,880.0,TV5,170.0,7.0,tirupati_l.png,Balli Durga Prasad Rao,YSRCP,Tirupati_sc,0,0,0,0,0,0,0,0,0,0,0,0,0,0,0,0,0,0,0,0,0,0,0,0,0,0,0,0,0,0
pyP_MrToGz4,2022-11-01,0.9977879524230956,4981.0,TV5,175.0,15.0,tirupati_l.png,Balli Durga Prasad Rao,YSRCP,Tirupati_sc,0,0,0,0,0,0,0,0,0,0,0,0,0,0,0,0,0,0,0,0,0,0,0,0,0,0,0,0,0,0
nkQPS5LTL-Q,2022-11-02,0.9900526404380798,24688.0,Sakshi,73.0,51.0,tirupati_l.png,Balli Durga Prasad Rao,YSRCP,Tirupati_sc,0,0,0,0,0,0,0,0,1,0,0,0,0,0,0,0,0,0,0,0,0,0,0,0,0,0,0,0,0,0
XIdCdinBhUE,2022-11-03,-0.9976648092269896,1390.0,ABN,445.0,0.0,tirupati_l.png,Balli Durga Prasad Rao,YSRCP,Tirupati_sc,0,0,1,0,0,0,0,0,1,0,0,0,1,0,0,0,0,0,0,0,0,0,1,0,0,0,0,0,0,0
_eyk7mq_1m4,2022-11-04,-0.9951933026313782,1228.0,TV5,529.0,2.0,tirupati_l.png,Balli Durga Prasad Rao,YSRCP,Tirupati_sc,0,0,0,1,0,0,0,0,0,0,0,0,0,0,0,0,0,0,0,0,1,0,0,0,0,0,0,1,0,0
JLWbIL0OzL4,2022-11-04,-0.9992374181747437,4358.0,TV5,197.0,4.0,tirupati_l.png,Balli Durga Prasad Rao,YSRCP,Tirupati_sc,0,0,0,0,0,0,1,0,0,0,0,1,0,0,1,0,0,0,0,0,0,0,0,0,0,0,0,0,0,0
nOsP_CnyL7w,2022-11-07,-0.9992225170135498,102612.0,Sakshi,515.0,198.0,tirupati_l.png,Balli Durga Prasad Rao,YSRCP,Tirupati_sc,1,0,0,0,0,0,0,0,1,0,0,0,1,0,0,0,0,0,1,0,0,0,1,0,1,0,0,1,0,0
jnZddEEmoX8,2022-11-09,0.9981533885002136,3923.0,Sakshi,292.0,13.0,tirupati_l.png,Balli Durga Prasad Rao,YSRCP,Tirupati_sc,0,0,0,1,1,1,1,0,1,0,0,0,0,0,0,0,0,0,0,0,0,0,0,0,0,0,1,0,0,0
T3aYK7qUa-A,2022-11-11,0.997295081615448,2002.0,Sakshi,341.0,6.0,tirupati_l.png,Balli Durga Prasad Rao,YSRCP,Tirupati_sc,0,0,0,0,1,0,0,0,0,0,0,0,0,0,0,0,0,0,0,0,0,0,0,0,0,0,0,0,0,0
tJ-Qp5bPdb4,2022-11-12,-0.9934710264205932,3151.0,ABN,300.0,1.0,tirupati_l.png,Balli Durga Prasad Rao,YSRCP,Tirupati_sc,0,1,1,1,0,0,1,0,0,0,0,0,0,1,0,1,1,1,0,1,0,0,1,0,0,1,1,1,0,0
a912r2_zcHY,2022-11-12,-0.9967789053916932,1629.0,ABN,410.0,3.0,tirupati_l.png,Balli Durga Prasad Rao,YSRCP,Tirupati_sc,0,0,0,0,0,0,0,0,0,0,0,0,0,0,0,0,0,0,0,0,0,0,0,0,0,0,0,0,0,0
httXbRyF3z8,2022-11-14,0.9959471821784972,4437.0,Sakshi,171.0,3.0,tirupati_l.png,Balli Durga Prasad Rao,YSRCP,Tirupati_sc,0,1,0,1,1,1,1,0,1,0,0,0,0,0,0,0,0,0,0,0,0,0,0,0,0,0,0,0,0,0
3cPCFrP1qzg,2022-11-19,-0.9990221261978148,3009.0,TV9,158.0,18.0,tirupati_l.png,Balli Durga Prasad Rao,YSRCP,Tirupati_sc,0,0,0,0,0,0,0,0,0,0,0,0,0,0,0,0,0,0,0,0,0,0,1,0,0,0,0,0,0,0
vhjixWIjLBM,2022-11-20,-0.9994105100631714,75063.0,Sakshi,294.0,93.0,tirupati_l.png,Balli Durga Prasad Rao,YSRCP,Tirupati_sc,0,0,0,0,0,1,0,1,0,0,0,0,0,0,0,0,0,0,0,0,0,0,1,0,0,1,0,1,0,0
lzICkNACJyw,2022-11-20,0.9935392737388612,6213.0,Sakshi,546.0,9.0,tirupati_l.png,Balli Durga Prasad Rao,YSRCP,Tirupati_sc,0,0,0,0,0,1,0,1,0,0,0,0,0,0,0,0,0,0,0,0,0,0,0,0,0,0,0,0,0,0
VRc_s8zV_II,2022-11-20,0.9984995126724244,2368.0,Sakshi,493.0,8.0,tirupati_l.png,Balli Durga Prasad Rao,YSRCP,Tirupati_sc,0,0,0,0,0,1,0,1,0,0,0,0,0,0,0,0,0,0,0,0,0,0,0,0,0,0,0,0,0,0
wFX9swaI5-g,2022-11-23,-0.998449444770813,93210.0,TV5,465.0,110.0,tirupati_l.png,Balli Durga Prasad Rao,YSRCP,Tirupati_sc,0,0,0,0,0,0,0,0,0,0,0,0,0,0,0,0,0,0,0,0,0,0,0,0,0,0,0,0,0,0
sY9wU6vm1ss,2022-11-23,-0.99947589635849,1463.0,ABN,330.0,4.0,tirupati_l.png,Balli Durga Prasad Rao,YSRCP,Tirupati_sc,0,0,0,0,0,0,1,0,0,0,0,0,0,0,0,0,0,0,1,0,0,1,0,0,0,0,0,0,0,0
Ocd5_wy7ses,2022-11-23,-0.9889982342720032,2937.0,TV9,534.0,16.0,tirupati_l.png,Balli Durga Prasad Rao,YSRCP,Tirupati_sc,0,0,0,0,0,0,0,0,0,0,0,0,0,0,0,0,0,0,0,0,0,0,0,0,0,0,0,0,0,0
xA1ZF7kNRDM,2022-11-27,-0.993696630001068,4310.0,Sakshi,134.0,12.0,tirupati_l.png,Balli Durga Prasad Rao,YSRCP,Tirupati_sc,0,0,0,0,0,1,0,0,0,0,1,0,0,0,0,0,0,0,0,0,0,0,0,0,0,1,0,0,0,0
O89uuXfm6tc,2022-11-28,0.9756786823272704,1154.0,TV9,207.0,1.0,tirupati_l.png,Balli Durga Prasad Rao,YSRCP,Tirupati_sc,0,0,0,0,0,0,0,0,0,0,1,0,0,0,0,0,0,0,0,0,0,0,1,0,0,1,0,0,0,0
owDVcgiOjgI,2022-12-01,-0.9991980195045472,1657.0,TV9,222.0,0.0,tirupati_l.png,Balli Durga Prasad Rao,YSRCP,Tirupati_sc,0,0,1,0,0,0,0,0,0,0,0,0,0,1,0,0,0,0,0,0,0,0,0,0,0,0,0,0,0,0
Rpn98Rk61K8,2022-12-01,0.9959979057312012,503.0,TV9,289.0,3.0,tirupati_l.png,Balli Durga Prasad Rao,YSRCP,Tirupati_sc,0,0,0,0,0,0,0,0,0,0,0,0,0,0,0,0,0,0,0,0,0,0,0,0,0,0,0,0,0,0
0PR3mv1-W18,2022-12-01,-0.9984671473503112,1840.0,TV9,170.0,5.0,tirupati_l.png,Balli Durga Prasad Rao,YSRCP,Tirupati_sc,0,0,0,0,0,0,0,0,0,0,0,0,0,0,0,0,0,0,0,0,0,0,0,0,0,0,0,0,0,0
77ABQUFEOKU,2022-12-01,-0.9915215969085692,2531.0,TV9,222.0,2.0,tirupati_l.png,Balli Durga Prasad Rao,YSRCP,Tirupati_sc,0,1,1,0,0,0,0,0,0,0,0,0,0,0,0,0,0,0,0,0,0,0,0,0,0,0,0,0,0,0
z0bLbVbB058,2022-12-01,-0.9991257786750792,3460.0,TV9,267.0,3.0,tirupati_l.png,Balli Durga Prasad Rao,YSRCP,Tirupati_sc,0,0,0,0,0,0,0,0,0,0,0,0,0,0,0,0,0,0,0,0,0,0,0,0,0,0,0,0,0,0
cmhSVgTeH0A,2022-12-02,-0.9944168329238892,41593.0,Sakshi,394.0,57.0,tirupati_l.png,Balli Durga Prasad Rao,YSRCP,Tirupati_sc,0,0,0,0,0,1,0,0,0,0,0,0,0,0,0,0,0,0,0,0,0,0,0,0,0,0,0,0,0,0
hRAAh1P9blk,2022-12-04,0.9987976551055908,624.0,ABN,285.0,0.0,tirupati_l.png,Balli Durga Prasad Rao,YSRCP,Tirupati_sc,0,0,0,1,0,0,0,0,0,0,0,0,0,0,0,0,0,0,0,0,0,0,0,0,0,0,1,0,0,0
OMfE6ni4PBo,2022-12-04,-0.985087275505066,1246.0,ABN,370.0,3.0,tirupati_l.png,Balli Durga Prasad Rao,YSRCP,Tirupati_sc,0,0,1,0,0,0,0,0,0,0,0,0,0,1,0,0,0,0,0,0,0,0,0,0,0,1,0,0,0,0
is_GltrdDz4,2022-12-04,0.9968926310539246,1728.0,TV9,328.0,1.0,tirupati_l.png,Balli Durga Prasad Rao,YSRCP,Tirupati_sc,0,0,0,0,0,0,0,0,0,0,0,0,0,0,0,0,0,0,0,0,0,0,0,0,0,1,0,0,0,0
JW9qTFoirI8,2022-12-04,0.9979070425033568,1327.0,TV9,300.0,1.0,tirupati_l.png,Balli Durga Prasad Rao,YSRCP,Tirupati_sc,0,0,0,0,0,0,0,0,0,0,0,0,0,0,0,0,0,0,0,0,0,0,0,0,0,0,0,0,0,0
W9bC9zF0GuA,2022-12-04,-0.9988150596618652,1000.0,TV9,266.0,5.0,tirupati_l.png,Balli Durga Prasad Rao,YSRCP,Tirupati_sc,0,0,0,0,0,0,0,0,0,0,0,0,0,0,0,1,0,0,0,0,0,0,0,0,1,1,0,1,0,0
BVs2lSrKgb8,2022-12-04,-0.9979105591773988,3090.0,TV9,518.0,8.0,tirupati_l.png,Balli Durga Prasad Rao,YSRCP,Tirupati_sc,0,0,0,0,0,0,0,0,0,0,0,0,0,0,0,0,0,0,0,0,0,0,0,0,0,0,0,0,0,0
bNFJxa3zkpc,2022-12-04,0.9937813878059388,2815.0,TV9,268.0,8.0,tirupati_l.png,Balli Durga Prasad Rao,YSRCP,Tirupati_sc,0,0,0,0,0,0,0,0,0,0,0,0,0,0,0,0,0,0,0,0,0,0,0,0,0,1,0,1,0,0
bzcgOT0eId4,2022-12-04,-0.9929113984107972,673.0,ABN,280.0,4.0,tirupati_l.png,Balli Durga Prasad Rao,YSRCP,Tirupati_sc,0,0,0,1,0,0,0,0,0,0,0,0,0,0,0,0,0,0,0,0,0,0,0,0,0,0,0,0,0,0
MU4cSS31zns,2022-12-04,-0.9984418749809264,2335.0,ABN,280.0,5.0,tirupati_l.png,Balli Durga Prasad Rao,YSRCP,Tirupati_sc,0,0,0,1,0,0,0,0,0,0,0,0,0,0,0,0,0,0,0,0,0,0,0,0,0,0,0,0,0,0
8K-my4FSWHg,2022-12-04,0.9852563142776488,2088.0,TV9,263.0,6.0,tirupati_l.png,Balli Durga Prasad Rao,YSRCP,Tirupati_sc,0,0,0,0,0,0,0,0,0,0,0,0,0,0,0,0,0,0,0,0,0,0,0,0,0,0,0,0,0,0
LiKaLluWemE,2022-12-04,-0.994937539100647,2404.0,TV9,534.0,5.0,tirupati_l.png,Balli Durga Prasad Rao,YSRCP,Tirupati_sc,0,0,0,0,0,0,0,0,0,0,0,0,0,0,0,0,0,0,0,0,0,0,0,0,0,0,0,0,0,0
9tYaluvSuHk,2022-12-05,-0.996806502342224,853.0,TV9,249.0,0.0,tirupati_l.png,Balli Durga Prasad Rao,YSRCP,Tirupati_sc,0,0,0,0,0,0,0,0,0,0,0,0,0,0,0,0,0,0,0,0,0,0,0,0,0,1,1,0,0,0
7KJ4gNEa5hI,2022-12-05,0.9977754950523376,1590.0,TV9,336.0,6.0,tirupati_l.png,Balli Durga Prasad Rao,YSRCP,Tirupati_sc,0,0,0,0,0,0,0,0,0,0,0,0,0,0,0,0,0,0,0,0,0,0,0,0,0,0,0,0,0,0
tjrIM6bsTDo,2022-12-10,0.99737286567688,43712.0,TV5,580.0,126.0,tirupati_l.png,Balli Durga Prasad Rao,YSRCP,Tirupati_sc,1,1,1,0,0,1,0,0,0,0,0,0,0,0,0,0,0,0,0,0,0,0,1,0,1,0,0,0,0,0
Azqzn9TLh-8,2022-12-10,0.9960606694221495,184986.0,ABN,525.0,517.0,tirupati_l.png,Balli Durga Prasad Rao,YSRCP,Tirupati_sc,0,0,0,0,0,0,0,0,0,0,0,0,0,0,0,0,0,0,0,0,0,0,0,0,0,0,0,0,0,0
EnFnh_JWj9Q,2022-12-11,-0.99904865026474,50803.0,TV9,48.0,76.0,tirupati_l.png,Balli Durga Prasad Rao,YSRCP,Tirupati_sc,0,0,0,0,0,0,0,0,0,0,0,0,0,0,0,0,0,0,0,0,0,0,0,0,0,0,0,0,0,0
JCwZbI2H0SU,2022-12-12,-0.9979290962219238,1899.0,TV9,573.0,0.0,tirupati_l.png,Balli Durga Prasad Rao,YSRCP,Tirupati_sc,0,0,0,0,0,0,0,0,0,0,0,0,0,0,0,0,0,0,0,0,0,0,0,0,0,0,0,0,0,0
HRx-9IlpFlg,2022-12-12,0.9988640546798706,1587.0,Sakshi,260.0,6.0,tirupati_l.png,Balli Durga Prasad Rao,YSRCP,Tirupati_sc,1,1,1,1,1,0,0,0,0,1,0,0,0,0,0,1,0,1,1,0,0,0,1,0,1,1,1,1,0,1
HoxSiU2HqgU,2022-12-13,0.994417667388916,1075.0,ABN,479.0,1.0,tirupati_l.png,Balli Durga Prasad Rao,YSRCP,Tirupati_sc,0,0,0,0,0,0,0,0,1,0,0,0,0,0,0,0,0,0,0,0,0,0,0,0,0,0,0,0,0,0
DMHL1yuY7w4,2022-12-14,0.9983717799186708,1139.0,Sakshi,217.0,1.0,tirupati_l.png,Balli Durga Prasad Rao,YSRCP,Tirupati_sc,1,1,1,1,0,1,0,0,0,0,0,0,0,0,0,0,0,0,0,0,0,0,1,0,0,1,0,1,0,0
QnlxRTEBJZw,2022-12-17,-0.9937410950660706,125231.0,TV5,431.0,30.0,tirupati_l.png,Balli Durga Prasad Rao,YSRCP,Tirupati_sc,1,1,1,1,1,0,0,0,0,0,0,0,0,0,0,0,1,1,0,0,1,0,1,0,0,1,0,0,0,0
IyIL8_FOuLs,2022-12-17,-0.9883793592453004,61980.0,Sakshi,501.0,88.0,tirupati_l.png,Balli Durga Prasad Rao,YSRCP,Tirupati_sc,0,1,1,1,0,1,0,0,0,0,0,0,0,0,0,1,0,0,0,0,0,0,0,0,0,1,0,0,0,0
10jGZQhmVOQ,2022-12-19,-0.9450049996376038,420.0,TV5,180.0,1.0,tirupati_l.png,Balli Durga Prasad Rao,YSRCP,Tirupati_sc,1,1,1,0,1,0,0,0,1,0,0,0,0,0,0,0,0,0,0,0,0,0,0,0,0,0,0,0,0,0
7zqZIiuw9Zs,2022-12-19,-0.9983148574829102,1460.0,TV5,160.0,3.0,tirupati_l.png,Balli Durga Prasad Rao,YSRCP,Tirupati_sc,1,1,0,0,1,0,0,0,1,0,0,0,0,0,0,0,0,0,0,0,1,0,0,0,0,0,0,0,0,0
B55Yq54Q058,2022-12-19,-0.996299684047699,331.0,TV5,135.0,0.0,tirupati_l.png,Balli Durga Prasad Rao,YSRCP,Tirupati_sc,0,0,0,0,0,0,0,0,1,0,0,0,0,0,0,0,0,0,0,0,0,0,0,0,0,0,0,0,0,0
23WNTghboB0,2022-12-21,0.9988786578178406,24521.0,Sakshi,207.0,68.0,tirupati_l.png,Balli Durga Prasad Rao,YSRCP,Tirupati_sc,0,1,1,0,1,0,0,0,0,0,0,0,0,0,0,0,0,0,0,1,0,0,0,0,0,1,0,0,0,0
8vwnFIfhDV0,2022-12-21,0.99604332447052,3180.0,ABN,585.0,16.0,tirupati_l.png,Balli Durga Prasad Rao,YSRCP,Tirupati_sc,1,0,1,0,1,0,0,0,1,0,0,0,0,1,1,0,0,0,0,0,0,0,0,0,0,0,1,0,0,0
Iffk6Lu8mIQ,2022-12-24,0.9981939196586608,5291.0,TV9,101.0,18.0,tirupati_l.png,Balli Durga Prasad Rao,YSRCP,Tirupati_sc,0,1,1,0,1,1,1,0,0,0,0,0,0,0,0,0,0,0,0,0,0,0,0,0,0,0,0,0,0,0
K500eg91nDI,2022-12-25,0.9986403584480286,1558.0,TV9,298.0,0.0,tirupati_l.png,Balli Durga Prasad Rao,YSRCP,Tirupati_sc,0,1,1,1,0,0,0,0,0,1,0,0,1,0,0,1,0,0,0,0,0,0,0,0,0,0,1,0,0,0
xbjsiHq9Yro,2022-12-26,0.9962223768234252,8625.0,Sakshi,190.0,0.0,tirupati_l.png,Balli Durga Prasad Rao,YSRCP,Tirupati_sc,0,0,0,0,0,0,0,0,1,0,0,0,0,0,0,0,0,0,0,0,0,0,1,0,0,0,0,0,0,0
SX7U92EMwSY,2022-12-27,-0.982519268989563,2729.0,TV9,180.0,2.0,tirupati_l.png,Balli Durga Prasad Rao,YSRCP,Tirupati_sc,1,0,1,1,1,1,0,0,0,0,1,0,0,0,0,1,0,1,0,0,0,0,1,0,0,0,1,1,1,1
GCPEx8lJ1QY,2022-12-28,-0.9976270794868468,1582.0,TV9,316.0,2.0,tirupati_l.png,Balli Durga Prasad Rao,YSRCP,Tirupati_sc,0,1,1,1,0,0,0,0,0,0,0,0,0,0,0,0,0,0,1,1,0,0,1,0,1,1,0,1,0,0
cHaD0HPF-MU,2022-12-28,-0.9935959577560424,853.0,ABN,410.0,1.0,tirupati_l.png,Balli Durga Prasad Rao,YSRCP,Tirupati_sc,0,0,0,0,0,0,0,0,0,0,0,0,0,0,0,0,0,0,0,0,0,0,0,0,0,0,0,0,0,0
CG1bCuLFdbQ,2022-12-29,-0.9982550740242004,1367.0,Sakshi,139.0,9.0,tirupati_l.png,Balli Durga Prasad Rao,YSRCP,Tirupati_sc,1,0,0,0,0,1,0,1,0,0,0,0,0,0,0,0,0,0,0,0,0,0,0,0,0,0,0,0,0,0
cKNuvegtPO4,2022-12-29,0.997678816318512,1629.0,TV9,305.0,1.0,tirupati_l.png,Balli Durga Prasad Rao,YSRCP,Tirupati_sc,0,0,0,0,0,0,0,0,0,0,0,0,0,0,0,1,0,0,0,0,1,0,1,0,0,0,1,0,0,0
JseAvZUEVng,2022-12-29,-0.9935855269432068,2198.0,Sakshi,341.0,5.0,tirupati_l.png,Balli Durga Prasad Rao,YSRCP,Tirupati_sc,0,0,0,0,0,1,0,1,0,0,0,0,0,0,0,0,0,0,0,0,0,0,0,0,0,0,0,0,0,0
KCX2O33T0ZQ,2022-12-29,0.998798370361328,1448.0,TV9,269.0,0.0,tirupati_l.png,Balli Durga Prasad Rao,YSRCP,Tirupati_sc,0,0,0,0,0,0,0,0,0,0,0,0,1,0,0,0,0,0,0,0,0,0,0,0,0,0,1,0,0,0
oMmRTmAityA,2022-12-30,0.9753873348236084,1435.0,TV9,103.0,0.0,tirupati_l.png,Balli Durga Prasad Rao,YSRCP,Tirupati_sc,0,0,0,0,0,0,0,0,0,0,0,0,0,0,0,0,0,0,0,0,0,0,0,0,0,1,0,0,0,0
waoFraT_0po,2022-12-31,0.9988299012184144,1842.0,Sakshi,335.0,5.0,tirupati_l.png,Balli Durga Prasad Rao,YSRCP,Tirupati_sc,0,0,0,0,0,0,0,0,1,0,0,0,0,0,0,1,0,0,0,1,0,0,1,0,0,1,1,0,0,0
xhwyBl32GKM,2023-01-01,0.995284616947174,15167.0,Sakshi,562.0,19.0,tirupati_l.png,Balli Durga Prasad Rao,YSRCP,Tirupati_sc,0,0,0,0,1,1,0,1,0,0,0,0,0,0,0,0,0,0,0,0,0,0,0,0,0,0,0,0,0,0
gkzgNWiXErI,2023-01-04,0.9915731549263,20647.0,Sakshi,409.0,79.0,tirupati_l.png,Balli Durga Prasad Rao,YSRCP,Tirupati_sc,0,0,0,0,1,1,0,1,0,0,0,1,0,0,0,0,0,0,0,0,0,0,0,0,0,0,0,0,0,0
8mpHD7y4i9E,2023-01-06,0.9956824779510498,1997.0,TV5,155.0,2.0,tirupati_l.png,Balli Durga Prasad Rao,YSRCP,Tirupati_sc,1,0,1,0,0,0,0,0,0,0,0,0,0,0,0,0,0,0,0,0,1,0,0,1,0,0,0,0,1,0
eL7-oExTS9Q,2023-01-06,-0.993150532245636,2278.0,TV5,260.0,3.0,tirupati_l.png,Balli Durga Prasad Rao,YSRCP,Tirupati_sc,0,0,0,0,0,0,0,0,0,0,0,0,0,0,0,0,0,0,0,0,0,0,0,1,0,0,0,0,0,0
QcPPJ9QvXTY,2023-01-06,0.9979292154312134,11597.0,TV5,270.0,20.0,tirupati_l.png,Balli Durga Prasad Rao,YSRCP,Tirupati_sc,0,0,0,0,0,0,0,0,0,0,0,0,0,0,0,0,0,0,0,0,0,0,0,1,0,0,0,0,0,0
gBA3PnzeP68,2023-01-06,-0.9955005049705504,1638.0,ABN,535.0,1.0,tirupati_l.png,Balli Durga Prasad Rao,YSRCP,Tirupati_sc,0,0,0,0,0,0,0,0,0,0,0,0,0,0,0,0,0,0,0,0,0,0,0,0,0,0,0,0,0,0
TDRKFD2nQVo,2023-01-06,0.9970327615737916,1357.0,TV5,150.0,3.0,tirupati_l.png,Balli Durga Prasad Rao,YSRCP,Tirupati_sc,0,0,0,0,0,0,0,0,0,0,0,0,0,0,0,0,0,0,0,0,0,0,0,1,0,0,0,0,1,0
m1XBnBF8ghU,2023-01-06,0.9975237250328064,1008.0,TV5,215.0,2.0,tirupati_l.png,Balli Durga Prasad Rao,YSRCP,Tirupati_sc,0,0,1,0,0,0,0,0,0,0,0,0,0,0,0,0,0,0,0,0,0,0,0,1,0,0,0,0,1,0
qG3L6vb1BwY,2023-01-07,-0.9878788590431212,2005.0,TV9,180.0,1.0,tirupati_l.png,Balli Durga Prasad Rao,YSRCP,Tirupati_sc,0,0,0,0,0,0,0,0,0,0,0,0,0,0,0,0,1,1,0,0,0,0,0,0,0,1,0,0,1,0
3K5Eou0d0Fw,2023-01-07,0.9971619844436646,523.0,Sakshi,207.0,1.0,tirupati_l.png,Balli Durga Prasad Rao,YSRCP,Tirupati_sc,0,0,0,0,0,0,0,0,0,0,0,0,0,0,0,0,0,0,0,0,0,0,0,0,0,0,0,0,0,0
Em3u_uZU5ls,2023-01-09,-0.9990999698638916,25025.0,TV9,345.0,67.0,tirupati_l.png,Balli Durga Prasad Rao,YSRCP,Tirupati_sc,0,0,0,0,0,0,1,0,1,0,0,0,0,0,0,0,0,0,0,0,0,0,0,1,0,0,0,0,0,0
Et9UnJ1mkx0,2023-01-09,0.9977437257766724,7091.0,Sakshi,154.0,0.0,tirupati_l.png,Balli Durga Prasad Rao,YSRCP,Tirupati_sc,1,1,1,0,0,0,0,0,0,0,0,0,0,0,0,1,1,0,1,0,0,0,1,0,0,1,0,1,0,0
zFD6RfR8978,2023-01-09,0.9970335960388184,74154.0,Sakshi,375.0,140.0,tirupati_l.png,Balli Durga Prasad Rao,YSRCP,Tirupati_sc,0,0,0,0,0,1,1,0,0,0,0,0,0,0,0,0,0,0,0,0,0,0,0,0,0,0,0,0,0,0
kRLuVGMTWDg,2023-01-10,0.992619812488556,19194.0,TV5,305.0,28.0,tirupati_l.png,Balli Durga Prasad Rao,YSRCP,Tirupati_sc,1,1,0,0,1,1,1,0,1,0,0,0,0,0,0,0,1,0,0,0,0,0,0,0,0,0,1,0,0,0
kohcaai9V34,2023-01-10,0.9955233335494996,28168.0,Sakshi,558.0,65.0,tirupati_l.png,Balli Durga Prasad Rao,YSRCP,Tirupati_sc,0,1,0,0,0,1,0,0,0,0,0,0,0,0,0,0,0,0,0,0,0,0,0,0,0,0,0,0,0,0
bVmws2vC72Q,2023-01-10,-0.989059567451477,987.0,TV5,158.0,5.0,tirupati_l.png,Balli Durga Prasad Rao,YSRCP,Tirupati_sc,1,0,0,0,0,0,0,0,1,0,0,0,0,0,0,0,0,0,0,0,1,0,1,0,0,0,0,0,1,0
5wp3zg5lsfg,2023-01-10,-0.9987240433692932,529.0,TV5,323.0,3.0,tirupati_l.png,Balli Durga Prasad Rao,YSRCP,Tirupati_sc,0,0,0,0,0,0,0,0,0,0,0,0,0,0,0,0,0,0,0,0,0,0,0,0,0,0,0,0,0,0
j4SoU8nV6uo,2023-01-10,0.9757269024848938,4855.0,TV5,229.0,4.0,tirupati_l.png,Balli Durga Prasad Rao,YSRCP,Tirupati_sc,0,0,0,0,0,0,0,0,0,0,0,0,0,0,0,0,0,0,0,0,0,0,0,0,0,0,0,0,0,0
pmZolGgM_W0,2023-01-10,-0.9974821209907532,1669.0,TV5,455.0,1.0,tirupati_l.png,Balli Durga Prasad Rao,YSRCP,Tirupati_sc,1,1,1,0,1,1,1,0,1,0,0,0,0,0,0,1,0,0,0,0,0,0,0,0,0,0,1,0,0,0
0_KeFDpWezM,2023-01-10,0.9978189468383788,1529.0,Sakshi,157.0,5.0,tirupati_l.png,Balli Durga Prasad Rao,YSRCP,Tirupati_sc,1,1,1,0,1,1,1,1,0,0,1,1,0,0,0,1,0,0,1,0,0,1,1,0,0,0,0,1,0,0
mZHyU6eHbMc,2023-01-11,0.9977930784225464,2364.0,TV9,184.0,4.0,tirupati_l.png,Balli Durga Prasad Rao,YSRCP,Tirupati_sc,0,0,0,0,1,0,0,0,0,0,0,0,0,0,0,0,0,0,0,0,0,0,0,0,0,0,1,0,0,0
wB1nd-_MC7M,2023-01-12,-0.9948116540908812,756.0,Sakshi,166.0,3.0,tirupati_l.png,Balli Durga Prasad Rao,YSRCP,Tirupati_sc,0,0,0,0,1,0,0,0,0,0,0,0,0,0,0,0,0,0,0,0,0,0,0,0,0,0,0,0,0,0
2zXmt6UB7ss,2023-01-12,0.9956539869308472,7770.0,Sakshi,316.0,18.0,tirupati_l.png,Balli Durga Prasad Rao,YSRCP,Tirupati_sc,1,1,1,1,1,1,0,0,0,1,1,0,0,1,1,1,0,1,1,1,0,0,1,0,1,1,1,1,0,1
CTww-DaxR34,2023-01-12,0.9988803267478944,2525.0,Sakshi,162.0,1.0,tirupati_l.png,Balli Durga Prasad Rao,YSRCP,Tirupati_sc,0,0,0,0,0,0,0,0,0,0,0,0,0,0,0,0,0,0,0,0,1,0,0,0,0,0,0,0,0,0
SRFJ8DSm9oA,2023-01-14,-0.9964147806167604,7162.0,TV9,221.0,2.0,tirupati_l.png,Balli Durga Prasad Rao,YSRCP,Tirupati_sc,0,0,0,0,0,0,0,0,0,0,0,0,0,0,0,0,0,0,0,0,0,0,0,0,0,0,0,0,0,0
nVgafUFOWhE,2023-01-15,-0.9959686994552612,7094.0,ABN,174.0,18.0,tirupati_l.png,Balli Durga Prasad Rao,YSRCP,Tirupati_sc,0,0,0,0,0,0,0,0,0,0,0,0,0,0,0,0,0,0,0,0,0,0,0,0,0,0,0,0,0,0
h8PYl7Ffen0,2023-01-15,0.9787373542785645,13338.0,TV5,505.0,17.0,tirupati_l.png,Balli Durga Prasad Rao,YSRCP,Tirupati_sc,1,0,0,0,0,0,0,0,0,0,0,0,0,0,0,0,0,0,0,0,1,0,0,0,0,0,0,0,0,0
dyvfE7B7cXA,2023-01-16,0.9980314373970032,1525.0,TV5,239.0,1.0,tirupati_l.png,Balli Durga Prasad Rao,YSRCP,Tirupati_sc,0,0,0,0,0,0,0,0,0,0,0,0,0,0,0,0,0,0,0,0,0,0,0,0,0,0,0,0,0,0
Wc6-8zTs7BQ,2023-01-17,0.9870293140411376,6599.0,Sakshi,548.0,21.0,tirupati_l.png,Balli Durga Prasad Rao,YSRCP,Tirupati_sc,0,0,0,0,1,1,1,1,0,0,0,0,0,0,0,1,1,0,0,0,0,0,0,0,0,0,0,0,0,0
X1_Dcz3iPo8,2023-01-17,-0.9977905750274658,1311.0,TV9,359.0,0.0,tirupati_l.png,Balli Durga Prasad Rao,YSRCP,Tirupati_sc,0,0,0,0,0,0,0,0,0,0,0,0,0,0,0,0,0,0,0,0,0,0,0,0,0,0,0,0,0,0
MGLzPWdal2w,2023-01-19,0.9948779344558716,550.0,TV9,269.0,0.0,tirupati_l.png,Balli Durga Prasad Rao,YSRCP,Tirupati_sc,0,0,0,0,0,0,0,0,0,0,0,0,0,0,0,0,0,0,0,0,0,0,0,0,0,0,0,0,0,0
-YyV8Lb_e3Q,2023-01-20,0.9971005320549012,7437.0,TV9,325.0,1.0,tirupati_l.png,Balli Durga Prasad Rao,YSRCP,Tirupati_sc,0,0,0,0,0,0,0,0,0,0,0,0,0,0,0,0,0,0,0,0,0,0,0,0,0,0,0,0,0,0
dq9H2wpGKME,2023-01-20,-0.9916691780090332,547.0,TV9,381.0,0.0,tirupati_l.png,Balli Durga Prasad Rao,YSRCP,Tirupati_sc,0,0,0,0,0,0,0,0,0,0,0,0,0,0,0,0,0,0,0,0,0,0,0,0,0,0,0,0,0,0
89n7nvZdFOQ,2023-01-20,-0.9980646967887878,1998.0,TV5,345.0,8.0,tirupati_l.png,Balli Durga Prasad Rao,YSRCP,Tirupati_sc,0,1,1,0,0,0,0,0,0,0,0,0,0,0,0,0,0,0,0,0,0,0,0,0,0,0,0,0,0,0
upb_z5GYIOY,2023-01-21,-0.999483585357666,298.0,ABN,70.0,0.0,tirupati_l.png,Balli Durga Prasad Rao,YSRCP,Tirupati_sc,0,0,1,0,0,0,0,0,0,0,0,0,0,0,0,1,0,1,1,0,1,0,1,0,1,1,0,1,0,0
iQQ6n_bjINc,2023-01-21,0.9940087795257568,1100.0,TV9,173.0,0.0,tirupati_l.png,Balli Durga Prasad Rao,YSRCP,Tirupati_sc,0,0,0,0,0,0,0,0,0,0,0,0,0,0,0,0,0,0,0,0,0,0,0,0,0,0,0,0,0,0
lBE81m-TGsw,2023-01-23,-0.9892149567604064,2860.0,Sakshi,270.0,17.0,tirupati_l.png,Balli Durga Prasad Rao,YSRCP,Tirupati_sc,1,0,0,0,0,0,1,1,0,0,0,0,0,0,0,0,0,0,0,0,0,1,0,0,0,0,0,0,0,0
KjZL-HaHHpU,2023-01-23,0.9984148740768432,24466.0,TV5,246.0,37.0,tirupati_l.png,Balli Durga Prasad Rao,YSRCP,Tirupati_sc,1,0,0,0,0,0,0,1,0,0,0,0,0,0,0,0,0,0,0,0,1,0,1,0,1,0,0,1,0,0
t4D3h9uajIY,2023-01-23,-0.8243867754936218,13451.0,Sakshi,540.0,43.0,tirupati_l.png,Balli Durga Prasad Rao,YSRCP,Tirupati_sc,0,0,0,0,0,0,0,1,0,0,0,0,0,0,0,0,0,0,0,0,0,0,0,0,0,0,0,0,0,0
9TuN1n3jQN0,2023-01-24,-0.9979116320610046,881.0,TV9,265.0,3.0,tirupati_l.png,Balli Durga Prasad Rao,YSRCP,Tirupati_sc,0,0,0,0,0,0,0,0,0,0,0,0,0,0,0,0,0,0,0,0,0,0,0,0,0,0,0,0,0,0
WerK7T_WfFk,2023-01-24,0.9892807602882384,2831.0,ABN,370.0,2.0,tirupati_l.png,Balli Durga Prasad Rao,YSRCP,Tirupati_sc,0,1,1,0,0,0,0,0,0,0,0,0,0,0,0,0,0,0,0,0,0,0,0,0,0,0,0,0,0,0
TCfRx1jQAoc,2023-01-24,-0.99780935049057,601.0,TV5,373.0,2.0,tirupati_l.png,Balli Durga Prasad Rao,YSRCP,Tirupati_sc,1,0,0,0,0,0,0,0,0,0,0,0,0,0,0,0,0,0,0,0,0,0,0,0,0,0,0,0,1,0
My-GyFhP2yc,2023-01-24,0.99735826253891,649.0,TV5,230.0,0.0,tirupati_l.png,Balli Durga Prasad Rao,YSRCP,Tirupati_sc,0,0,0,0,1,0,1,0,0,0,0,0,0,0,0,1,0,0,0,0,0,0,0,0,0,0,0,0,0,0
wLLDAmhpVy0,2023-01-26,0.9922261238098145,1618.0,TV9,226.0,4.0,tirupati_l.png,Balli Durga Prasad Rao,YSRCP,Tirupati_sc,0,0,0,0,1,0,0,0,0,0,0,0,0,0,0,0,0,0,0,0,0,0,0,0,0,0,0,0,0,0
81PFZ3_QP3c,2023-01-26,-0.986328661441803,1209.0,TV5,278.0,5.0,tirupati_l.png,Balli Durga Prasad Rao,YSRCP,Tirupati_sc,0,0,0,0,0,0,0,0,1,0,0,0,0,0,0,0,0,0,0,0,0,0,0,0,0,0,0,0,0,0
ANmxC9cDIvM,2023-01-26,0.9884123206138612,1467.0,TV9,332.0,8.0,tirupati_l.png,Balli Durga Prasad Rao,YSRCP,Tirupati_sc,0,0,0,0,0,0,0,0,0,0,0,0,0,0,0,0,0,0,0,0,0,0,0,0,0,0,0,0,0,0
WoSSB0tq_HE,2023-01-27,0.9978590607643129,15775.0,TV5,365.0,13.0,tirupati_l.png,Balli Durga Prasad Rao,YSRCP,Tirupati_sc,1,1,1,0,0,0,0,1,0,0,0,0,0,0,0,1,0,0,0,0,1,0,0,0,0,0,0,0,0,0
Xd0MlxIWO2w,2023-01-28,-0.9989105463027954,25519.0,Sakshi,171.0,91.0,tirupati_l.png,Balli Durga Prasad Rao,YSRCP,Tirupati_sc,0,0,0,0,0,0,0,0,0,0,0,0,0,0,1,0,0,1,0,0,0,0,0,0,0,0,0,0,0,0
cE9iUHBwjXI,2023-01-28,0.990050733089447,5818.0,TV9,89.0,30.0,tirupati_l.png,Balli Durga Prasad Rao,YSRCP,Tirupati_sc,0,0,0,0,0,0,0,0,0,0,0,0,0,0,0,0,0,0,0,0,0,0,0,0,0,0,0,0,0,0
xSIOrAOBjT8,2023-01-29,-0.986563801765442,83753.0,Sakshi,178.0,149.0,tirupati_l.png,Balli Durga Prasad Rao,YSRCP,Tirupati_sc,1,1,1,1,1,1,0,0,0,1,0,0,0,0,1,0,0,1,0,1,0,0,1,1,0,0,0,0,1,0
kA72ZARC8Pw,2023-01-31,-0.9926778078079224,1250.0,TV9,425.0,3.0,tirupati_l.png,Balli Durga Prasad Rao,YSRCP,Tirupati_sc,0,0,0,0,0,0,0,0,1,0,0,0,0,0,0,1,0,0,0,0,0,0,0,0,0,0,0,0,0,0
nLP0nNrtE24,2023-01-31,0.9944984316825868,1019.0,TV9,254.0,4.0,tirupati_l.png,Balli Durga Prasad Rao,YSRCP,Tirupati_sc,0,0,0,0,0,0,0,0,0,0,0,0,0,0,0,0,0,0,0,0,0,0,0,0,0,0,0,0,0,0
jRnC7MLSHjw,2023-01-31,-0.9993953704833984,1855.0,TV9,275.0,9.0,tirupati_l.png,Balli Durga Prasad Rao,YSRCP,Tirupati_sc,0,1,0,0,0,0,0,0,0,0,0,0,0,0,0,0,0,0,0,0,0,0,0,0,0,0,0,0,0,0
urzHH0Sh21E,2023-02-02,-0.9984924793243408,590.0,TV9,323.0,1.0,tirupati_l.png,Balli Durga Prasad Rao,YSRCP,Tirupati_sc,0,0,0,0,0,0,0,0,0,0,0,0,0,0,0,0,0,0,0,0,0,0,0,0,0,0,0,0,0,0
VhXOD--4r5s,2023-02-02,0.997218370437622,300.0,TV9,320.0,0.0,tirupati_l.png,Balli Durga Prasad Rao,YSRCP,Tirupati_sc,0,0,0,0,0,0,0,0,0,0,0,0,0,0,0,0,0,0,0,0,0,0,0,0,0,0,0,0,0,0
3C5a-FzURHM,2023-02-02,-0.9992746710777284,722.0,TV9,316.0,0.0,tirupati_l.png,Balli Durga Prasad Rao,YSRCP,Tirupati_sc,0,0,0,0,0,0,0,0,0,0,0,0,0,0,0,0,0,0,0,0,0,0,0,0,0,0,0,0,0,0
bJ98WGfNGnQ,2023-02-02,0.9949917197227478,899.0,TV9,332.0,0.0,tirupati_l.png,Balli Durga Prasad Rao,YSRCP,Tirupati_sc,0,0,0,0,0,0,0,0,0,0,0,0,0,0,0,0,0,0,0,0,0,1,0,0,0,0,0,0,0,0
xV0xyycnQJw,2023-02-05,-0.9928988218307496,124425.0,TV5,405.0,109.0,tirupati_l.png,Balli Durga Prasad Rao,YSRCP,Tirupati_sc,0,1,1,0,0,0,0,0,0,0,0,1,0,0,0,0,0,0,1,0,1,0,1,0,0,1,0,0,0,0
A57SA4dSv2I,2023-02-05,-0.9937826991081238,3591.0,TV9,272.0,2.0,tirupati_l.png,Balli Durga Prasad Rao,YSRCP,Tirupati_sc,0,0,0,1,0,0,0,0,0,0,0,0,0,0,0,0,0,0,0,0,1,0,0,0,0,0,0,0,0,0
TzucSIDgYoM,2023-02-06,0.99772709608078,1562.0,TV9,232.0,0.0,tirupati_l.png,Balli Durga Prasad Rao,YSRCP,Tirupati_sc,0,0,0,1,0,0,0,0,0,0,0,0,0,0,0,0,0,0,0,0,0,0,0,0,0,0,1,0,0,0
J0-VzRXWr9I,2023-02-06,0.9920973777770996,924.0,TV9,319.0,0.0,tirupati_l.png,Balli Durga Prasad Rao,YSRCP,Tirupati_sc,0,0,0,0,0,0,0,0,0,0,0,0,0,1,0,0,0,0,0,1,0,0,0,0,0,0,0,0,0,0
DmeRw3-ZNvA,2023-02-06,0.9983067512512208,1049.0,TV9,297.0,0.0,tirupati_l.png,Balli Durga Prasad Rao,YSRCP,Tirupati_sc,0,0,0,0,0,0,0,0,0,0,0,0,0,0,0,0,0,0,0,0,0,0,0,0,0,0,0,0,0,0
wKylX1nTdT4,2023-02-06,0.9899179339408876,729.0,TV9,262.0,0.0,tirupati_l.png,Balli Durga Prasad Rao,YSRCP,Tirupati_sc,0,0,0,0,0,0,0,0,0,0,0,0,0,1,0,0,0,0,0,0,0,0,0,0,0,0,0,0,0,0
YHTWVkoZGz0,2023-02-06,-0.99367755651474,1422.0,TV9,293.0,0.0,tirupati_l.png,Balli Durga Prasad Rao,YSRCP,Tirupati_sc,0,0,0,0,0,0,0,0,0,0,0,0,0,0,0,0,0,0,0,0,0,0,0,0,0,0,0,0,0,0
utBg8NdOqGY,2023-02-06,0.9986249208450316,480.0,TV9,373.0,0.0,tirupati_l.png,Balli Durga Prasad Rao,YSRCP,Tirupati_sc,0,0,0,0,0,0,0,0,0,0,0,0,0,0,0,1,0,0,0,0,0,0,0,0,0,0,0,0,0,0
C0gGFC_zgkY,2023-02-06,0.9970537424087524,666.0,TV9,267.0,0.0,tirupati_l.png,Balli Durga Prasad Rao,YSRCP,Tirupati_sc,0,0,0,0,0,0,0,0,0,0,0,0,0,0,0,0,0,0,0,0,0,0,0,0,0,0,0,0,0,0
Nv8j5fvTULY,2023-02-06,0.9837397933006288,5537.0,TV9,443.0,1.0,tirupati_l.png,Balli Durga Prasad Rao,YSRCP,Tirupati_sc,0,0,0,0,0,0,0,0,0,0,0,0,0,1,0,0,0,0,0,0,0,0,0,0,0,0,1,0,0,0
obyTX6Rruzw,2023-02-06,0.9913990497589112,1019.0,TV9,522.0,0.0,tirupati_l.png,Balli Durga Prasad Rao,YSRCP,Tirupati_sc,0,0,1,1,0,0,0,1,0,1,1,0,0,0,1,0,0,1,0,1,1,1,1,0,1,0,1,1,0,1
bYbYQlbJpSQ,2023-02-06,-0.9904102087020874,1010.0,TV9,164.0,3.0,tirupati_l.png,Balli Durga Prasad Rao,YSRCP,Tirupati_sc,0,0,0,0,0,0,0,0,0,0,0,0,0,0,0,0,0,0,0,0,0,0,0,0,0,0,0,0,0,0
8WTLyi9-Dfk,2023-02-06,0.9985768795013428,1723.0,TV9,300.0,0.0,tirupati_l.png,Balli Durga Prasad Rao,YSRCP,Tirupati_sc,0,0,0,0,0,0,0,0,0,0,0,0,0,0,0,0,0,0,0,0,1,0,0,0,0,0,0,0,0,0
s7mROVSnlcs,2023-02-06,0.9965452551841736,531.0,TV9,144.0,0.0,tirupati_l.png,Balli Durga Prasad Rao,YSRCP,Tirupati_sc,0,0,1,0,0,0,0,0,0,0,0,0,0,1,0,0,0,0,0,0,0,0,0,0,0,0,0,0,0,0
qQ8CzqVyGoE,2023-02-06,0.9915566444396972,1174.0,TV9,118.0,2.0,tirupati_l.png,Balli Durga Prasad Rao,YSRCP,Tirupati_sc,0,0,0,0,0,0,0,0,0,0,0,0,0,0,0,0,0,0,0,0,0,0,0,0,0,0,0,0,0,0
VEcENRtJ7Do,2023-02-06,0.9938244819641112,300.0,TV9,20.0,0.0,tirupati_l.png,Balli Durga Prasad Rao,YSRCP,Tirupati_sc,0,0,1,0,0,0,0,0,0,0,0,0,0,1,0,0,0,0,0,1,0,0,0,0,0,0,0,0,0,0
lzu7qGSoYio,2023-02-06,0.998619794845581,1133.0,TV9,143.0,1.0,tirupati_l.png,Balli Durga Prasad Rao,YSRCP,Tirupati_sc,0,0,0,1,0,0,0,0,0,1,0,0,0,0,1,0,0,0,0,0,1,0,1,0,1,0,0,0,0,0
CR1Pg_H-axc,2023-02-07,-0.9960708618164062,4627.0,TV9,153.0,17.0,tirupati_l.png,Balli Durga Prasad Rao,YSRCP,Tirupati_sc,0,0,0,0,0,0,0,0,0,0,0,0,0,0,0,0,0,0,0,1,0,0,0,0,0,0,0,0,0,0
PEJU32CPJBI,2023-02-07,0.9930522441864014,848.0,ABN,193.0,0.0,tirupati_l.png,Balli Durga Prasad Rao,YSRCP,Tirupati_sc,0,1,1,1,0,1,0,1,0,1,0,0,1,0,0,0,0,0,0,0,0,0,1,0,0,1,0,0,0,1
Dqtzlm1B5KA,2023-02-07,0.998558223247528,251323.0,TV5,539.0,633.0,tirupati_l.png,Balli Durga Prasad Rao,YSRCP,Tirupati_sc,1,1,1,1,0,0,0,0,0,1,0,0,0,1,0,1,0,1,1,1,1,0,1,0,0,0,1,1,1,0
Hjob377coOQ,2023-02-07,0.9953963160514832,903.0,TV9,83.0,0.0,tirupati_l.png,Balli Durga Prasad Rao,YSRCP,Tirupati_sc,0,0,0,0,0,0,0,0,0,0,0,0,0,0,0,0,0,0,0,0,0,0,0,0,0,0,0,0,0,0
KVLQTq8h4NY,2023-02-07,-0.9944064617156982,4107.0,TV9,155.0,17.0,tirupati_l.png,Balli Durga Prasad Rao,YSRCP,Tirupati_sc,0,0,0,0,0,0,0,0,0,0,0,0,0,0,0,0,0,0,0,0,1,0,0,0,0,0,0,0,0,0
M61_QTL9oF4,2023-02-07,-0.9770010113716124,19952.0,TV9,560.0,41.0,tirupati_l.png,Balli Durga Prasad Rao,YSRCP,Tirupati_sc,0,0,0,0,0,0,0,0,0,0,0,0,0,0,0,0,0,0,0,0,0,0,0,0,0,0,0,0,0,0
19HadTXiNCQ,2023-02-07,-0.9980124235153198,792.0,ABN,277.0,4.0,tirupati_l.png,Balli Durga Prasad Rao,YSRCP,Tirupati_sc,0,0,0,0,0,0,0,1,0,1,0,0,0,0,0,0,0,0,0,0,0,0,0,0,0,0,0,0,0,0
q8lARzewKZw,2023-02-08,-0.998254120349884,3887.0,Sakshi,500.0,5.0,tirupati_l.png,Balli Durga Prasad Rao,YSRCP,Tirupati_sc,0,1,1,1,1,0,0,1,0,1,0,0,0,0,0,0,0,0,0,0,0,0,0,0,0,1,1,0,0,0
6ZtkdymavXI,2023-02-08,0.9942626357078552,3852.0,TV5,250.0,13.0,tirupati_l.png,Balli Durga Prasad Rao,YSRCP,Tirupati_sc,0,0,0,1,0,0,0,0,0,0,0,0,0,1,0,0,0,0,0,0,0,0,0,0,0,1,0,0,0,0
GjWlHqfOEfA,2023-02-09,-0.9964872598648072,8396.0,TV5,455.0,23.0,tirupati_l.png,Balli Durga Prasad Rao,YSRCP,Tirupati_sc,0,0,0,0,1,0,0,0,0,0,0,0,0,0,0,0,0,0,0,0,0,0,0,0,1,0,0,0,0,0
HNgw_maH1Ac,2023-02-11,-0.9981406927108764,1802.0,ABN,521.0,3.0,tirupati_l.png,Balli Durga Prasad Rao,YSRCP,Tirupati_sc,0,0,0,0,0,0,0,0,1,0,0,0,0,0,0,0,0,0,0,0,0,0,0,0,0,0,0,0,0,0
PPIdx46hHWg,2023-02-11,-0.9800782203674316,1949.0,ABN,243.0,4.0,tirupati_l.png,Balli Durga Prasad Rao,YSRCP,Tirupati_sc,0,1,1,1,0,1,0,1,0,0,0,0,0,0,0,0,0,1,1,1,0,0,1,0,0,0,0,1,0,1
KK8jNk32Jdg,2023-02-11,-0.9902594685554504,39111.0,Sakshi,223.0,50.0,tirupati_l.png,Balli Durga Prasad Rao,YSRCP,Tirupati_sc,1,1,1,0,1,1,0,0,1,1,1,0,1,1,0,0,0,1,1,1,1,0,1,0,1,1,1,1,0,1
pfzlOumbGZ8,2023-02-11,-0.9947810769081116,1416.0,ABN,274.0,3.0,tirupati_l.png,Balli Durga Prasad Rao,YSRCP,Tirupati_sc,1,0,0,0,0,0,0,1,0,0,0,0,0,0,0,0,0,0,0,0,0,0,1,0,0,0,0,0,0,0
prsEewzUorY,2023-02-12,0.997655153274536,5897.0,Sakshi,503.0,25.0,tirupati_l.png,Balli Durga Prasad Rao,YSRCP,Tirupati_sc,0,0,1,0,0,1,0,1,0,0,0,0,0,0,0,0,0,0,0,0,0,0,0,0,0,0,0,0,0,0
Go9rRv4Fvy0,2023-02-12,-0.9993313550949096,1930.0,Sakshi,130.0,3.0,tirupati_l.png,Balli Durga Prasad Rao,YSRCP,Tirupati_sc,0,0,0,0,0,1,0,1,0,0,0,0,0,0,0,0,0,0,0,0,0,0,1,0,0,1,0,0,0,0
aBi_vsGyXG4,2023-02-13,0.9678323864936828,963.0,TV9,421.0,1.0,tirupati_l.png,Balli Durga Prasad Rao,YSRCP,Tirupati_sc,0,0,0,0,0,0,0,0,0,0,0,0,0,1,0,0,0,0,0,0,0,0,0,0,0,0,0,0,0,0
xoEgUQOjqig,2023-02-13,0.997094988822937,426.0,TV9,252.0,0.0,tirupati_l.png,Balli Durga Prasad Rao,YSRCP,Tirupati_sc,0,0,0,0,0,0,0,0,0,0,0,0,0,0,0,0,0,0,0,0,0,0,0,0,0,0,0,0,0,0
6F_SzGfb2_Q,2023-02-13,0.9957488775253296,1462.0,TV9,253.0,0.0,tirupati_l.png,Balli Durga Prasad Rao,YSRCP,Tirupati_sc,0,0,0,1,0,0,0,0,0,0,0,0,0,0,0,0,0,0,0,0,0,0,0,0,0,0,0,0,0,0
IqmbJ9tIGCE,2023-02-13,0.9948071837425232,21739.0,TV9,171.0,22.0,tirupati_l.png,Balli Durga Prasad Rao,YSRCP,Tirupati_sc,0,0,0,0,0,0,0,0,0,0,0,0,0,0,0,0,0,0,0,0,0,0,0,0,0,0,0,0,0,0
0yJLT9xnDJk,2023-02-14,0.9980666041374208,437.0,TV9,141.0,0.0,tirupati_l.png,Balli Durga Prasad Rao,YSRCP,Tirupati_sc,0,0,0,0,0,0,0,0,0,0,0,0,0,0,0,0,0,0,0,0,0,0,1,0,0,0,0,0,0,0
GLpokUFChrA,2023-02-14,-0.9939496517181396,2671.0,TV9,140.0,1.0,tirupati_l.png,Balli Durga Prasad Rao,YSRCP,Tirupati_sc,0,0,0,0,0,0,0,0,0,0,0,0,0,0,0,0,0,0,0,0,0,0,0,0,0,0,0,0,0,0
fLLTn1o5YK8,2023-02-15,0.9934033751487732,1009.0,ABN,242.0,1.0,tirupati_l.png,Balli Durga Prasad Rao,YSRCP,Tirupati_sc,1,0,0,1,0,1,0,0,0,0,0,0,0,0,0,1,0,1,0,0,0,0,0,0,0,1,0,0,0,0
mhb0mCEk2Hc,2023-02-15,-0.993196964263916,1122.0,Sakshi,322.0,1.0,tirupati_l.png,Balli Durga Prasad Rao,YSRCP,Tirupati_sc,0,1,1,1,1,0,0,0,1,0,0,0,0,0,0,0,0,0,0,0,0,0,0,0,0,0,1,0,0,0
ZbL7XXN51ho,2023-02-15,-0.996273636817932,926.0,TV9,358.0,1.0,tirupati_l.png,Balli Durga Prasad Rao,YSRCP,Tirupati_sc,0,0,0,0,0,0,0,0,1,0,0,0,0,0,0,0,0,0,0,0,0,0,0,0,0,0,0,0,0,0
WiSVvnnkGFQ,2023-02-16,0.9979853630065918,2348.0,TV9,336.0,21.0,tirupati_l.png,Balli Durga Prasad Rao,YSRCP,Tirupati_sc,0,0,0,0,1,0,0,0,0,0,0,0,0,0,0,0,0,0,0,0,0,0,0,0,0,0,0,0,0,0
NBmK35CrA2s,2023-02-16,-0.9964973330497742,8652.0,TV5,63.0,21.0,tirupati_l.png,Balli Durga Prasad Rao,YSRCP,Tirupati_sc,1,1,1,0,1,0,0,0,0,0,0,0,0,0,0,0,0,0,0,0,0,0,0,0,0,0,0,0,0,0
ASTfl78bG3A,2023-02-16,0.9954654574394226,842.0,TV9,375.0,8.0,tirupati_l.png,Balli Durga Prasad Rao,YSRCP,Tirupati_sc,0,0,0,0,0,1,0,0,0,0,0,0,0,0,0,0,0,0,0,0,0,0,0,0,0,0,0,0,0,0
kEYZsEu7jxo,2023-02-16,-0.9994231462478638,1222.0,TV9,274.0,3.0,tirupati_l.png,Balli Durga Prasad Rao,YSRCP,Tirupati_sc,0,0,0,0,0,0,0,0,0,0,0,0,0,0,0,0,0,0,0,0,0,0,0,0,0,0,0,0,0,0
cbto_l9xZ8k,2023-02-17,-0.999178946018219,4016.0,TV5,270.0,3.0,tirupati_l.png,Balli Durga Prasad Rao,YSRCP,Tirupati_sc,0,0,0,0,1,1,1,0,0,0,0,0,1,1,0,0,0,0,0,0,0,0,0,0,0,0,0,0,0,0
aBmYRsHiBTs,2023-02-18,0.9986427426338196,2677.0,ABN,154.0,3.0,tirupati_l.png,Balli Durga Prasad Rao,YSRCP,Tirupati_sc,1,0,1,1,0,0,0,0,0,1,1,0,0,0,0,0,0,1,0,0,1,0,1,0,0,1,1,0,0,1
hzc4ZrFOaK0,2023-02-19,0.9940833449363708,1228.0,TV9,288.0,0.0,tirupati_l.png,Balli Durga Prasad Rao,YSRCP,Tirupati_sc,0,0,0,1,0,0,0,0,0,0,0,0,0,0,0,0,0,0,0,0,0,0,0,0,0,0,1,0,0,0
By89zYwkjRA,2023-02-20,0.996969997882843,844.0,TV9,222.0,0.0,tirupati_l.png,Balli Durga Prasad Rao,YSRCP,Tirupati_sc,0,1,1,0,0,0,0,0,0,0,0,0,0,0,0,0,0,0,0,0,0,0,1,0,0,0,0,0,0,0
D20JmmIzy1I,2023-02-20,0.9981087446212769,5961.0,ABN,485.0,1.0,tirupati_l.png,Balli Durga Prasad Rao,YSRCP,Tirupati_sc,0,0,0,0,0,0,0,0,0,0,0,0,0,0,0,0,0,0,0,0,0,0,0,0,0,0,0,0,0,0
ARZU5F46oOE,2023-02-20,0.9956899285316468,2515.0,Sakshi,164.0,6.0,tirupati_l.png,Balli Durga Prasad Rao,YSRCP,Tirupati_sc,0,1,1,0,1,0,0,0,0,1,0,0,0,0,0,0,0,0,0,0,0,1,1,0,0,1,0,0,0,0
EjfzXnuXfUY,2023-02-20,0.9974836707115172,694.0,TV9,165.0,0.0,tirupati_l.png,Balli Durga Prasad Rao,YSRCP,Tirupati_sc,0,0,0,0,0,0,0,0,0,0,0,0,0,0,0,0,0,0,0,0,0,0,0,0,0,0,0,0,0,0
N53cPmtS4OE,2023-02-23,-0.9979671835899352,2695.0,TV5,300.0,5.0,tirupati_l.png,Balli Durga Prasad Rao,YSRCP,Tirupati_sc,0,1,1,0,0,0,0,0,0,1,0,0,1,0,0,0,0,0,0,0,0,0,0,0,0,0,1,0,0,1
jtnUZLprQhM,2023-02-23,-0.9984209537506104,891.0,TV9,200.0,0.0,tirupati_l.png,Balli Durga Prasad Rao,YSRCP,Tirupati_sc,0,0,0,0,0,0,0,0,0,0,0,0,0,0,0,0,0,0,0,0,0,0,0,0,0,0,0,0,0,0
cTc4ZD3OYL0,2023-02-25,-0.9984753727912904,2597.0,Sakshi,245.0,18.0,tirupati_l.png,Balli Durga Prasad Rao,YSRCP,Tirupati_sc,1,1,0,0,1,1,0,0,1,0,0,0,0,0,0,0,0,0,0,1,0,0,1,0,0,0,0,0,0,0
XifxmqLXNt0,2023-02-26,-0.9982317090034484,533.0,TV9,180.0,1.0,tirupati_l.png,Balli Durga Prasad Rao,YSRCP,Tirupati_sc,0,0,0,0,0,0,0,0,1,0,0,0,0,0,0,0,0,0,0,0,0,0,0,0,0,0,0,0,0,0
Z4_jOx8oqkg,2023-02-26,0.9988387227058412,1096.0,TV9,309.0,0.0,tirupati_l.png,Balli Durga Prasad Rao,YSRCP,Tirupati_sc,0,0,0,1,0,0,0,0,0,0,0,0,0,0,0,0,1,0,0,0,0,0,0,0,0,0,0,0,0,0
nLbjLps0ioU,2023-03-01,-0.9879425168037416,61132.0,Sakshi,208.0,114.0,tirupati_l.png,Balli Durga Prasad Rao,YSRCP,Tirupati_sc,0,0,0,0,0,1,0,1,0,0,0,0,0,0,0,0,0,0,0,0,0,0,0,0,0,1,0,0,0,0
Q2FPtpX-c9E,2023-03-01,0.9732816219329834,73553.0,Sakshi,289.0,207.0,tirupati_l.png,Balli Durga Prasad Rao,YSRCP,Tirupati_sc,0,0,0,0,0,0,1,0,0,0,0,0,0,0,0,0,0,0,0,1,0,0,0,1,0,1,0,0,0,0
DrUVCTqszhY,2023-03-03,-0.9988504648208618,575.0,TV5,137.0,0.0,tirupati_l.png,Balli Durga Prasad Rao,YSRCP,Tirupati_sc,1,1,1,0,0,0,1,0,0,1,0,1,0,0,1,0,1,0,1,0,1,0,1,0,1,1,0,1,0,0
wFeookzt-K8,2023-03-04,0.9983536005020142,725.0,TV9,271.0,2.0,tirupati_l.png,Balli Durga Prasad Rao,YSRCP,Tirupati_sc,0,0,0,0,0,0,0,0,0,0,0,0,0,0,0,0,0,0,0,0,0,0,0,0,0,0,0,0,0,0
uWCZ1Oo8OME,2023-03-08,0.9896200299263,11694.0,Sakshi,166.0,32.0,tirupati_l.png,Balli Durga Prasad Rao,YSRCP,Tirupati_sc,0,0,0,0,1,1,0,1,0,0,0,0,0,1,0,0,0,0,0,0,0,0,0,0,0,1,0,0,0,0
hIuXXXMCwQs,2023-03-08,-0.9928733110427856,76162.0,Sakshi,221.0,249.0,tirupati_l.png,Balli Durga Prasad Rao,YSRCP,Tirupati_sc,0,0,0,1,0,0,0,0,0,0,1,0,0,0,0,0,0,0,0,0,0,0,0,0,0,0,0,0,0,0
L_5Da58XxZc,2023-03-08,-0.9828224778175354,10008.0,Sakshi,176.0,14.0,tirupati_l.png,Balli Durga Prasad Rao,YSRCP,Tirupati_sc,0,0,0,0,0,1,0,1,0,1,0,0,0,0,0,0,0,0,0,0,0,0,0,0,0,0,0,0,0,0
4BCJBq--FVE,2023-03-09,-0.9977388381958008,3606.0,TV9,328.0,9.0,tirupati_l.png,Balli Durga Prasad Rao,YSRCP,Tirupati_sc,0,0,0,0,0,0,0,0,0,0,0,0,0,0,0,0,1,0,0,0,0,0,0,0,0,0,0,0,0,0
C7LB1b3nPC4,2023-03-10,-0.8874902725219727,15497.0,TV9,334.0,16.0,tirupati_l.png,Balli Durga Prasad Rao,YSRCP,Tirupati_sc,0,0,0,1,0,0,0,0,0,0,0,0,0,0,0,0,0,0,0,0,0,0,0,0,0,0,0,0,0,0
hcohFWOZdBc,2023-03-11,-0.9986134767532348,834.0,Sakshi,131.0,1.0,tirupati_l.png,Balli Durga Prasad Rao,YSRCP,Tirupati_sc,0,0,0,0,0,0,0,0,0,0,0,0,0,0,0,0,0,0,0,1,0,0,0,0,0,0,0,0,0,0
ifcFHD4MZxY,2023-03-11,0.9827539920806884,3507.0,TV5,315.0,28.0,tirupati_l.png,Balli Durga Prasad Rao,YSRCP,Tirupati_sc,0,0,0,1,0,0,0,0,1,0,0,0,0,0,0,1,0,0,0,0,0,0,1,0,0,1,1,0,0,0
mUAzKenCFFE,2023-03-12,0.9912109971046448,2802.0,ABN,316.0,8.0,tirupati_l.png,Balli Durga Prasad Rao,YSRCP,Tirupati_sc,0,0,0,0,0,0,0,0,0,0,0,0,0,0,0,0,0,0,0,0,0,0,0,0,0,0,0,0,0,0
XeBkWFBx8IM,2023-03-13,-0.9947924017906188,3185.0,ABN,286.0,37.0,tirupati_l.png,Balli Durga Prasad Rao,YSRCP,Tirupati_sc,0,0,0,0,0,0,0,0,0,0,0,0,0,0,0,0,0,0,0,0,0,0,0,0,0,0,0,0,0,0
LNRZAolxS6A,2023-03-13,0.9928287863731384,1730.0,TV9,344.0,4.0,tirupati_l.png,Balli Durga Prasad Rao,YSRCP,Tirupati_sc,0,0,0,0,0,0,0,0,0,0,0,0,0,0,0,0,0,0,0,0,0,0,0,0,0,0,0,0,0,0
v8ffZcOgpOE,2023-03-13,-0.9977123737335204,577.0,TV9,264.0,1.0,tirupati_l.png,Balli Durga Prasad Rao,YSRCP,Tirupati_sc,0,0,0,1,0,0,0,0,0,0,0,0,0,0,0,0,0,0,0,0,0,0,0,0,0,0,0,0,0,0
2tYK25DIm98,2023-03-13,0.9987033605575562,651.0,TV9,264.0,1.0,tirupati_l.png,Balli Durga Prasad Rao,YSRCP,Tirupati_sc,0,1,0,1,0,0,0,0,0,0,0,0,0,0,0,1,0,0,0,0,0,0,0,0,0,0,0,0,0,0
gKiS9PPJMA8,2023-03-13,0.9928922653198242,3155.0,TV5,145.0,1.0,tirupati_l.png,Balli Durga Prasad Rao,YSRCP,Tirupati_sc,0,0,0,0,0,0,0,0,0,0,0,0,0,0,0,0,0,0,0,0,0,0,0,0,0,0,0,0,0,0
1-Zml63JxYw,2023-03-13,-0.9952127933502196,1294.0,TV9,265.0,7.0,tirupati_l.png,Balli Durga Prasad Rao,YSRCP,Tirupati_sc,1,0,1,0,0,0,0,0,0,0,0,0,0,0,0,0,0,0,0,0,0,0,0,0,0,0,0,1,0,0
cQorSkytcNM,2023-03-15,0.997719943523407,1034.0,TV9,253.0,4.0,tirupati_l.png,Balli Durga Prasad Rao,YSRCP,Tirupati_sc,0,1,1,0,0,0,0,0,1,0,0,0,0,0,0,0,0,0,1,0,0,0,0,0,0,1,1,0,0,0
57DYdX5UenY,2023-03-15,0.9966843724250792,2483.0,TV9,231.0,7.0,tirupati_l.png,Balli Durga Prasad Rao,YSRCP,Tirupati_sc,0,0,0,0,0,0,0,0,0,0,0,0,0,0,0,0,0,0,0,0,0,0,0,0,0,0,1,0,0,0
-Qv-IQz3B3A,2023-03-16,0.9986501336097716,184970.0,TV9,155.0,62.0,tirupati_l.png,Balli Durga Prasad Rao,YSRCP,Tirupati_sc,0,1,1,0,0,0,0,0,1,0,0,0,1,0,0,0,0,0,0,0,0,0,0,0,0,0,1,0,0,0
_qcTi_HRFv4,2023-03-17,0.9983118772506714,1443.0,Sakshi,313.0,6.0,tirupati_l.png,Balli Durga Prasad Rao,YSRCP,Tirupati_sc,1,1,1,1,1,1,0,0,0,0,0,0,0,1,0,0,0,0,1,0,0,1,1,0,0,1,1,0,0,0
ZAjHiJjeLMQ,2023-03-18,0.9982810020446776,5056.0,TV5,175.0,0.0,tirupati_l.png,Balli Durga Prasad Rao,YSRCP,Tirupati_sc,1,1,1,0,0,0,0,0,1,0,0,0,1,0,0,0,0,1,0,0,0,0,1,0,1,1,1,1,0,0
tmOQILuVM0E,2023-03-18,-0.9979162812232972,2765.0,TV5,270.0,6.0,tirupati_l.png,Balli Durga Prasad Rao,YSRCP,Tirupati_sc,1,0,1,0,1,0,0,0,0,0,0,0,0,1,0,0,0,0,0,0,0,0,0,0,0,0,0,0,0,0
QBLv7KtOZVU,2023-03-18,-0.9944000840187072,14082.0,Sakshi,335.0,182.0,tirupati_l.png,Balli Durga Prasad Rao,YSRCP,Tirupati_sc,0,1,1,0,1,1,0,0,0,0,0,0,0,0,0,0,0,0,0,0,0,0,0,0,0,0,0,0,0,0
u_YrOOYLN5s,2023-03-18,-0.9839249849319458,1068.0,Sakshi,333.0,11.0,tirupati_l.png,Balli Durga Prasad Rao,YSRCP,Tirupati_sc,0,0,0,1,1,1,0,0,0,0,0,0,0,0,0,0,0,0,0,0,0,0,0,0,0,0,0,0,0,0
8ZJiQjTTdEM,2023-03-19,0.9642904996871948,47888.0,ABN,229.0,75.0,tirupati_l.png,Balli Durga Prasad Rao,YSRCP,Tirupati_sc,1,1,1,1,0,0,0,0,1,0,0,0,1,0,0,0,0,0,0,0,0,0,1,0,1,1,1,1,0,0
Ec-WRerGXwo,2023-03-27,-0.9976660013198853,2664.0,TV9,336.0,0.0,tirupati_l.png,Balli Durga Prasad Rao,YSRCP,Tirupati_sc,0,0,0,0,0,0,0,0,0,0,0,0,0,0,0,0,0,0,0,0,0,0,0,0,0,1,0,0,0,0
9yuQR9aYG4w,2023-03-27,-0.9985182881355286,7720.0,Sakshi,122.0,38.0,tirupati_l.png,Balli Durga Prasad Rao,YSRCP,Tirupati_sc,0,0,0,0,0,1,0,0,0,0,0,0,0,0,0,0,0,0,0,0,0,0,0,0,0,0,0,0,1,0
kY9JpCqZF3E,2023-03-28,0.9956486821174622,6187.0,Sakshi,69.0,13.0,tirupati_l.png,Balli Durga Prasad Rao,YSRCP,Tirupati_sc,0,0,0,0,1,1,0,1,0,0,0,0,0,0,0,0,0,0,0,0,0,0,1,0,0,0,0,0,0,0
cz4rrOgZ__w,2023-03-28,-0.9963653087615968,2219.0,Sakshi,125.0,3.0,tirupati_l.png,Balli Durga Prasad Rao,YSRCP,Tirupati_sc,0,0,1,0,0,1,0,0,0,0,0,0,0,0,0,0,0,0,0,0,0,0,0,0,0,0,0,1,0,0
vP0m-x5jM80,2023-03-30,-0.9979557991027832,1665.0,TV5,305.0,2.0,tirupati_l.png,Balli Durga Prasad Rao,YSRCP,Tirupati_sc,0,1,0,0,0,1,0,0,1,0,1,0,1,0,0,0,0,0,0,0,0,0,0,0,0,0,1,0,0,0
jfhn75Il6go,2023-04-03,-0.9629538655281068,3721.0,TV5,312.0,3.0,tirupati_l.png,Balli Durga Prasad Rao,YSRCP,Tirupati_sc,0,1,1,1,0,0,0,0,1,0,0,0,0,1,0,0,0,1,0,0,0,0,0,0,0,1,1,0,0,0
XVIsrHKXk4g,2023-04-04,-0.9994226694107056,957.0,TV5,326.0,0.0,tirupati_l.png,Balli Durga Prasad Rao,YSRCP,Tirupati_sc,1,1,1,1,0,0,0,0,0,0,0,0,1,0,0,0,0,0,0,0,0,0,0,0,0,1,0,1,0,0
dhA0kL-cynU,2023-04-05,0.9985254406929016,1232.0,Sakshi,181.0,3.0,tirupati_l.png,Balli Durga Prasad Rao,YSRCP,Tirupati_sc,0,0,0,0,1,1,0,0,0,0,0,0,0,0,0,1,0,0,0,0,0,0,0,0,0,0,0,0,0,0
YPdIeSiQD4Y,2023-04-10,-0.998318076133728,856.0,TV9,205.0,0.0,tirupati_l.png,Balli Durga Prasad Rao,YSRCP,Tirupati_sc,0,0,0,0,0,0,0,0,0,0,0,0,0,0,0,0,1,0,0,0,0,0,0,0,0,0,0,0,0,0
qJkR0DqYlVA,2023-04-10,-0.99850732088089,976.0,TV5,345.0,1.0,tirupati_l.png,Balli Durga Prasad Rao,YSRCP,Tirupati_sc,0,1,0,0,0,0,0,0,0,0,0,0,0,0,0,0,0,0,0,0,0,0,0,0,0,0,0,0,0,0
h1ju1SGctfY,2023-04-11,-0.9878427982330322,1973.0,TV9,207.0,0.0,tirupati_l.png,Balli Durga Prasad Rao,YSRCP,Tirupati_sc,1,0,0,0,1,1,1,0,0,0,0,0,0,0,0,0,0,0,0,0,0,0,0,0,0,0,0,0,0,0
0BpRzIDmtR8,2023-04-12,-0.9916921854019164,15592.0,TV9,71.0,9.0,tirupati_l.png,Balli Durga Prasad Rao,YSRCP,Tirupati_sc,0,0,0,0,0,0,0,0,0,0,0,0,0,0,0,0,0,0,0,0,0,0,0,0,0,0,0,0,0,0
NHv71taGvZk,2023-04-15,-0.9989423155784608,149016.0,Sakshi,179.0,218.0,tirupati_l.png,Balli Durga Prasad Rao,YSRCP,Tirupati_sc,0,0,1,0,0,1,0,1,0,1,0,0,0,0,0,0,0,0,0,0,0,0,0,0,0,1,0,0,0,0
EKIEKBssrVM,2023-04-16,0.9985769987106324,553.0,TV9,271.0,0.0,tirupati_l.png,Balli Durga Prasad Rao,YSRCP,Tirupati_sc,0,0,0,0,0,0,0,0,0,0,0,0,0,0,0,0,0,0,0,0,0,0,0,0,0,0,0,0,0,0
CNihNBCyMEg,2023-04-18,-0.9994770884513856,1882.0,TV9,226.0,13.0,tirupati_l.png,Balli Durga Prasad Rao,YSRCP,Tirupati_sc,0,0,0,0,0,0,0,0,0,0,0,0,0,0,0,0,1,0,0,0,0,0,0,0,0,0,0,0,0,0
qhOTcUej0K8,2023-04-20,-0.999431312084198,485.0,TV9,245.0,6.0,tirupati_l.png,Balli Durga Prasad Rao,YSRCP,Tirupati_sc,0,0,1,1,0,0,1,0,0,1,1,0,0,0,0,1,0,1,1,1,1,0,1,0,1,1,0,1,0,1
_BW8o4NKxUM,2023-04-20,-0.9898994565010072,837.0,TV9,209.0,0.0,tirupati_l.png,Balli Durga Prasad Rao,YSRCP,Tirupati_sc,0,0,0,0,0,0,0,0,0,0,0,0,0,0,0,0,0,0,1,0,0,0,0,0,0,0,0,0,0,0
