ids,upload_date,sentiment,view_count,uploader,duration,comment_count,f_id,name,party,constituency,tdp,ycp,ysrcp,schemes,cm jagan,chandrababu,pawan kalyan,nara lokesh,AP ,yuvagalam,amaravati,ambati rambabu,janasena party,tdp pattabhi,ap employees,ap assembly session today,alliance,polavaram,visakha
ORM1wPRdNTw,2019-12-21,0.9981443881988524,1918.0,Sakshi,247.0,0.0,satyanarayan.png,Bolisetti Satyanaryan,JSP,,1,0,1,0,1,1,0,0,0,0,0,0,0,0,0,0,0,0,0
7ceI6i9H5MI,2021-12-15,-0.9968942403793336,9570.0,Sakshi,285.0,57.0,satyanarayan.png,Bolisetti Satyanaryan,JSP,,0,0,0,1,1,1,0,0,0,0,0,0,0,0,0,1,0,0,0
-FYzI0LouIw,2022-02-06,-0.9949937462806702,3143.0,Sakshi,386.0,33.0,satyanarayan.png,Bolisetti Satyanaryan,JSP,,0,0,0,0,0,0,0,0,0,0,0,0,0,0,1,0,0,0,0
KB0n-V_pucc,2022-02-20,-0.9985584616661072,21217.0,Sakshi,173.0,51.0,satyanarayan.png,Bolisetti Satyanaryan,JSP,,0,0,0,1,0,1,0,1,0,0,0,0,0,0,0,0,0,0,0
uRxEfl-dbzY,2022-02-20,-0.996707558631897,16916.0,Sakshi,108.0,28.0,satyanarayan.png,Bolisetti Satyanaryan,JSP,,1,0,0,0,0,0,0,1,0,0,0,0,0,0,0,0,0,0,0
rcsiTrg9d4g,2022-02-20,-0.9994491934776306,86783.0,Sakshi,370.0,184.0,satyanarayan.png,Bolisetti Satyanaryan,JSP,,0,1,1,0,0,1,0,1,0,0,0,0,0,1,1,0,1,0,0
s1N4Gr5k46o,2022-02-20,0.9843377470970154,18592.0,Sakshi,229.0,30.0,satyanarayan.png,Bolisetti Satyanaryan,JSP,,0,0,0,1,0,0,0,1,0,0,0,0,0,0,0,1,0,0,0
d5dz-5tRy4o,2022-04-23,-0.9959511756896972,9366.0,Sakshi,539.0,47.0,satyanarayan.png,Bolisetti Satyanaryan,JSP,,0,0,0,0,1,1,0,0,0,0,0,0,0,0,0,0,0,0,0
Xy6gktoWvvQ,2022-05-11,-0.9961392283439636,31399.0,Sakshi,244.0,139.0,satyanarayan.png,Bolisetti Satyanaryan,JSP,,0,0,0,0,1,1,0,0,0,0,0,0,0,0,0,0,0,0,0
YUMRb90lNi4,2022-06-01,-0.9970420002937316,28438.0,Sakshi,105.0,24.0,satyanarayan.png,Bolisetti Satyanaryan,JSP,,0,0,0,0,1,0,0,0,1,0,0,0,0,0,0,0,0,0,0
RflfrsBtvAQ,2022-06-02,0.995949387550354,30443.0,Sakshi,204.0,14.0,satyanarayan.png,Bolisetti Satyanaryan,JSP,,0,1,1,1,0,0,0,0,0,1,1,0,0,0,0,0,0,0,0
kQf14CtjiIo,2022-06-13,0.995853066444397,139567.0,Sakshi,481.0,127.0,satyanarayan.png,Bolisetti Satyanaryan,JSP,,0,0,0,0,1,0,0,0,0,0,0,0,0,0,0,0,0,0,0
8OGvCSgR3Lg,2022-06-28,0.9958315491676332,920811.0,Sakshi,474.0,755.0,satyanarayan.png,Bolisetti Satyanaryan,JSP,,0,0,1,0,1,1,0,0,0,0,0,0,0,0,0,0,0,0,0
ZmnISd0YpqY,2022-06-30,0.9983720183372498,86693.0,Sakshi,459.0,218.0,satyanarayan.png,Bolisetti Satyanaryan,JSP,,0,0,1,0,1,0,0,0,0,0,0,0,0,0,0,0,0,0,0
_cs-oho5zt0,2022-07-09,-0.9993694424629213,154364.0,Sakshi,113.0,115.0,satyanarayan.png,Bolisetti Satyanaryan,JSP,,0,1,1,1,1,0,0,0,0,0,0,0,0,0,0,0,0,0,0
-octT4Nq0CI,2022-07-10,0.9963080883026124,1163.0,Sakshi,417.0,1.0,satyanarayan.png,Bolisetti Satyanaryan,JSP,,0,0,1,0,0,0,0,0,0,0,0,0,0,0,0,0,0,0,0
u9ZHbuEwC8k,2022-07-24,0.9932628273963928,6735.0,Sakshi,585.0,13.0,satyanarayan.png,Bolisetti Satyanaryan,JSP,,0,0,0,0,0,0,0,0,0,0,0,0,0,0,0,0,0,0,0
j-3YzfvpmZU,2022-08-18,0.9969663023948668,22282.0,Sakshi,180.0,101.0,satyanarayan.png,Bolisetti Satyanaryan,JSP,,1,0,0,0,1,0,0,1,0,0,0,0,0,0,0,0,0,0,0
VrcoLDXxs1Y,2022-08-24,-0.9964478015899658,10545.0,TV5,251.0,11.0,satyanarayan.png,Bolisetti Satyanaryan,JSP,,1,0,0,0,0,0,0,0,0,0,0,0,0,0,0,0,0,0,0
JYoCGUBTM1k,2022-08-26,0.9981803894042968,4794.0,Sakshi,189.0,10.0,satyanarayan.png,Bolisetti Satyanaryan,JSP,,0,0,0,0,1,0,0,0,1,0,0,0,0,0,0,0,0,0,1
Btfpxe9ZL5A,2022-08-30,-0.9968711733818054,73925.0,TV5,490.0,115.0,satyanarayan.png,Bolisetti Satyanaryan,JSP,,0,0,0,0,0,0,0,0,0,0,0,0,0,0,0,0,0,0,0
MvisgwmiHTs,2022-08-31,-0.997395157814026,2609.0,TV5,285.0,2.0,satyanarayan.png,Bolisetti Satyanaryan,JSP,,1,0,0,1,1,0,0,0,0,0,0,0,0,0,1,0,0,0,0
C_LXslL3Gak,2022-08-31,-0.9904781579971312,2039.0,TV5,325.0,3.0,satyanarayan.png,Bolisetti Satyanaryan,JSP,,1,1,1,0,0,0,0,0,0,0,0,1,0,0,0,0,0,0,0
mOvWve5M4As,2022-09-02,0.9869092106819152,2856.0,Sakshi,302.0,20.0,satyanarayan.png,Bolisetti Satyanaryan,JSP,,1,1,1,0,1,1,0,0,0,0,0,0,0,0,0,0,0,0,0
OUqyHsi2GaE,2022-09-08,0.9977636337280272,3423.0,TV5,270.0,1.0,satyanarayan.png,Bolisetti Satyanaryan,JSP,,0,0,1,0,0,0,0,0,1,0,0,0,0,0,0,0,0,0,0
pBAfeewsWnk,2022-09-12,-0.99949848651886,13183.0,TV5,140.0,25.0,satyanarayan.png,Bolisetti Satyanaryan,JSP,,1,1,1,0,1,0,0,0,0,0,0,0,0,0,1,0,0,0,0
8mqFZKnf4k0,2022-09-12,0.9979569911956788,14348.0,TV5,430.0,36.0,satyanarayan.png,Bolisetti Satyanaryan,JSP,,0,0,0,0,0,0,0,0,0,0,1,0,0,0,0,0,0,0,0
x7sOzvYddPY,2022-09-22,-0.9909251928329468,6371.0,TV5,247.0,7.0,satyanarayan.png,Bolisetti Satyanaryan,JSP,,1,0,1,0,1,0,0,0,0,0,0,0,0,0,0,0,0,1,0
eE2oIRxuMFQ,2022-09-25,0.9986333250999452,5672.0,Sakshi,516.0,18.0,satyanarayan.png,Bolisetti Satyanaryan,JSP,,0,0,0,0,0,1,1,0,0,0,0,0,0,0,0,0,0,0,0
seXefOwNANA,2022-10-03,-0.9980291724205016,676.0,TV5,155.0,0.0,satyanarayan.png,Bolisetti Satyanaryan,JSP,,1,0,0,0,0,0,0,0,0,0,0,0,0,0,0,0,0,0,0
I0psfsrv03s,2022-10-04,0.9879587888717652,1829.0,TV5,436.0,2.0,satyanarayan.png,Bolisetti Satyanaryan,JSP,,0,0,0,0,0,0,0,0,0,0,0,0,0,0,0,0,0,0,0
IBFORdLiYdM,2022-10-10,-0.9931796789169312,119492.0,Sakshi,430.0,193.0,satyanarayan.png,Bolisetti Satyanaryan,JSP,,0,0,0,0,0,0,0,0,0,0,0,0,0,0,0,0,0,0,0
0vrPUVZhbL0,2022-10-11,-0.9977219700813292,47882.0,ABN,505.0,100.0,satyanarayan.png,Bolisetti Satyanaryan,JSP,,0,0,0,0,0,0,0,0,0,0,0,0,0,0,0,0,0,0,0
uBmpv1ylhd8,2022-10-11,0.9981908202171326,3908.0,ABN,530.0,8.0,satyanarayan.png,Bolisetti Satyanaryan,JSP,,0,0,0,0,0,0,0,0,0,0,0,0,0,0,0,0,0,0,0
MfKfGfGvW2Q,2022-10-12,0.9936789870262146,1372.0,ABN,580.0,1.0,satyanarayan.png,Bolisetti Satyanaryan,JSP,,0,0,0,0,0,0,0,0,0,0,0,0,0,0,0,0,0,0,0
N2PT7yDGnHc,2022-10-12,0.9977241158485411,1338.0,ABN,71.0,0.0,satyanarayan.png,Bolisetti Satyanaryan,JSP,,0,0,0,0,0,0,0,0,0,0,0,0,0,0,0,0,0,0,0
-n0YeMpeJaQ,2022-10-13,0.9966063499450684,3234.0,ABN,395.0,1.0,satyanarayan.png,Bolisetti Satyanaryan,JSP,,0,0,0,0,0,0,0,0,0,0,0,0,0,0,0,0,0,0,0
-v3zmOMSgzw,2022-10-13,-0.97551167011261,2704.0,ABN,435.0,2.0,satyanarayan.png,Bolisetti Satyanaryan,JSP,,0,0,0,0,0,0,0,0,0,0,0,0,0,0,0,0,0,0,0
Xa_NQSzvyBE,2022-10-13,-0.9913193583488464,2255.0,ABN,295.0,10.0,satyanarayan.png,Bolisetti Satyanaryan,JSP,,0,0,0,0,0,0,1,0,0,0,1,0,1,0,0,0,0,0,1
atvIFqzEeDc,2022-10-13,-0.9915521144866944,2217.0,ABN,345.0,0.0,satyanarayan.png,Bolisetti Satyanaryan,JSP,,0,0,0,0,0,0,0,0,0,0,0,0,0,0,0,0,0,0,0
jGQt9IG_S60,2022-10-13,-0.9962453246116638,1405.0,ABN,430.0,1.0,satyanarayan.png,Bolisetti Satyanaryan,JSP,,0,0,0,0,0,0,0,0,0,0,0,0,0,0,0,0,0,0,0
Ja8mx0Rjd8M,2022-10-13,-0.9922428727149964,2787.0,ABN,395.0,11.0,satyanarayan.png,Bolisetti Satyanaryan,JSP,,0,0,0,0,0,0,0,0,0,0,0,0,0,0,0,0,0,0,0
3Frn8b34q_0,2022-10-14,-0.9988864064216614,1320.0,TV5,142.0,2.0,satyanarayan.png,Bolisetti Satyanaryan,JSP,,0,1,0,0,0,1,0,0,1,0,0,0,0,0,0,0,0,0,0
5xg7rziAc_Y,2022-10-14,-0.9966334700584412,2113.0,TV5,100.0,4.0,satyanarayan.png,Bolisetti Satyanaryan,JSP,,1,1,1,0,1,1,0,0,0,0,0,0,0,0,0,0,0,0,0
mzZSKgsbNz4,2022-10-14,-0.9939034581184388,10725.0,ABN,435.0,11.0,satyanarayan.png,Bolisetti Satyanaryan,JSP,,0,0,0,0,0,0,0,0,0,0,0,0,0,0,0,0,0,0,0
0gLqJJMdwSA,2022-10-15,0.9986867308616638,6171.0,Sakshi,211.0,25.0,satyanarayan.png,Bolisetti Satyanaryan,JSP,,0,1,1,0,0,0,0,0,0,0,1,0,0,0,0,0,0,0,1
WNqggUOnN8E,2022-10-15,-0.9946852922439576,4786.0,Sakshi,358.0,14.0,satyanarayan.png,Bolisetti Satyanaryan,JSP,,0,0,1,0,0,1,0,0,0,0,1,0,0,0,0,0,0,0,1
vvL6zW9ZwHs,2022-10-16,-0.9990955591201782,364.0,ABN,259.0,2.0,satyanarayan.png,Bolisetti Satyanaryan,JSP,,0,0,0,0,0,0,0,0,0,0,0,0,0,0,0,1,0,0,0
3mmMLk03McI,2022-10-16,-0.9980194568634032,1116.0,TV5,305.0,2.0,satyanarayan.png,Bolisetti Satyanaryan,JSP,,0,0,0,0,0,0,0,0,0,0,0,0,0,0,0,0,0,0,0
KL0wXhznpGo,2022-10-16,-0.9994897842407228,293.0,ABN,115.0,0.0,satyanarayan.png,Bolisetti Satyanaryan,JSP,,0,0,0,0,0,0,0,0,0,0,0,0,0,0,0,0,0,0,0
Fi98Y0mRzIg,2022-10-16,-0.9991143345832824,581.0,TV5,194.0,1.0,satyanarayan.png,Bolisetti Satyanaryan,JSP,,1,0,1,1,0,0,0,0,0,1,0,0,0,0,0,0,0,1,0
8-fqHxQoVFo,2022-10-16,-0.9991204142570496,555.0,TV5,125.0,0.0,satyanarayan.png,Bolisetti Satyanaryan,JSP,,1,0,1,0,0,0,0,0,0,1,0,0,0,0,0,0,0,0,0
mAPEsFIU-Rk,2022-10-16,0.9980767965316772,11355.0,TV5,116.0,12.0,satyanarayan.png,Bolisetti Satyanaryan,JSP,,0,0,0,0,0,0,0,0,0,0,0,0,0,0,0,0,0,0,0
eBb7F2zxL_I,2022-10-16,-0.9977450966835022,347.0,TV5,425.0,1.0,satyanarayan.png,Bolisetti Satyanaryan,JSP,,0,0,0,0,0,0,0,0,0,0,0,0,0,0,0,0,0,0,0
OL_JGnjRELc,2022-10-17,-0.9984182119369508,1651.0,ABN,352.0,1.0,satyanarayan.png,Bolisetti Satyanaryan,JSP,,0,1,1,1,0,0,0,0,0,0,0,0,0,0,0,0,1,0,0
WemSBPX9Fvo,2022-10-17,0.9915221929550172,2487.0,TV5,377.0,2.0,satyanarayan.png,Bolisetti Satyanaryan,JSP,,0,0,0,0,0,0,0,0,0,0,0,0,0,0,0,0,0,0,0
9YiC868YEWs,2022-10-17,-0.9976592063903807,515.0,ABN,505.0,0.0,satyanarayan.png,Bolisetti Satyanaryan,JSP,,0,0,0,0,0,0,0,0,0,0,0,0,0,0,0,0,0,0,0
LglQYcZdmgc,2022-10-19,0.997129499912262,108281.0,TV5,415.0,152.0,satyanarayan.png,Bolisetti Satyanaryan,JSP,,0,0,0,0,0,0,0,0,0,0,0,0,0,0,0,0,0,0,0
VELqfglKwxc,2022-10-22,-0.9926080703735352,7658.0,TV5,217.0,16.0,satyanarayan.png,Bolisetti Satyanaryan,JSP,,0,1,1,0,0,0,0,0,0,0,1,0,0,0,0,0,1,0,0
pqPT2Ed-RIc,2022-10-26,0.9978544116020204,1696.0,ABN,450.0,2.0,satyanarayan.png,Bolisetti Satyanaryan,JSP,,0,0,0,0,0,0,0,0,0,0,0,0,0,0,0,0,0,0,0
VGbdXlRCU3k,2022-10-26,-0.992377519607544,1862.0,ABN,360.0,0.0,satyanarayan.png,Bolisetti Satyanaryan,JSP,,0,0,0,1,0,0,0,0,0,0,0,0,0,0,0,0,0,0,0
98moNbhns8Q,2022-10-26,-0.9981880784034728,849.0,ABN,325.0,3.0,satyanarayan.png,Bolisetti Satyanaryan,JSP,,0,1,0,0,1,0,0,0,1,0,0,0,0,0,0,0,0,0,0
0XVpJp2d8Uc,2022-10-27,-0.9989891648292542,9814.0,ABN,425.0,11.0,satyanarayan.png,Bolisetti Satyanaryan,JSP,,0,0,0,0,0,0,0,0,0,0,0,0,0,0,0,0,0,0,0
jLJIENp4HBc,2022-10-27,-0.9983456134796144,496.0,TV5,238.0,0.0,satyanarayan.png,Bolisetti Satyanaryan,JSP,,0,0,0,0,0,0,0,0,0,0,0,0,0,0,0,0,0,0,0
_j-WU-t5vjg,2022-10-31,0.9989270567893982,731.0,TV5,195.0,0.0,satyanarayan.png,Bolisetti Satyanaryan,JSP,,0,0,1,0,0,0,0,0,0,0,0,0,0,0,0,1,0,0,0
bWcgAINmwFc,2022-10-31,0.9987234473228456,1700.0,Sakshi,345.0,10.0,satyanarayan.png,Bolisetti Satyanaryan,JSP,,0,0,1,0,1,1,1,0,0,0,0,0,0,0,0,0,0,0,0
SeN1KVuvASU,2022-10-31,-0.997936487197876,963.0,TV5,92.0,1.0,satyanarayan.png,Bolisetti Satyanaryan,JSP,,1,0,0,0,0,0,0,0,0,0,0,0,0,0,0,0,0,0,0
Ra-qcEd0SiI,2022-11-03,-0.9993858337402344,10099.0,ABN,350.0,38.0,satyanarayan.png,Bolisetti Satyanaryan,JSP,,0,0,0,0,0,0,0,0,0,0,0,0,0,0,0,0,0,0,0
ePmaCMT-0qY,2022-11-08,-0.9735935926437378,4023.0,ABN,345.0,4.0,satyanarayan.png,Bolisetti Satyanaryan,JSP,,0,0,0,0,0,0,0,0,0,0,0,0,0,0,0,0,0,0,0
CwPgXt8D950,2022-11-08,-0.9835046529769896,5629.0,ABN,505.0,4.0,satyanarayan.png,Bolisetti Satyanaryan,JSP,,0,0,0,0,0,0,0,0,1,0,0,0,0,0,0,0,0,0,0
hZVzsw_CKXY,2022-11-09,0.997367799282074,2307.0,TV5,98.0,1.0,satyanarayan.png,Bolisetti Satyanaryan,JSP,,0,1,1,0,0,0,0,0,0,0,0,0,0,0,0,0,0,0,0
D0lSJWwrVoQ,2022-11-10,0.9986903071403505,39037.0,ABN,515.0,54.0,satyanarayan.png,Bolisetti Satyanaryan,JSP,,0,0,0,0,0,0,0,0,0,0,0,0,0,0,0,0,0,0,0
rOjwRMrm6kY,2022-11-10,0.9929624199867249,16588.0,ABN,365.0,30.0,satyanarayan.png,Bolisetti Satyanaryan,JSP,,0,0,0,0,0,0,0,0,0,0,0,0,0,0,0,0,0,0,0
lDxowX8QEak,2022-11-10,-0.9985105395317078,30828.0,ABN,515.0,24.0,satyanarayan.png,Bolisetti Satyanaryan,JSP,,0,0,0,0,0,0,0,0,0,0,0,0,0,0,0,0,0,0,0
R-X8jnehdBE,2022-11-10,0.9926295280456544,3378.0,ABN,485.0,6.0,satyanarayan.png,Bolisetti Satyanaryan,JSP,,0,0,0,0,0,0,0,0,0,0,0,0,0,0,0,0,0,0,0
fgR8RcwsUFw,2022-11-10,-0.9992608428001404,1259.0,ABN,380.0,2.0,satyanarayan.png,Bolisetti Satyanaryan,JSP,,0,0,0,0,0,0,0,0,0,0,0,0,0,0,0,0,0,0,0
GRvfLI0WpWU,2022-11-10,0.9956307411193848,2875.0,ABN,365.0,1.0,satyanarayan.png,Bolisetti Satyanaryan,JSP,,0,1,1,1,0,1,1,1,0,1,0,1,0,0,0,0,1,0,1
dVejiUS5j5o,2022-11-11,-0.9991371035575868,2512.0,ABN,597.0,4.0,satyanarayan.png,Bolisetti Satyanaryan,JSP,,0,0,0,0,0,0,0,0,0,0,0,0,0,0,0,0,0,0,0
E-ndHcku_4w,2022-11-12,-0.9982467889785768,3042.0,TV5,242.0,10.0,satyanarayan.png,Bolisetti Satyanaryan,JSP,,0,0,0,0,0,0,0,0,1,0,0,0,0,0,0,0,0,0,0
ctujj4pYtuY,2022-11-14,-0.9965906143188475,45563.0,TV5,475.0,167.0,satyanarayan.png,Bolisetti Satyanaryan,JSP,,0,1,0,0,0,0,0,0,0,0,0,0,0,0,0,0,0,0,0
FB8XM93aozU,2022-11-16,0.9939753413200378,9630.0,Sakshi,389.0,13.0,satyanarayan.png,Bolisetti Satyanaryan,JSP,,0,0,0,0,0,0,0,0,0,0,0,0,0,0,0,0,0,0,0
fOfy5jK2oWI,2022-11-17,-0.9994370341300964,3382.0,ABN,465.0,8.0,satyanarayan.png,Bolisetti Satyanaryan,JSP,,1,0,0,0,0,1,0,0,1,0,0,0,0,1,0,0,0,0,0
DEqge-5B7gA,2022-11-17,0.9982327222824096,4815.0,ABN,230.0,18.0,satyanarayan.png,Bolisetti Satyanaryan,JSP,,0,0,0,0,0,1,0,0,0,0,0,0,0,0,0,1,0,0,0
mjcFifdc8UI,2022-11-17,0.9971893429756165,6344.0,ABN,410.0,24.0,satyanarayan.png,Bolisetti Satyanaryan,JSP,,0,0,0,0,0,0,0,0,1,0,0,0,0,0,0,0,0,0,0
P-ie12RohQc,2022-11-17,0.9908607006072998,35484.0,ABN,490.0,54.0,satyanarayan.png,Bolisetti Satyanaryan,JSP,,0,0,0,0,0,0,0,0,1,0,0,0,0,0,0,0,0,0,0
b_djt-_aH2U,2022-11-18,-0.9908987283706664,14131.0,TV9,228.0,4.0,satyanarayan.png,Bolisetti Satyanaryan,JSP,,1,1,1,0,0,1,1,1,0,1,1,1,0,1,0,0,0,1,1
YpXsMYRBqi0,2022-11-18,-0.9658622145652772,33617.0,TV9,228.0,3.0,satyanarayan.png,Bolisetti Satyanaryan,JSP,,1,1,1,0,1,1,1,1,0,1,1,1,1,1,0,0,1,1,1
J1tqOQRbvX8,2022-11-18,-0.9984000325202942,1899.0,TV9,234.0,2.0,satyanarayan.png,Bolisetti Satyanaryan,JSP,,1,1,0,0,0,1,0,0,0,0,0,0,0,0,0,0,0,0,0
ZLCVztUT8Wk,2022-11-19,0.998736560344696,698.0,TV9,74.0,2.0,satyanarayan.png,Bolisetti Satyanaryan,JSP,,0,0,1,0,0,1,0,0,0,0,0,0,0,0,0,0,0,0,0
VQtZXSFsIcQ,2022-11-19,-0.998450517654419,4226.0,TV9,266.0,6.0,satyanarayan.png,Bolisetti Satyanaryan,JSP,,0,1,1,0,0,0,0,0,0,0,0,0,0,0,0,0,1,0,0
_wps4w5xjvk,2022-11-20,0.9980777502059937,1677.0,TV5,362.0,2.0,satyanarayan.png,Bolisetti Satyanaryan,JSP,,0,0,0,0,0,0,0,0,0,0,0,0,0,0,0,0,0,0,0
YSW_b6bwdws,2022-11-21,-0.9991917014122008,7364.0,TV9,234.0,17.0,satyanarayan.png,Bolisetti Satyanaryan,JSP,,0,0,0,0,0,1,0,0,1,0,0,0,0,0,0,0,0,0,0
MMQdEiRLSHg,2022-11-21,-0.9992157220840454,25196.0,TV9,271.0,135.0,satyanarayan.png,Bolisetti Satyanaryan,JSP,,0,0,0,0,0,0,0,0,0,0,0,0,0,0,0,0,0,0,0
i69kDiKO5ME,2022-11-21,0.9936004877090454,87148.0,TV9,227.0,176.0,satyanarayan.png,Bolisetti Satyanaryan,JSP,,0,1,1,1,0,0,1,0,0,0,0,0,1,0,0,0,0,0,0
SKKLyyGSuT4,2022-11-21,-0.9917280673980712,37088.0,TV9,300.0,82.0,satyanarayan.png,Bolisetti Satyanaryan,JSP,,0,0,0,0,0,0,1,0,0,0,0,0,1,0,0,1,0,0,0
f_6WBl2hRK4,2022-11-21,-0.994090497493744,1684.0,TV9,182.0,5.0,satyanarayan.png,Bolisetti Satyanaryan,JSP,,1,1,1,0,0,0,0,0,1,0,0,0,0,0,0,0,0,0,0
tiJMDRcl-nE,2022-11-22,-0.9992703795433044,640.0,ABN,370.0,0.0,satyanarayan.png,Bolisetti Satyanaryan,JSP,,0,0,0,0,0,0,0,0,1,0,0,0,1,0,0,0,0,0,0
CeArDXvzM6Q,2022-11-22,-0.9968134760856628,556.0,ABN,162.0,0.0,satyanarayan.png,Bolisetti Satyanaryan,JSP,,0,0,0,0,0,0,0,0,0,0,0,0,0,0,0,0,0,0,0
Eq2XWmpTw0E,2022-11-22,-0.9806383848190308,2528.0,TV9,287.0,2.0,satyanarayan.png,Bolisetti Satyanaryan,JSP,,0,0,0,0,0,0,0,0,0,0,0,0,0,0,0,0,0,0,0
KXZCdMmTd1c,2022-11-23,0.9055907726287842,2675.0,TV9,184.0,3.0,satyanarayan.png,Bolisetti Satyanaryan,JSP,,0,0,0,0,0,0,0,0,0,0,0,0,0,0,0,0,0,0,0
BlCzsTRdB5U,2022-11-23,0.9932501316070556,21322.0,TV9,490.0,23.0,satyanarayan.png,Bolisetti Satyanaryan,JSP,,0,0,0,0,0,0,0,0,0,0,0,0,0,0,0,0,0,0,0
F6y-Yqs9hf4,2022-11-24,-0.9932698607444764,2757.0,ABN,180.0,1.0,satyanarayan.png,Bolisetti Satyanaryan,JSP,,0,0,0,0,0,0,0,0,0,0,0,0,0,0,0,0,0,0,0
6mLv1BEeork,2022-11-24,-0.98713219165802,3177.0,ABN,365.0,7.0,satyanarayan.png,Bolisetti Satyanaryan,JSP,,0,0,0,0,0,0,0,0,0,0,0,0,0,0,0,0,0,0,0
7CQDfixJ0-A,2022-11-24,-0.9973799586296082,1297.0,ABN,315.0,6.0,satyanarayan.png,Bolisetti Satyanaryan,JSP,,0,1,0,0,0,0,0,0,0,0,0,0,0,0,0,0,0,0,0
mDuyloOewBg,2022-11-24,-0.9970977306365968,6482.0,ABN,495.0,16.0,satyanarayan.png,Bolisetti Satyanaryan,JSP,,0,0,0,0,0,0,0,0,0,0,0,0,0,0,0,0,0,0,0
YuRoL4rn0io,2022-11-24,0.9927248954772948,2333.0,Sakshi,453.0,1.0,satyanarayan.png,Bolisetti Satyanaryan,JSP,,0,0,0,0,0,1,0,0,0,0,0,0,0,0,0,0,0,0,0
UQ2Bro4QrwY,2022-11-27,0.9984631538391112,516.0,TV5,155.0,0.0,satyanarayan.png,Bolisetti Satyanaryan,JSP,,0,0,0,0,0,0,0,0,0,0,0,0,0,0,0,0,0,0,0
Nz9EyYRnXpE,2022-11-28,-0.9970210194587708,1338.0,TV9,154.0,1.0,satyanarayan.png,Bolisetti Satyanaryan,JSP,,0,1,1,0,0,1,1,0,0,1,0,0,0,0,0,0,1,1,0
c-YEuroWnTQ,2022-11-30,0.998764157295227,8842.0,Sakshi,481.0,15.0,satyanarayan.png,Bolisetti Satyanaryan,JSP,,0,0,0,1,1,1,0,0,0,0,0,0,0,0,0,0,0,0,0
sPZMLeT5YPc,2022-11-30,0.9950398802757264,186534.0,ABN,420.0,324.0,satyanarayan.png,Bolisetti Satyanaryan,JSP,,0,0,0,0,0,0,0,0,0,0,0,0,0,0,0,0,0,0,0
mdiqvMnIviM,2022-12-01,-0.9894647598266602,1768.0,TV9,201.0,8.0,satyanarayan.png,Bolisetti Satyanaryan,JSP,,0,0,0,0,0,0,0,0,0,0,0,0,0,0,0,0,0,0,0
gSveAwFqOsM,2022-12-01,-0.9980644583702089,814.0,ABN,499.0,1.0,satyanarayan.png,Bolisetti Satyanaryan,JSP,,0,1,0,0,0,0,0,0,0,0,0,0,0,0,0,0,0,0,0
Ufais36VHiI,2022-12-02,-0.996475636959076,1537.0,ABN,496.0,0.0,satyanarayan.png,Bolisetti Satyanaryan,JSP,,0,0,0,0,0,0,0,0,0,0,0,0,0,0,0,0,0,0,0
D4b08vwIY4Y,2022-12-02,-0.9973888993263244,450.0,ABN,473.0,0.0,satyanarayan.png,Bolisetti Satyanaryan,JSP,,0,0,0,0,0,0,0,0,0,0,0,0,0,0,0,0,0,0,0
ETSN_FBfD1M,2022-12-02,-0.9982231259346008,23698.0,TV5,550.0,45.0,satyanarayan.png,Bolisetti Satyanaryan,JSP,,0,0,0,0,1,1,0,0,1,0,0,0,0,0,0,0,0,0,0
AbsKuNKykL4,2022-12-02,-0.9979453682899476,2019.0,TV9,153.0,2.0,satyanarayan.png,Bolisetti Satyanaryan,JSP,,0,0,0,1,0,0,0,0,0,0,0,0,0,0,0,0,0,0,0
WMjmhPYkMlU,2022-12-02,-0.9984446167945862,3432.0,ABN,594.0,1.0,satyanarayan.png,Bolisetti Satyanaryan,JSP,,0,0,0,0,0,0,0,0,0,0,0,0,0,0,0,0,0,0,0
0SFb1g0fOjM,2022-12-02,-0.9976218342781068,1844.0,ABN,432.0,1.0,satyanarayan.png,Bolisetti Satyanaryan,JSP,,0,0,0,0,0,0,0,0,0,0,0,0,0,0,0,0,0,0,0
NAFkSinfguA,2022-12-03,-0.9985402822494508,1373.0,ABN,567.0,0.0,satyanarayan.png,Bolisetti Satyanaryan,JSP,,0,0,0,0,0,0,0,0,0,0,0,0,0,0,0,0,0,0,0
1ZixFGtEV4A,2022-12-03,-0.9977070093154908,1191.0,TV9,87.0,2.0,satyanarayan.png,Bolisetti Satyanaryan,JSP,,1,1,1,0,0,0,0,1,0,1,0,1,0,1,0,0,0,1,1
ni6AvlklCmQ,2022-12-03,-0.9955403208732604,2294.0,TV9,145.0,0.0,satyanarayan.png,Bolisetti Satyanaryan,JSP,,0,0,0,0,0,0,0,0,0,0,0,0,0,0,0,0,0,0,0
ZL8_ct7RXVA,2022-12-03,0.9948309063911438,24074.0,ABN,573.0,21.0,satyanarayan.png,Bolisetti Satyanaryan,JSP,,0,0,0,0,0,0,0,0,0,0,0,0,0,0,0,0,0,0,0
mEDLrSNgXNU,2022-12-04,-0.990126609802246,22283.0,TV5,340.0,33.0,satyanarayan.png,Bolisetti Satyanaryan,JSP,,0,0,1,0,0,1,0,0,1,0,0,0,0,0,0,0,0,1,0
jSHV4LPXBU8,2022-12-05,-0.998525321483612,1108.0,TV9,149.0,1.0,satyanarayan.png,Bolisetti Satyanaryan,JSP,,0,0,0,1,0,1,0,0,1,0,0,0,0,0,0,0,0,0,0
QKGIJS9VFws,2022-12-06,-0.9985598921775818,2095.0,ABN,546.0,4.0,satyanarayan.png,Bolisetti Satyanaryan,JSP,,1,0,0,0,0,0,0,0,0,0,0,0,0,1,0,0,0,0,0
ChGWNJCV2Cg,2022-12-07,-0.9813950657844543,9106.0,TV9,219.0,6.0,satyanarayan.png,Bolisetti Satyanaryan,JSP,,0,1,1,1,1,0,0,0,1,1,0,0,0,0,1,0,0,0,0
7HN2eX7zfmc,2022-12-07,-0.9981479644775392,2795.0,ABN,340.0,0.0,satyanarayan.png,Bolisetti Satyanaryan,JSP,,0,1,1,0,0,0,0,0,1,0,0,0,0,0,0,0,0,0,0
dcXrQVuXa5s,2022-12-07,-0.9987853169441224,5106.0,ABN,395.0,10.0,satyanarayan.png,Bolisetti Satyanaryan,JSP,,0,0,0,0,0,0,0,0,0,0,0,0,0,0,0,0,0,0,0
ew0G_B7qE6k,2022-12-08,-0.998624324798584,88825.0,ABN,280.0,70.0,satyanarayan.png,Bolisetti Satyanaryan,JSP,,1,0,0,0,0,0,0,0,1,0,0,0,0,0,1,0,0,0,0
ounHPotfjiA,2022-12-08,0.9985259175300598,849.0,TV9,144.0,0.0,satyanarayan.png,Bolisetti Satyanaryan,JSP,,0,0,0,0,0,0,0,0,0,0,0,0,0,0,0,0,0,0,0
PzUOe7TZrcI,2022-12-08,-0.99793541431427,2384.0,ABN,353.0,14.0,satyanarayan.png,Bolisetti Satyanaryan,JSP,,0,0,0,1,1,0,0,0,0,0,0,0,0,0,1,0,0,0,0
3QWWW8ueXh8,2022-12-08,0.9979255199432372,2391.0,ABN,384.0,0.0,satyanarayan.png,Bolisetti Satyanaryan,JSP,,0,0,0,0,0,0,0,0,0,0,0,0,0,0,0,0,0,0,0
vMh9A6DVHp8,2022-12-09,-0.9985748529434204,2648.0,ABN,384.0,3.0,satyanarayan.png,Bolisetti Satyanaryan,JSP,,0,0,0,0,0,0,0,0,0,0,0,0,0,0,0,0,0,0,0
RjaoYnDdfGE,2022-12-10,-0.9955554604530334,4687.0,TV9,138.0,1.0,satyanarayan.png,Bolisetti Satyanaryan,JSP,,0,0,0,0,0,0,0,0,0,0,0,0,0,0,0,0,0,0,0
UmAJcqCBmWg,2022-12-10,-0.9979503750801086,11748.0,ABN,390.0,20.0,satyanarayan.png,Bolisetti Satyanaryan,JSP,,0,0,0,0,0,0,0,0,0,0,0,0,0,0,0,0,0,0,0
tYAiccbaEi8,2022-12-12,-0.9972339272499084,4287.0,TV9,143.0,1.0,satyanarayan.png,Bolisetti Satyanaryan,JSP,,0,1,1,1,0,0,0,0,1,0,0,0,1,0,0,0,0,0,0
MnWaueq6S1c,2022-12-12,0.9982479810714722,2332.0,TV9,234.0,0.0,satyanarayan.png,Bolisetti Satyanaryan,JSP,,1,0,1,0,0,0,0,0,1,0,0,0,0,0,0,0,0,1,1
z1tuuw5ht-M,2022-12-12,-0.998111128807068,1056.0,TV9,264.0,0.0,satyanarayan.png,Bolisetti Satyanaryan,JSP,,1,0,0,1,0,0,0,0,1,0,0,0,1,0,0,0,0,0,0
ZOK_X-qKQJM,2022-12-12,-0.9935775995254515,2537.0,TV9,238.0,6.0,satyanarayan.png,Bolisetti Satyanaryan,JSP,,0,0,0,1,0,0,0,0,0,0,0,0,0,0,0,0,0,0,0
1dG8QA0Awos,2022-12-14,-0.9972413778305054,713.0,TV5,120.0,3.0,satyanarayan.png,Bolisetti Satyanaryan,JSP,,0,1,1,0,0,0,0,0,0,0,0,0,0,0,0,0,0,0,0
mPRvNgtCtUU,2022-12-14,-0.9987592697143556,4654.0,TV5,248.0,15.0,satyanarayan.png,Bolisetti Satyanaryan,JSP,,0,1,1,1,0,0,0,0,1,0,0,0,0,0,0,0,0,0,0
OplqXgm1J68,2022-12-15,0.9831374883651732,9159.0,TV9,278.0,12.0,satyanarayan.png,Bolisetti Satyanaryan,JSP,,0,0,0,1,0,0,0,0,1,0,0,1,0,0,0,0,0,0,0
1ChehdSfCnM,2022-12-15,0.98285174369812,8427.0,TV9,267.0,12.0,satyanarayan.png,Bolisetti Satyanaryan,JSP,,0,0,0,1,0,0,0,0,1,0,0,0,0,0,1,1,0,0,0
ucwzW4b6hHE,2022-12-15,-0.997991681098938,29861.0,TV9,260.0,32.0,satyanarayan.png,Bolisetti Satyanaryan,JSP,,0,0,0,1,0,0,0,0,1,0,0,0,0,0,0,1,0,0,0
Mhc39WxAhnU,2022-12-15,-0.9929630160331726,2033.0,ABN,260.0,1.0,satyanarayan.png,Bolisetti Satyanaryan,JSP,,0,0,1,0,0,0,0,0,0,0,0,1,0,0,0,0,0,0,0
r4BMXlpCkHs,2022-12-16,-0.9962878227233888,1561.0,TV5,320.0,2.0,satyanarayan.png,Bolisetti Satyanaryan,JSP,,0,0,0,0,0,0,0,0,0,0,0,0,0,0,0,0,0,0,0
Dm_v9Z-XALs,2022-12-16,-0.997102677822113,822.0,TV9,294.0,1.0,satyanarayan.png,Bolisetti Satyanaryan,JSP,,0,0,1,0,0,0,0,0,0,0,0,0,0,0,0,0,0,0,0
O2yJ3SVFbC8,2022-12-16,0.9976316690444946,790.0,TV9,120.0,0.0,satyanarayan.png,Bolisetti Satyanaryan,JSP,,0,0,0,0,0,0,0,0,0,0,0,0,0,0,0,0,0,0,0
t4VXrfrVod0,2022-12-16,-0.997747242450714,42450.0,TV9,283.0,81.0,satyanarayan.png,Bolisetti Satyanaryan,JSP,,0,0,0,0,0,0,0,0,1,0,0,0,0,0,0,0,0,0,0
fJ2MUvA7lww,2022-12-16,-0.9985588192939758,14908.0,TV9,314.0,46.0,satyanarayan.png,Bolisetti Satyanaryan,JSP,,0,0,1,1,0,0,0,0,1,1,1,0,0,0,1,1,1,1,0
YDQOBV5039k,2022-12-16,-0.9994497895240784,355.0,ABN,93.0,0.0,satyanarayan.png,Bolisetti Satyanaryan,JSP,,0,0,0,1,0,0,0,0,0,0,0,0,0,0,0,0,0,0,0
FOg7Jtm9hCQ,2022-12-16,0.9975947737693788,19620.0,TV9,341.0,53.0,satyanarayan.png,Bolisetti Satyanaryan,JSP,,0,0,0,0,0,0,0,0,0,0,0,0,0,0,0,0,0,0,0
FNPkUWYN6t4,2022-12-16,-0.9986518025398254,680.0,TV9,254.0,0.0,satyanarayan.png,Bolisetti Satyanaryan,JSP,,0,0,0,0,0,0,0,0,0,0,0,0,0,0,0,0,0,0,0
Q0eGL5OeNSs,2022-12-16,-0.9963595271110536,806.0,TV9,255.0,0.0,satyanarayan.png,Bolisetti Satyanaryan,JSP,,0,0,0,1,0,0,0,0,0,0,0,0,0,0,0,0,0,0,0
15xt3OdUQ9c,2022-12-17,0.998749017715454,6440.0,Sakshi,482.0,10.0,satyanarayan.png,Bolisetti Satyanaryan,JSP,,0,0,0,0,0,0,0,0,0,0,0,0,0,0,0,0,0,0,0
0RiB-b0LyT4,2022-12-17,0.9739510416984558,903.0,TV9,317.0,1.0,satyanarayan.png,Bolisetti Satyanaryan,JSP,,0,0,0,0,0,0,0,0,0,0,0,0,0,0,0,0,0,0,0
B5wKmIYz2Tw,2022-12-18,0.9979496598243712,1651.0,ABN,172.0,4.0,satyanarayan.png,Bolisetti Satyanaryan,JSP,,0,0,0,0,0,0,0,0,0,0,0,0,0,0,0,0,1,0,0
rThBxyfTpKQ,2022-12-19,-0.9959415793418884,1679.0,Sakshi,577.0,5.0,satyanarayan.png,Bolisetti Satyanaryan,JSP,,0,0,0,0,0,1,0,0,0,0,0,0,0,0,0,0,0,0,0
xVZ4IP_MuAg,2022-12-19,0.998017430305481,50402.0,TV9,374.0,123.0,satyanarayan.png,Bolisetti Satyanaryan,JSP,,0,0,0,0,0,0,0,0,0,0,0,0,0,0,0,0,0,0,0
5SKUJhtYzZM,2022-12-19,0.995124876499176,3568.0,TV9,219.0,13.0,satyanarayan.png,Bolisetti Satyanaryan,JSP,,0,0,0,0,0,0,1,0,1,0,0,0,0,0,0,0,0,0,0
jnn964NLHR8,2022-12-19,-0.9888334274291992,8414.0,TV9,264.0,32.0,satyanarayan.png,Bolisetti Satyanaryan,JSP,,0,0,0,0,0,0,1,0,1,0,0,0,1,0,0,0,0,0,0
PcSdCdPFe1s,2022-12-19,0.9882946014404296,5203.0,TV9,198.0,4.0,satyanarayan.png,Bolisetti Satyanaryan,JSP,,0,1,1,0,0,0,0,0,0,0,0,0,1,0,0,0,1,0,0
JKx8N-2pYMk,2022-12-19,0.9962195754051208,3198.0,TV9,165.0,4.0,satyanarayan.png,Bolisetti Satyanaryan,JSP,,0,0,1,0,0,0,0,0,1,1,0,0,1,0,0,0,1,1,0
VDaeqwL3y8U,2022-12-19,-0.9948299527168274,16784.0,TV9,202.0,49.0,satyanarayan.png,Bolisetti Satyanaryan,JSP,,0,0,1,1,0,0,1,0,0,0,0,0,1,0,0,0,0,0,0
g4Yv2nFs7e4,2022-12-19,-0.9982250332832336,528.0,TV5,211.0,0.0,satyanarayan.png,Bolisetti Satyanaryan,JSP,,0,0,0,0,0,0,0,0,0,0,0,0,0,0,0,0,0,0,0
76vwBEo9dFY,2022-12-20,-0.9943747520446776,868.0,ABN,360.0,0.0,satyanarayan.png,Bolisetti Satyanaryan,JSP,,0,0,0,0,0,0,0,0,0,0,0,0,0,0,0,0,1,0,0
XjZ3YWbM7i0,2022-12-20,0.9961220622062684,1139.0,ABN,378.0,0.0,satyanarayan.png,Bolisetti Satyanaryan,JSP,,1,0,0,0,0,1,0,0,1,0,0,0,1,1,0,0,0,0,0
I0ZH7enGnFI,2022-12-21,-0.9908977150917052,2506.0,ABN,485.0,3.0,satyanarayan.png,Bolisetti Satyanaryan,JSP,,0,0,0,0,0,0,0,0,0,0,0,0,0,0,0,0,0,0,0
1KGI-A_DJlI,2022-12-21,0.9847657680511476,13969.0,ABN,455.0,24.0,satyanarayan.png,Bolisetti Satyanaryan,JSP,,0,0,0,0,0,0,0,0,0,0,0,0,0,0,0,0,0,0,0
gw-E24nmJyc,2022-12-22,-0.996248185634613,4357.0,ABN,520.0,1.0,satyanarayan.png,Bolisetti Satyanaryan,JSP,,0,0,0,0,0,0,0,0,0,0,0,0,0,0,0,0,0,0,0
tWqfllqUZ_I,2022-12-23,0.998291313648224,58899.0,TV9,392.0,56.0,satyanarayan.png,Bolisetti Satyanaryan,JSP,,0,0,0,0,0,0,0,0,0,0,0,0,0,0,0,0,1,0,0
0gTjEPbD3i4,2022-12-23,-0.9915456175804138,4228.0,TV9,276.0,0.0,satyanarayan.png,Bolisetti Satyanaryan,JSP,,1,0,1,1,0,1,0,0,0,0,0,0,0,0,0,0,1,0,0
i95O89P1pgM,2022-12-25,-0.9693247079849244,1065.0,ABN,494.0,1.0,satyanarayan.png,Bolisetti Satyanaryan,JSP,,0,0,0,0,0,0,0,0,0,0,0,0,0,0,0,0,0,0,0
33oqP-jvLHU,2022-12-27,0.99774169921875,2650.0,TV9,151.0,6.0,satyanarayan.png,Bolisetti Satyanaryan,JSP,,0,0,1,0,0,0,0,0,1,0,0,0,0,1,1,0,1,1,0
uMypDxkEshQ,2022-12-27,-0.9959365129470824,9836.0,TV9,236.0,18.0,satyanarayan.png,Bolisetti Satyanaryan,JSP,,0,0,0,0,0,0,0,0,1,0,0,0,0,0,0,1,0,0,0
UYWPeNS0xvI,2022-12-27,-0.9988516569137572,8072.0,TV9,205.0,14.0,satyanarayan.png,Bolisetti Satyanaryan,JSP,,0,0,0,0,0,0,0,0,1,0,0,0,0,0,0,0,0,0,0
8peHNLgNcLo,2022-12-27,-0.9937449097633362,6138.0,TV9,290.0,20.0,satyanarayan.png,Bolisetti Satyanaryan,JSP,,0,0,0,0,0,0,0,0,0,0,0,0,0,0,0,0,0,0,0
hO8rofs9Xgg,2022-12-27,0.9815588593482972,2079.0,TV9,162.0,5.0,satyanarayan.png,Bolisetti Satyanaryan,JSP,,0,0,0,1,0,0,0,0,1,0,0,0,0,0,0,0,0,0,1
TfV8tMl5g34,2022-12-27,0.9846616387367249,4099.0,TV9,147.0,10.0,satyanarayan.png,Bolisetti Satyanaryan,JSP,,0,0,0,0,0,0,0,0,0,0,0,0,0,0,0,0,0,0,0
YNAGtAhb-SY,2022-12-27,-0.9993230104446412,10310.0,TV9,231.0,34.0,satyanarayan.png,Bolisetti Satyanaryan,JSP,,0,0,0,0,0,0,0,0,0,0,0,0,0,0,0,0,0,0,0
XmYOHV7gblU,2022-12-27,-0.9955520033836364,11881.0,TV9,160.0,15.0,satyanarayan.png,Bolisetti Satyanaryan,JSP,,0,0,0,0,0,0,0,0,1,0,0,0,0,0,0,0,0,0,0
rzf3R8IpY0k,2022-12-27,-0.990925431251526,13395.0,TV9,335.0,15.0,satyanarayan.png,Bolisetti Satyanaryan,JSP,,0,0,0,0,0,0,0,0,1,0,0,0,0,0,0,0,0,0,0
S7rdKenGCXE,2022-12-27,0.9956780076026917,1892.0,TV9,99.0,1.0,satyanarayan.png,Bolisetti Satyanaryan,JSP,,1,0,0,0,0,0,0,0,1,0,0,0,0,0,0,0,0,0,0
XOjdBqhNZdU,2022-12-27,-0.9936689734458924,16004.0,TV9,160.0,27.0,satyanarayan.png,Bolisetti Satyanaryan,JSP,,0,0,0,0,0,0,0,0,1,0,0,0,0,0,0,1,0,0,0
AfvJ2jwpTkI,2022-12-29,-0.995947539806366,2138.0,TV5,145.0,3.0,satyanarayan.png,Bolisetti Satyanaryan,JSP,,1,1,1,0,0,1,0,0,0,0,0,0,0,0,0,0,0,1,0
7Sxh49whWw0,2022-12-29,-0.9971565008163452,8141.0,ABN,310.0,7.0,satyanarayan.png,Bolisetti Satyanaryan,JSP,,1,1,1,0,1,1,0,0,1,1,0,0,0,0,0,0,0,1,0
6cfybgowqpA,2022-12-30,0.9927687644958496,16752.0,ABN,555.0,15.0,satyanarayan.png,Bolisetti Satyanaryan,JSP,,0,0,0,0,0,0,0,0,0,0,0,0,0,0,0,0,0,0,0
jBK1292RiVs,2022-12-30,0.9862619042396544,1425.0,ABN,207.0,3.0,satyanarayan.png,Bolisetti Satyanaryan,JSP,,0,1,1,1,0,0,1,0,1,0,0,0,0,0,0,0,1,0,1
QfFvBGUz-PQ,2022-12-30,0.9970113039016724,1510.0,TV9,383.0,2.0,satyanarayan.png,Bolisetti Satyanaryan,JSP,,0,0,0,0,0,0,0,0,0,0,0,0,0,0,0,0,0,0,0
6GoxHbyHNig,2022-12-30,-0.9994837045669556,7412.0,ABN,249.0,5.0,satyanarayan.png,Bolisetti Satyanaryan,JSP,,1,0,0,0,0,0,0,0,0,0,0,0,0,0,0,0,0,0,0
AKpH6_exltA,2022-12-30,0.9963831901550292,2742.0,ABN,245.0,0.0,satyanarayan.png,Bolisetti Satyanaryan,JSP,,0,0,0,0,0,0,0,0,0,0,0,0,0,0,0,0,0,0,0
6ZoH7rR4ugI,2022-12-31,0.9952019453048706,6632.0,TV9,375.0,15.0,satyanarayan.png,Bolisetti Satyanaryan,JSP,,0,0,0,0,0,0,0,0,0,0,0,0,0,0,0,0,0,0,0
nT-5h4RF-9M,2022-12-31,0.9973317384719848,1088.0,TV9,265.0,0.0,satyanarayan.png,Bolisetti Satyanaryan,JSP,,0,0,0,0,0,0,0,0,0,0,0,0,0,0,0,0,0,0,0
l88P8U2FGYs,2022-12-31,0.9986907839775084,538.0,TV9,254.0,0.0,satyanarayan.png,Bolisetti Satyanaryan,JSP,,0,0,0,0,0,0,0,0,0,0,0,0,0,0,0,0,0,0,0
8TiFw_-rl8Q,2023-01-01,0.998556911945343,950.0,TV5,203.0,0.0,satyanarayan.png,Bolisetti Satyanaryan,JSP,,0,0,0,0,0,0,0,0,0,0,0,0,0,0,0,0,0,0,0
yyHvKhhDgvg,2023-01-02,-0.9980897307395936,1516.0,TV9,358.0,5.0,satyanarayan.png,Bolisetti Satyanaryan,JSP,,0,0,0,0,0,0,0,0,1,0,0,0,0,0,0,0,0,0,0
KfW8VcHJupk,2023-01-02,-0.9988517761230468,9238.0,ABN,214.0,14.0,satyanarayan.png,Bolisetti Satyanaryan,JSP,,0,0,0,0,0,0,0,0,0,0,0,0,0,0,0,0,1,0,0
cOkhGHjgPPM,2023-01-02,0.9984020590782166,9688.0,Sakshi,122.0,1.0,satyanarayan.png,Bolisetti Satyanaryan,JSP,,0,1,0,0,1,0,0,0,1,0,0,0,0,0,1,0,1,0,0
oDlW4wcg4Sg,2023-01-03,0.9923720359802246,1096.0,ABN,329.0,1.0,satyanarayan.png,Bolisetti Satyanaryan,JSP,,0,0,0,0,0,0,0,0,0,0,0,0,0,0,0,0,0,0,0
eED2iJYRGzE,2023-01-03,-0.9931724667549132,20515.0,ABN,155.0,35.0,satyanarayan.png,Bolisetti Satyanaryan,JSP,,0,0,0,0,0,1,0,0,0,0,0,0,0,0,0,0,0,0,0
wbJuOsaPwZw,2023-01-04,-0.9976938366889954,3247.0,TV9,435.0,3.0,satyanarayan.png,Bolisetti Satyanaryan,JSP,,0,0,0,0,0,0,0,0,0,0,0,0,0,0,0,0,0,0,0
vI9y7CT6hqM,2023-01-07,0.9948179125785828,799.0,ABN,245.0,1.0,satyanarayan.png,Bolisetti Satyanaryan,JSP,,0,1,1,1,0,0,0,0,0,0,0,0,1,0,0,0,0,1,0
95SgYkrz47A,2023-01-07,-0.9972398281097412,6889.0,TV9,293.0,15.0,satyanarayan.png,Bolisetti Satyanaryan,JSP,,0,0,0,0,0,1,1,0,1,0,0,0,1,0,0,0,0,0,0
_gJlL6nwaZA,2023-01-07,0.9986507296562196,7173.0,TV9,423.0,33.0,satyanarayan.png,Bolisetti Satyanaryan,JSP,,0,0,0,0,0,0,0,0,1,0,0,0,0,0,0,0,0,0,0
sdh2tBVNa4I,2023-01-08,0.9973036050796508,24624.0,TV9,458.0,96.0,satyanarayan.png,Bolisetti Satyanaryan,JSP,,0,0,0,0,1,1,0,0,0,0,0,0,0,0,0,0,0,0,0
a5wGBng9upM,2023-01-08,0.9962818026542664,24038.0,TV9,471.0,101.0,satyanarayan.png,Bolisetti Satyanaryan,JSP,,0,0,0,0,0,0,0,0,0,0,0,0,0,0,0,0,0,0,0
qGn4ulP9pEg,2023-01-08,-0.9918360114097596,165150.0,TV9,298.0,273.0,satyanarayan.png,Bolisetti Satyanaryan,JSP,,0,1,1,0,1,1,1,0,0,0,0,0,0,0,0,0,1,0,0
eyhtoifSTSg,2023-01-08,0.9938805103302002,51874.0,TV9,487.0,241.0,satyanarayan.png,Bolisetti Satyanaryan,JSP,,0,1,0,0,1,1,0,0,0,0,0,0,0,0,0,0,0,0,0
vlJAVP5QD_I,2023-01-09,0.9934685230255128,6823.0,TV9,458.0,27.0,satyanarayan.png,Bolisetti Satyanaryan,JSP,,0,0,0,0,0,1,1,0,0,0,0,0,0,0,0,0,0,0,0
QWgfn9Kb9wg,2023-01-09,-0.9982600808143616,2597.0,ABN,210.0,4.0,satyanarayan.png,Bolisetti Satyanaryan,JSP,,1,0,1,0,0,0,0,0,0,0,0,0,0,0,0,1,0,0,0
_wJ-ITILXDw,2023-01-10,0.99755597114563,64363.0,Sakshi,553.0,84.0,satyanarayan.png,Bolisetti Satyanaryan,JSP,,0,0,0,0,0,0,0,0,0,0,0,0,0,0,0,0,0,0,0
i7dzlNzDGKc,2023-01-10,0.9968196153640748,115200.0,Sakshi,375.0,327.0,satyanarayan.png,Bolisetti Satyanaryan,JSP,,0,0,0,0,0,0,0,0,0,0,0,0,0,0,0,0,0,0,0
kbGaNX36cFg,2023-01-11,0.994153082370758,16604.0,TV9,478.0,1.0,satyanarayan.png,Bolisetti Satyanaryan,JSP,,0,0,0,0,0,0,0,0,0,0,0,0,0,0,0,0,0,0,0
3cA5Lu6-UHI,2023-01-11,-0.9691331386566162,32538.0,ABN,415.0,47.0,satyanarayan.png,Bolisetti Satyanaryan,JSP,,0,0,0,0,0,0,0,0,0,0,0,0,0,0,0,0,0,0,0
jYGKO3PHnDk,2023-01-11,-0.995909571647644,21561.0,TV9,235.0,31.0,satyanarayan.png,Bolisetti Satyanaryan,JSP,,0,0,0,0,0,0,1,0,1,0,0,0,0,0,0,0,0,0,0
NaOMbTm-SpQ,2023-01-11,0.9802598357200624,2691.0,ABN,315.0,5.0,satyanarayan.png,Bolisetti Satyanaryan,JSP,,0,0,0,0,0,0,0,0,0,0,0,0,1,0,0,0,1,0,0
hQVahHxbwCo,2023-01-12,0.9980996251106262,27598.0,TV9,194.0,20.0,satyanarayan.png,Bolisetti Satyanaryan,JSP,,1,0,0,1,0,0,0,0,0,0,0,0,0,0,0,0,0,0,0
ewgXK-cziRs,2023-01-12,0.9974842071533204,151622.0,TV9,392.0,5.0,satyanarayan.png,Bolisetti Satyanaryan,JSP,,0,0,0,0,0,0,0,0,0,0,0,0,0,0,0,0,0,0,0
BuVrPaiRago,2023-01-14,0.9962059259414672,7774.0,ABN,348.0,13.0,satyanarayan.png,Bolisetti Satyanaryan,JSP,,0,0,0,0,0,0,0,0,0,0,0,0,0,0,0,0,0,0,0
dnCk6omEe7M,2023-01-15,-0.9950546026229858,11023.0,TV9,149.0,10.0,satyanarayan.png,Bolisetti Satyanaryan,JSP,,1,0,0,0,0,0,0,0,0,0,0,0,0,0,0,0,0,0,0
b1B-gvl0dqU,2023-01-16,0.9933759570121764,3761.0,TV9,401.0,4.0,satyanarayan.png,Bolisetti Satyanaryan,JSP,,0,0,0,0,0,0,0,0,0,0,0,0,0,0,0,0,0,0,0
nIFM8ArJ5c0,2023-01-16,0.9280633926391602,2694.0,TV9,101.0,8.0,satyanarayan.png,Bolisetti Satyanaryan,JSP,,0,0,0,0,0,0,1,0,0,0,0,0,0,0,0,0,0,0,0
8EagSQCaDBU,2023-01-16,-0.9951360821723938,1198.0,TV9,302.0,2.0,satyanarayan.png,Bolisetti Satyanaryan,JSP,,1,1,1,0,0,0,0,0,0,0,0,0,0,0,0,0,0,0,0
T9zV2aFiF7c,2023-01-16,-0.9881392121315002,3718.0,TV9,272.0,0.0,satyanarayan.png,Bolisetti Satyanaryan,JSP,,0,0,0,0,0,0,0,0,0,0,0,0,0,0,0,0,0,0,0
T-vKabZpdYg,2023-01-16,-0.9922409057617188,5213.0,TV9,206.0,0.0,satyanarayan.png,Bolisetti Satyanaryan,JSP,,0,0,0,0,0,0,0,0,0,0,0,0,0,0,0,0,0,0,0
vokoeVm3ZIw,2023-01-16,-0.98982834815979,4474.0,TV9,228.0,6.0,satyanarayan.png,Bolisetti Satyanaryan,JSP,,0,0,0,0,0,0,0,0,1,0,0,0,0,0,0,0,0,0,0
THzo0Rn1JgQ,2023-01-16,-0.9976351261138916,10400.0,ABN,330.0,13.0,satyanarayan.png,Bolisetti Satyanaryan,JSP,,1,0,0,0,0,1,1,1,0,1,1,1,0,1,1,0,1,1,1
4QIc94emPnY,2023-01-16,-0.998677670955658,25557.0,TV5,500.0,41.0,satyanarayan.png,Bolisetti Satyanaryan,JSP,,0,0,0,0,0,0,0,0,1,0,1,0,0,0,0,0,1,0,0
dPGEJ4oXuVk,2023-01-16,0.998815417289734,11490.0,Sakshi,392.0,3.0,satyanarayan.png,Bolisetti Satyanaryan,JSP,,0,1,1,1,0,0,0,0,0,0,0,0,0,0,0,0,1,0,0
ZX5CoRlr368,2023-01-16,-0.997675120830536,3551.0,TV5,164.0,7.0,satyanarayan.png,Bolisetti Satyanaryan,JSP,,0,1,1,0,1,0,0,0,1,0,0,0,0,0,0,0,0,0,0
AB5FjfFDNxQ,2023-01-17,0.9984903335571288,1242.0,Sakshi,437.0,2.0,satyanarayan.png,Bolisetti Satyanaryan,JSP,,0,0,0,0,0,0,0,0,0,0,0,0,0,0,0,0,0,0,0
ON046pFFgC8,2023-01-17,-0.983668863773346,4293.0,TV9,451.0,15.0,satyanarayan.png,Bolisetti Satyanaryan,JSP,,0,0,0,0,0,0,0,0,0,0,0,0,0,0,0,0,0,0,0
hnI29RR5izk,2023-01-18,0.9964461922645568,357.0,TV9,283.0,0.0,satyanarayan.png,Bolisetti Satyanaryan,JSP,,0,0,0,0,0,0,0,0,0,0,0,0,0,0,0,0,0,0,0
m3VlHz06n2U,2023-01-18,-0.9813057780265808,3497.0,ABN,290.0,3.0,satyanarayan.png,Bolisetti Satyanaryan,JSP,,0,0,0,1,0,0,0,0,0,0,0,0,1,0,1,1,0,0,0
YUD8TbmGLAE,2023-01-18,0.9954544305801392,1572.0,ABN,150.0,2.0,satyanarayan.png,Bolisetti Satyanaryan,JSP,,0,0,1,0,0,0,0,0,1,0,0,0,1,0,0,0,0,0,0
vj1uueWb3dI,2023-01-20,-0.9986960291862488,3420.0,TV9,406.0,0.0,satyanarayan.png,Bolisetti Satyanaryan,JSP,,0,0,0,0,0,0,0,0,0,0,0,0,0,0,0,0,0,0,0
6qIy26md5eg,2023-01-20,0.9939860105514526,1074.0,TV9,360.0,0.0,satyanarayan.png,Bolisetti Satyanaryan,JSP,,0,0,0,0,0,0,0,0,0,0,0,0,0,0,0,0,0,0,0
tvnxFv8gWHk,2023-01-21,-0.999405026435852,1724.0,ABN,580.0,3.0,satyanarayan.png,Bolisetti Satyanaryan,JSP,,0,0,0,0,0,0,0,0,1,0,0,0,0,0,0,0,0,0,0
8EFApxog_1U,2023-01-21,-0.9992517828941344,2461.0,ABN,535.0,4.0,satyanarayan.png,Bolisetti Satyanaryan,JSP,,0,0,0,0,0,0,0,0,1,0,0,0,0,0,0,0,0,0,0
N5fOLCCgO4A,2023-01-22,0.9834859371185304,5115.0,TV9,326.0,17.0,satyanarayan.png,Bolisetti Satyanaryan,JSP,,0,0,0,0,0,0,0,0,0,0,0,0,0,0,0,0,0,0,1
1NQOy5eJpxA,2023-01-22,-0.9988017082214355,2045.0,TV9,70.0,1.0,satyanarayan.png,Bolisetti Satyanaryan,JSP,,0,0,0,0,0,0,0,0,0,0,0,0,0,0,0,0,0,0,0
pPkl2x6Lh3k,2023-01-22,0.9942407608032228,1462.0,TV9,437.0,0.0,satyanarayan.png,Bolisetti Satyanaryan,JSP,,1,0,0,0,0,0,0,1,0,1,1,0,0,0,0,0,0,0,0
GjjC7gXHKjg,2023-01-22,0.9970279335975648,2781.0,TV9,279.0,11.0,satyanarayan.png,Bolisetti Satyanaryan,JSP,,0,0,0,0,0,0,0,0,0,0,0,0,0,0,0,0,0,0,1
OhUYjSCv8-8,2023-01-22,-0.990921139717102,2799.0,TV9,329.0,8.0,satyanarayan.png,Bolisetti Satyanaryan,JSP,,0,0,0,0,0,0,0,0,0,0,0,0,0,0,1,0,0,0,1
Ki-jzI_CnnI,2023-01-23,0.998808979988098,6020.0,TV9,415.0,11.0,satyanarayan.png,Bolisetti Satyanaryan,JSP,,0,0,0,0,0,0,0,0,0,0,0,0,0,0,0,0,0,0,0
1atl4lxXhXw,2023-01-24,0.988807499408722,25679.0,ABN,345.0,68.0,satyanarayan.png,Bolisetti Satyanaryan,JSP,,0,0,0,0,0,0,0,0,0,0,0,0,0,0,0,0,0,0,0
UsCGFV27qag,2023-01-24,0.9929619431495668,2445.0,TV5,355.0,3.0,satyanarayan.png,Bolisetti Satyanaryan,JSP,,0,0,0,0,0,0,0,0,0,0,0,0,0,0,0,0,0,0,0
fBii50_m4W0,2023-01-24,-0.9978601336479188,5682.0,ABN,505.0,12.0,satyanarayan.png,Bolisetti Satyanaryan,JSP,,0,0,0,0,0,0,0,0,0,0,0,0,0,0,0,0,0,0,0
-hJ55DAb9Fw,2023-01-24,0.998551309108734,1340.0,ABN,305.0,7.0,satyanarayan.png,Bolisetti Satyanaryan,JSP,,0,0,0,0,0,0,0,0,0,0,0,0,1,0,0,0,1,0,0
BYYcLeIZ3bc,2023-01-24,0.998021364212036,30674.0,ABN,425.0,129.0,satyanarayan.png,Bolisetti Satyanaryan,JSP,,0,0,0,0,0,0,0,0,0,0,0,0,0,0,0,0,1,0,0
YFxYEf9sq3g,2023-01-24,0.9983651041984558,3682.0,ABN,290.0,20.0,satyanarayan.png,Bolisetti Satyanaryan,JSP,,0,0,0,0,0,0,1,0,1,0,0,0,1,0,0,0,1,0,0
rRhGH5U6unQ,2023-01-24,-0.9970898628234864,34927.0,ABN,395.0,73.0,satyanarayan.png,Bolisetti Satyanaryan,JSP,,0,0,0,0,0,0,0,0,0,0,0,0,0,0,0,0,0,0,0
e_16H78PwIM,2023-01-24,0.9939864873886108,2629.0,ABN,350.0,6.0,satyanarayan.png,Bolisetti Satyanaryan,JSP,,0,0,0,0,0,0,0,0,0,0,0,0,0,0,0,0,0,0,0
tEgjYH1EbRY,2023-01-25,0.9958232641220092,20038.0,TV9,401.0,46.0,satyanarayan.png,Bolisetti Satyanaryan,JSP,,0,0,0,0,0,0,0,0,1,0,0,0,0,0,0,0,0,0,0
ftPjcjPnnvk,2023-01-25,-0.9994864463806152,19247.0,TV9,248.0,31.0,satyanarayan.png,Bolisetti Satyanaryan,JSP,,0,0,0,0,0,0,0,0,1,0,0,0,0,0,0,0,0,0,0
x70Xp3ANVL0,2023-01-25,-0.9944438338279724,48389.0,TV9,147.0,78.0,satyanarayan.png,Bolisetti Satyanaryan,JSP,,0,0,0,0,0,0,1,0,1,0,0,0,0,0,0,0,0,0,0
CkpkX3syr9U,2023-01-25,-0.9976699948310852,14650.0,TV9,223.0,11.0,satyanarayan.png,Bolisetti Satyanaryan,JSP,,0,0,0,0,0,1,0,0,1,0,0,0,0,0,0,0,0,0,0
lELZwb_3iwg,2023-01-25,-0.989242136478424,40109.0,TV9,306.0,86.0,satyanarayan.png,Bolisetti Satyanaryan,JSP,,0,1,0,0,0,0,0,0,0,0,0,0,0,0,0,0,0,0,0
-rd80q0QWAI,2023-01-25,-0.9938143491744996,173390.0,TV9,280.0,244.0,satyanarayan.png,Bolisetti Satyanaryan,JSP,,0,0,0,0,0,0,0,0,0,0,0,0,0,0,0,0,0,0,0
1gZF2il-ITg,2023-01-26,0.9987375140190125,860.0,TV9,288.0,0.0,satyanarayan.png,Bolisetti Satyanaryan,JSP,,0,0,0,0,0,0,0,0,0,0,0,0,0,0,0,0,0,0,0
5diC1FCNpT8,2023-01-26,0.9986178874969482,736.0,TV9,51.0,0.0,satyanarayan.png,Bolisetti Satyanaryan,JSP,,0,0,0,0,0,0,0,0,0,0,0,0,0,0,0,0,0,0,0
xOK7YmnJkXE,2023-01-27,-0.9935205578804016,2993.0,TV9,274.0,1.0,satyanarayan.png,Bolisetti Satyanaryan,JSP,,0,0,0,0,0,0,0,0,0,0,0,0,0,0,0,0,0,0,0
7A3dny3iU1M,2023-01-27,0.9892190098762512,830.0,TV5,185.0,0.0,satyanarayan.png,Bolisetti Satyanaryan,JSP,,0,1,1,1,0,0,0,0,0,0,0,0,0,0,0,0,0,0,0
cbgaag9kwYY,2023-01-28,0.9941673278808594,4194.0,TV9,193.0,0.0,satyanarayan.png,Bolisetti Satyanaryan,JSP,,0,0,0,0,0,0,0,0,0,0,0,0,0,0,0,0,0,0,0
D11qHzyKOt0,2023-01-28,-0.989674150943756,2000.0,Sakshi,212.0,2.0,satyanarayan.png,Bolisetti Satyanaryan,JSP,,1,1,1,0,1,1,0,1,0,1,0,0,0,0,0,0,0,0,0
Hr_trQmkb-I,2023-01-29,0.9987610578536988,515.0,TV9,228.0,1.0,satyanarayan.png,Bolisetti Satyanaryan,JSP,,0,0,0,0,0,0,0,0,0,0,0,0,0,0,0,0,0,0,0
KhpvB1LFTYo,2023-01-29,-0.9932754039764404,12223.0,TV9,244.0,8.0,satyanarayan.png,Bolisetti Satyanaryan,JSP,,0,0,0,0,0,0,0,0,0,0,0,0,0,0,1,0,0,0,0
MUXPFMcNSMU,2023-01-29,0.993215560913086,2714.0,TV9,293.0,1.0,satyanarayan.png,Bolisetti Satyanaryan,JSP,,0,0,0,0,0,0,0,0,0,0,0,0,0,0,0,0,0,0,0
XAyQZNVgU4I,2023-01-30,-0.9991612434387208,732.0,TV9,326.0,1.0,satyanarayan.png,Bolisetti Satyanaryan,JSP,,0,0,0,0,0,0,0,0,0,0,0,0,0,0,0,0,0,0,0
1SxgPLlBUuo,2023-01-30,-0.995642900466919,851.0,TV9,433.0,0.0,satyanarayan.png,Bolisetti Satyanaryan,JSP,,0,0,0,0,0,0,0,0,0,0,0,0,0,0,0,0,0,0,0
FDFSwOzjMo8,2023-01-30,0.9985347986221312,523.0,TV9,320.0,1.0,satyanarayan.png,Bolisetti Satyanaryan,JSP,,0,0,0,0,0,0,0,0,0,0,0,0,0,0,0,0,0,0,0
6qF3S3dG6Ek,2023-02-01,0.9981802701950072,2540.0,TV9,251.0,0.0,satyanarayan.png,Bolisetti Satyanaryan,JSP,,0,0,0,0,0,0,0,0,0,0,0,0,0,0,0,0,0,0,0
7ajJGo-GPJQ,2023-02-02,-0.9945815205574036,1283.0,TV9,147.0,1.0,satyanarayan.png,Bolisetti Satyanaryan,JSP,,0,0,0,0,0,0,0,0,0,0,0,0,0,0,0,0,0,0,0
bHTYtHkPVQw,2023-02-03,0.990895926952362,2779.0,ABN,315.0,2.0,satyanarayan.png,Bolisetti Satyanaryan,JSP,,0,0,0,0,0,0,0,0,0,0,0,0,1,0,0,0,0,0,0
LKosbRK3yz0,2023-02-03,0.9958049058914183,5112.0,Sakshi,71.0,11.0,satyanarayan.png,Bolisetti Satyanaryan,JSP,,0,0,0,0,1,0,0,0,0,0,0,0,0,0,0,0,0,0,0
hL4WUeMdKi4,2023-02-04,0.9972803592681884,969.0,TV5,300.0,3.0,satyanarayan.png,Bolisetti Satyanaryan,JSP,,0,0,0,0,0,0,0,0,0,0,0,0,0,0,0,0,0,0,0
36pEoVWPLhk,2023-02-04,0.9985380172729492,1257.0,TV5,580.0,1.0,satyanarayan.png,Bolisetti Satyanaryan,JSP,,1,0,0,0,0,0,0,0,0,0,0,0,0,0,0,1,1,0,0
wUTtHR8NkRg,2023-02-05,0.9942798614501952,1118.0,TV9,218.0,2.0,satyanarayan.png,Bolisetti Satyanaryan,JSP,,0,0,0,0,0,0,0,0,0,0,0,0,0,0,0,0,0,0,0
7BKEPNUNwgc,2023-02-06,0.9941366910934448,26436.0,TV9,345.0,44.0,satyanarayan.png,Bolisetti Satyanaryan,JSP,,0,0,0,0,0,0,0,0,0,0,0,0,0,0,0,0,0,0,0
UOSpZGBvfZ8,2023-02-06,0.998554527759552,1806.0,TV9,158.0,0.0,satyanarayan.png,Bolisetti Satyanaryan,JSP,,0,0,0,0,0,0,0,0,0,0,0,0,0,0,0,1,0,0,0
-oJyN5WC0R4,2023-02-06,-0.9993489384651184,276.0,ABN,510.0,0.0,satyanarayan.png,Bolisetti Satyanaryan,JSP,,0,0,0,0,0,0,0,0,0,0,0,0,0,0,0,0,0,0,0
IEiCcBZGQjM,2023-02-06,-0.9983402490615844,328.0,ABN,295.0,4.0,satyanarayan.png,Bolisetti Satyanaryan,JSP,,0,0,0,0,0,0,0,0,0,0,0,0,0,0,0,0,0,0,0
E1aWQO9XPzM,2023-02-06,0.9971343278884888,619.0,TV9,296.0,0.0,satyanarayan.png,Bolisetti Satyanaryan,JSP,,0,0,0,1,0,0,0,0,0,0,0,0,0,0,0,1,0,0,0
VlETbFN5AEs,2023-02-06,0.9955151677131652,428.0,ABN,565.0,4.0,satyanarayan.png,Bolisetti Satyanaryan,JSP,,0,0,0,0,0,0,0,0,0,0,0,0,0,0,0,0,0,0,0
-rX_IXabPfA,2023-02-06,0.9968279004096984,2424.0,TV9,151.0,1.0,satyanarayan.png,Bolisetti Satyanaryan,JSP,,0,0,0,0,0,0,0,0,0,0,0,0,0,0,0,0,0,0,0
li8WoDBEeDY,2023-02-07,-0.9983482360839844,1243.0,ABN,337.0,4.0,satyanarayan.png,Bolisetti Satyanaryan,JSP,,0,1,1,0,1,0,0,0,0,0,0,0,0,0,0,0,1,0,0
c6ikRiJE9Q4,2023-02-07,-0.9895423650741576,2355.0,ABN,116.0,2.0,satyanarayan.png,Bolisetti Satyanaryan,JSP,,0,0,0,0,0,0,0,0,0,0,0,0,0,0,0,0,0,0,0
WOMhHeeNeX4,2023-02-07,-0.993265986442566,3520.0,Sakshi,335.0,6.0,satyanarayan.png,Bolisetti Satyanaryan,JSP,,0,0,0,0,0,0,0,0,0,0,0,0,0,0,0,0,0,0,0
a7CUf-oXnDI,2023-02-07,0.984172821044922,2321.0,TV9,365.0,1.0,satyanarayan.png,Bolisetti Satyanaryan,JSP,,0,0,0,0,0,0,0,0,0,0,0,0,0,0,0,0,0,0,0
ru1OX_YgtPU,2023-02-09,0.9944756627082824,3989.0,ABN,346.0,5.0,satyanarayan.png,Bolisetti Satyanaryan,JSP,,0,0,0,1,0,0,0,0,0,0,0,0,0,0,0,0,1,0,0
ZWtrIRql1lU,2023-02-10,-0.9981853365898132,13946.0,ABN,395.0,6.0,satyanarayan.png,Bolisetti Satyanaryan,JSP,,0,0,0,0,0,0,0,0,0,0,0,0,0,0,0,0,0,0,0
7RNVfWuPdW8,2023-02-11,-0.997610092163086,2684.0,TV9,208.0,46.0,satyanarayan.png,Bolisetti Satyanaryan,JSP,,0,0,0,0,0,0,0,0,0,0,0,0,0,0,0,0,0,0,0
dRn2QeUb7QM,2023-02-11,-0.9283753037452698,3558.0,ABN,540.0,8.0,satyanarayan.png,Bolisetti Satyanaryan,JSP,,0,0,0,0,0,0,0,0,0,0,0,0,0,0,0,0,0,0,0
2wf0H_2UWlo,2023-02-13,-0.991630494594574,2843.0,ABN,300.0,1.0,satyanarayan.png,Bolisetti Satyanaryan,JSP,,0,0,1,0,0,0,0,0,1,0,0,0,0,0,0,0,0,1,0
TTdLroUnYLA,2023-02-13,-0.9979909658432008,35929.0,ABN,375.0,39.0,satyanarayan.png,Bolisetti Satyanaryan,JSP,,0,0,0,0,0,0,0,0,0,0,0,0,0,0,0,0,0,0,0
yagnpJuPres,2023-02-14,-0.9890102744102478,1125.0,ABN,440.0,1.0,satyanarayan.png,Bolisetti Satyanaryan,JSP,,0,0,0,0,0,0,0,0,0,0,0,0,0,0,0,0,0,0,0
d2l80uwQc3o,2023-02-14,0.99701726436615,1521.0,TV9,497.0,0.0,satyanarayan.png,Bolisetti Satyanaryan,JSP,,0,0,0,0,0,0,0,0,0,0,0,0,0,0,0,0,0,0,0
xID4Cep_XlE,2023-02-14,-0.99092835187912,826.0,ABN,250.0,6.0,satyanarayan.png,Bolisetti Satyanaryan,JSP,,0,0,0,0,0,0,0,0,0,0,0,0,0,0,0,0,0,0,0
AlRoVWIY3IE,2023-02-14,0.9970905780792236,9359.0,ABN,345.0,8.0,satyanarayan.png,Bolisetti Satyanaryan,JSP,,0,0,0,0,0,0,0,0,0,0,0,0,0,0,0,0,0,0,0
mdb-ptFiz9U,2023-02-15,-0.9896475672721864,20469.0,TV9,370.0,60.0,satyanarayan.png,Bolisetti Satyanaryan,JSP,,0,0,0,0,0,0,0,0,0,0,0,0,0,0,0,0,0,0,0
SI-yUvi5LL8,2023-02-15,0.9884257316589355,11173.0,TV9,204.0,30.0,satyanarayan.png,Bolisetti Satyanaryan,JSP,,0,0,0,0,0,0,0,0,0,0,0,0,0,0,0,0,0,0,0
210Nw_QCWwk,2023-02-15,-0.9924615025520324,2422.0,ABN,175.0,0.0,satyanarayan.png,Bolisetti Satyanaryan,JSP,,0,0,0,1,0,0,0,0,1,0,0,0,0,0,0,0,0,0,0
j6tNi4WvxBQ,2023-02-15,-0.9994589686393738,3717.0,ABN,345.0,3.0,satyanarayan.png,Bolisetti Satyanaryan,JSP,,0,1,0,1,0,0,0,0,0,0,0,0,1,0,0,1,0,0,0
kw44qdY8scw,2023-02-15,-0.9905275106430054,1166.0,ABN,330.0,1.0,satyanarayan.png,Bolisetti Satyanaryan,JSP,,0,1,0,0,0,0,0,0,0,0,0,0,0,0,1,0,0,0,0
embiIKRbFwY,2023-02-15,-0.9994843006134032,12949.0,TV9,386.0,29.0,satyanarayan.png,Bolisetti Satyanaryan,JSP,,0,1,1,0,0,0,0,0,1,0,0,0,0,0,0,0,0,0,0
F1JdYf5yY5E,2023-02-15,-0.988888680934906,53946.0,ABN,225.0,43.0,satyanarayan.png,Bolisetti Satyanaryan,JSP,,0,0,0,0,0,1,0,0,0,0,0,0,0,0,0,0,0,0,1
PgYE5ZP6PxE,2023-02-15,-0.8074029088020325,2726.0,TV9,241.0,3.0,satyanarayan.png,Bolisetti Satyanaryan,JSP,,0,0,0,0,0,0,0,0,0,0,0,0,0,0,0,0,0,0,0
47TmwQXRpgU,2023-02-15,0.9935725927352904,33115.0,ABN,385.0,20.0,satyanarayan.png,Bolisetti Satyanaryan,JSP,,0,0,0,0,0,0,0,0,0,0,0,0,0,0,0,0,0,0,0
kGWoZr1jO9w,2023-02-15,0.9913868308067322,18585.0,TV5,449.0,23.0,satyanarayan.png,Bolisetti Satyanaryan,JSP,,0,0,0,0,0,0,0,0,0,0,0,0,0,0,0,0,0,0,0
qDfcdGnEa14,2023-02-16,0.9905367493629456,1492.0,ABN,223.0,5.0,satyanarayan.png,Bolisetti Satyanaryan,JSP,,0,0,0,0,0,0,0,0,0,0,0,0,1,0,0,0,0,0,0
FcEdkWY1ils,2023-02-17,0.9889684915542604,2184.0,TV9,145.0,6.0,satyanarayan.png,Bolisetti Satyanaryan,JSP,,0,0,0,0,0,1,0,0,0,0,1,1,0,0,0,0,0,1,0
RG72N2Nn-6w,2023-02-18,-0.9252527356147766,5257.0,ABN,235.0,1.0,satyanarayan.png,Bolisetti Satyanaryan,JSP,,0,0,0,0,0,0,0,0,0,0,0,0,0,0,0,0,0,0,0
ykpKi3O2bJU,2023-02-18,-0.9974554181098938,1023.0,Sakshi,523.0,13.0,satyanarayan.png,Bolisetti Satyanaryan,JSP,,0,0,0,0,0,1,0,0,0,0,0,1,0,0,0,0,0,1,0
i8aSeiIckzg,2023-02-19,-0.9948975443840028,2680.0,TV9,378.0,0.0,satyanarayan.png,Bolisetti Satyanaryan,JSP,,0,0,0,0,0,0,0,0,0,0,0,0,0,0,0,0,0,0,0
cMqF8XJ4200,2023-02-19,-0.9883606433868408,1729.0,TV9,361.0,11.0,satyanarayan.png,Bolisetti Satyanaryan,JSP,,0,0,0,0,0,0,0,0,0,0,0,0,0,0,0,0,0,0,0
9qLuQ3Irrnw,2023-02-23,-0.9983999133110046,2077.0,TV9,114.0,6.0,satyanarayan.png,Bolisetti Satyanaryan,JSP,,0,0,0,0,0,0,0,0,1,0,0,0,0,0,0,0,0,0,0
BiMKAul9Jx0,2023-02-23,0.9958013892173768,2903.0,TV5,330.0,1.0,satyanarayan.png,Bolisetti Satyanaryan,JSP,,1,0,0,1,0,1,0,0,0,0,1,1,0,0,0,0,1,0,0
FAAXun_aosg,2023-02-23,-0.9891349077224731,7148.0,TV5,140.0,4.0,satyanarayan.png,Bolisetti Satyanaryan,JSP,,1,1,1,1,0,0,1,0,0,1,1,0,0,0,0,0,1,0,1
K7lOZllEDfk,2023-02-24,0.9889969825744628,14205.0,TV9,300.0,12.0,satyanarayan.png,Bolisetti Satyanaryan,JSP,,0,0,0,0,0,0,0,0,0,0,0,0,0,0,0,0,0,0,0
TMRdDYZK8gQ,2023-02-26,0.9973471164703368,1231.0,TV9,334.0,0.0,satyanarayan.png,Bolisetti Satyanaryan,JSP,,0,0,0,1,0,0,0,0,0,0,0,0,0,0,0,0,1,0,0
IkBDKVoslEE,2023-02-27,0.9861905574798584,1130.0,TV9,276.0,1.0,satyanarayan.png,Bolisetti Satyanaryan,JSP,,0,0,0,0,0,0,0,0,0,0,0,0,0,0,0,0,0,0,0
VVLLcXW0kjY,2023-02-27,-0.9980046153068542,1665.0,TV5,330.0,0.0,satyanarayan.png,Bolisetti Satyanaryan,JSP,,0,0,0,0,0,0,0,0,0,0,0,0,0,0,0,0,0,0,0
e_-MpK0yOLE,2023-02-28,-0.9972580671310424,33549.0,TV9,181.0,253.0,satyanarayan.png,Bolisetti Satyanaryan,JSP,,0,0,0,0,0,0,0,0,1,0,0,0,0,0,0,0,0,0,0
JqVP1EGKMag,2023-02-28,-0.9846138954162598,40779.0,TV9,251.0,220.0,satyanarayan.png,Bolisetti Satyanaryan,JSP,,1,0,0,0,1,0,0,0,1,0,0,0,1,0,1,0,0,0,0
hhCeSH6klXU,2023-02-28,-0.9990874528884888,12033.0,TV9,292.0,50.0,satyanarayan.png,Bolisetti Satyanaryan,JSP,,0,0,0,1,0,0,1,0,1,0,0,0,0,0,0,0,1,0,0
Z8HXQon64aY,2023-03-02,0.9985236525535583,677.0,TV9,215.0,0.0,satyanarayan.png,Bolisetti Satyanaryan,JSP,,0,0,0,0,0,0,0,0,0,0,0,0,0,0,0,0,0,0,0
0poVIZ7P2jE,2023-03-03,-0.997821569442749,910.0,TV9,48.0,2.0,satyanarayan.png,Bolisetti Satyanaryan,JSP,,0,0,0,0,0,0,0,0,0,0,0,0,0,0,0,0,0,0,0
vZfqvQ6h5uI,2023-03-04,0.9985920786857604,6839.0,Sakshi,273.0,11.0,satyanarayan.png,Bolisetti Satyanaryan,JSP,,0,0,0,1,1,1,0,0,1,0,0,0,0,0,0,0,0,0,0
vy6ypyoJoBI,2023-03-06,-0.9978832602500916,4687.0,TV9,239.0,8.0,satyanarayan.png,Bolisetti Satyanaryan,JSP,,0,0,0,0,0,0,0,0,0,0,0,0,0,0,0,0,0,0,0
pcvkmFlKuYw,2023-03-06,-0.9888051748275756,837.0,TV9,301.0,2.0,satyanarayan.png,Bolisetti Satyanaryan,JSP,,0,1,1,0,0,0,0,0,0,0,0,0,0,0,0,0,0,0,0
lcjzwiYSYLU,2023-03-06,-0.998956561088562,664.0,TV9,198.0,0.0,satyanarayan.png,Bolisetti Satyanaryan,JSP,,0,0,0,0,0,0,0,0,0,0,0,0,0,0,0,0,0,0,0
wlKc56_ClFU,2023-03-07,-0.9970844388008118,3093.0,ABN,320.0,3.0,satyanarayan.png,Bolisetti Satyanaryan,JSP,,0,0,0,0,0,0,0,0,0,0,0,0,0,0,0,0,0,0,0
umAJ2w5ik_M,2023-03-08,-0.998613715171814,1237.0,TV9,331.0,3.0,satyanarayan.png,Bolisetti Satyanaryan,JSP,,0,0,0,0,0,0,0,0,0,0,0,0,0,0,0,0,0,0,0
SSIdI2Ulp-w,2023-03-08,-0.9784784317016602,17907.0,ABN,350.0,34.0,satyanarayan.png,Bolisetti Satyanaryan,JSP,,0,0,0,0,0,0,0,0,0,0,0,0,0,0,0,0,0,0,0
XljE04ZryFw,2023-03-10,0.9741288423538208,28806.0,ABN,330.0,17.0,satyanarayan.png,Bolisetti Satyanaryan,JSP,,0,0,0,1,0,0,0,0,0,0,0,0,0,0,0,0,0,0,0
n6bIWTO-U0E,2023-03-10,0.9946691393852234,779.0,TV5,237.0,0.0,satyanarayan.png,Bolisetti Satyanaryan,JSP,,1,0,0,0,0,0,0,0,1,0,0,0,0,0,0,0,0,0,0
uYSJJRqS3z0,2023-03-14,-0.9979925155639648,3632.0,TV9,227.0,5.0,satyanarayan.png,Bolisetti Satyanaryan,JSP,,0,0,0,0,0,0,0,0,0,0,0,0,0,0,0,0,0,0,0
Vi57opS_zek,2023-03-14,0.9909341335296632,5035.0,ABN,125.0,0.0,satyanarayan.png,Bolisetti Satyanaryan,JSP,,0,0,0,0,0,0,0,0,1,0,0,0,0,0,0,0,0,0,0
qz9Xqf82GZE,2023-03-14,0.9940903782844543,895.0,TV9,303.0,1.0,satyanarayan.png,Bolisetti Satyanaryan,JSP,,0,1,1,0,0,0,0,0,0,0,0,0,0,0,0,0,0,0,0
dszQWIyY6XY,2023-03-15,-0.9811345338821412,13661.0,TV9,319.0,15.0,satyanarayan.png,Bolisetti Satyanaryan,JSP,,0,0,0,0,0,0,1,0,0,0,0,0,0,0,0,0,1,0,0
vpjJbZ46MQI,2023-03-15,-0.9991965889930724,5948.0,TV9,263.0,12.0,satyanarayan.png,Bolisetti Satyanaryan,JSP,,0,0,0,0,0,0,1,0,0,0,0,0,1,0,0,1,0,0,0
KepV5Vvk5qQ,2023-03-15,-0.9972109198570251,5773.0,TV9,355.0,11.0,satyanarayan.png,Bolisetti Satyanaryan,JSP,,1,0,0,0,0,1,1,0,1,0,0,0,0,0,0,0,1,0,0
gZxq7gA0AEY,2023-03-15,-0.9983822107315063,4534.0,TV9,302.0,10.0,satyanarayan.png,Bolisetti Satyanaryan,JSP,,0,0,1,0,0,0,1,0,0,0,0,0,1,0,0,0,0,0,0
J__wHAB3ZUo,2023-03-15,-0.993598222732544,789.0,ABN,307.0,0.0,satyanarayan.png,Bolisetti Satyanaryan,JSP,,0,0,0,0,0,0,0,0,0,0,0,0,0,0,0,1,0,0,0
bVi8PqdJK1w,2023-03-15,0.9873513579368592,5110.0,TV9,308.0,6.0,satyanarayan.png,Bolisetti Satyanaryan,JSP,,0,0,0,1,0,0,1,0,1,0,1,0,1,0,0,0,1,0,0
4Mrj-fZ4CjI,2023-03-16,-0.9904604554176332,5247.0,TV9,298.0,24.0,satyanarayan.png,Bolisetti Satyanaryan,JSP,,0,0,0,0,0,0,0,0,0,0,0,0,0,0,0,0,0,0,0
gQFpeNPvHyo,2023-03-16,-0.9283303022384644,3457.0,TV9,231.0,7.0,satyanarayan.png,Bolisetti Satyanaryan,JSP,,0,0,0,0,0,0,0,0,0,0,0,0,0,0,0,0,0,0,0
YxPCpQNlhYE,2023-03-17,-0.9804489016532898,572.0,ABN,340.0,0.0,satyanarayan.png,Bolisetti Satyanaryan,JSP,,0,0,0,0,0,0,0,0,0,0,0,0,0,0,0,0,0,0,0
gQ1wsQLF768,2023-03-22,-0.9918613433837892,1701.0,TV5,265.0,5.0,satyanarayan.png,Bolisetti Satyanaryan,JSP,,0,0,0,0,0,0,0,0,0,0,0,0,0,0,0,0,0,0,0
jUDagebyEaI,2023-03-24,-0.9994412064552308,13423.0,TV9,323.0,22.0,satyanarayan.png,Bolisetti Satyanaryan,JSP,,0,1,1,0,0,0,0,0,0,0,0,0,0,0,0,0,0,0,0
L5evvSbasoQ,2023-03-24,-0.9921934008598328,10221.0,TV9,255.0,16.0,satyanarayan.png,Bolisetti Satyanaryan,JSP,,0,0,0,0,0,1,0,0,0,0,0,0,0,0,1,0,0,0,0
zsXfZBbj62s,2023-03-24,-0.9960404634475708,3057.0,TV9,207.0,2.0,satyanarayan.png,Bolisetti Satyanaryan,JSP,,0,1,0,0,0,0,0,0,0,0,0,0,1,0,0,0,0,0,0
wPQ6SZPlkzQ,2023-03-25,-0.9988491535186768,1244.0,TV9,229.0,0.0,satyanarayan.png,Bolisetti Satyanaryan,JSP,,0,0,0,0,0,0,0,0,0,0,0,0,0,0,0,0,0,0,0
KL2RwuHgfLM,2023-03-25,-0.998310685157776,896.0,TV9,64.0,0.0,satyanarayan.png,Bolisetti Satyanaryan,JSP,,0,0,0,0,0,0,0,0,0,0,0,0,0,0,0,0,0,0,0
U2x_AhI4xOs,2023-03-25,-0.9930867552757264,1056.0,TV9,256.0,4.0,satyanarayan.png,Bolisetti Satyanaryan,JSP,,0,0,0,0,0,0,0,0,0,0,0,0,0,0,0,1,0,0,1
7_8--dvbZcs,2023-03-25,-0.9906570911407472,1067.0,TV9,163.0,0.0,satyanarayan.png,Bolisetti Satyanaryan,JSP,,0,0,0,0,0,0,0,0,0,0,0,0,0,0,0,0,0,0,0
KY_MatZ2Or8,2023-03-26,-0.9987241625785828,15643.0,TV9,248.0,26.0,satyanarayan.png,Bolisetti Satyanaryan,JSP,,0,0,0,0,0,0,0,0,1,0,1,1,0,0,0,0,0,0,0
xc29RTNVB0I,2023-03-27,0.9979078769683838,1350.0,TV5,228.0,0.0,satyanarayan.png,Bolisetti Satyanaryan,JSP,,0,0,0,1,0,0,0,0,0,0,0,0,0,0,0,0,0,0,0
VhEIG2Ekrdc,2023-03-28,-0.9970790147781372,458.0,ABN,288.0,0.0,satyanarayan.png,Bolisetti Satyanaryan,JSP,,0,0,0,0,0,0,0,0,0,0,0,0,0,0,0,0,0,0,0
e28SH1vrbOY,2023-03-28,-0.9850984811782836,692.0,ABN,282.0,0.0,satyanarayan.png,Bolisetti Satyanaryan,JSP,,0,0,0,0,0,0,0,0,0,0,0,0,0,0,0,0,0,0,0
zwVzOOPXaVM,2023-03-28,-0.9934364557266236,410.0,TV9,322.0,4.0,satyanarayan.png,Bolisetti Satyanaryan,JSP,,0,0,0,0,0,0,0,0,0,0,0,0,0,0,0,0,0,0,0
WOq1v8FO6vA,2023-03-28,0.9965001344680786,354.0,ABN,280.0,0.0,satyanarayan.png,Bolisetti Satyanaryan,JSP,,0,0,0,0,0,0,0,0,0,0,0,0,0,0,0,0,0,0,0
D0VO2HGA_I8,2023-03-28,-0.9800980091094972,427.0,TV9,318.0,6.0,satyanarayan.png,Bolisetti Satyanaryan,JSP,,0,0,0,0,0,0,0,0,0,0,0,0,0,0,0,0,0,0,0
YWspyxFt_m8,2023-03-28,0.9927064776420592,717.0,ABN,316.0,0.0,satyanarayan.png,Bolisetti Satyanaryan,JSP,,0,0,0,0,0,0,0,0,0,0,0,0,0,0,0,0,0,0,0
hl5DZl0AHvA,2023-04-01,-0.9990689158439636,27724.0,ABN,195.0,16.0,satyanarayan.png,Bolisetti Satyanaryan,JSP,,0,0,0,0,0,0,0,0,0,0,0,0,0,0,0,0,0,0,0
C608Hx5MaxE,2023-04-04,-0.561111569404602,1062.0,TV9,204.0,2.0,satyanarayan.png,Bolisetti Satyanaryan,JSP,,0,0,0,0,0,0,0,0,0,0,0,0,0,0,0,0,0,0,0
o4Zh78Jylkk,2023-04-04,-0.9984729886054992,4209.0,TV9,303.0,7.0,satyanarayan.png,Bolisetti Satyanaryan,JSP,,0,0,0,0,0,0,0,0,0,0,0,0,0,0,0,0,0,0,0
_6He9bWSYN4,2023-04-04,-0.9920365810394288,787.0,TV9,213.0,1.0,satyanarayan.png,Bolisetti Satyanaryan,JSP,,1,0,0,0,0,0,0,0,0,0,0,0,0,0,0,0,1,0,0
HNxRmqB8wF4,2023-04-06,0.9985674619674684,349.0,ABN,140.0,0.0,satyanarayan.png,Bolisetti Satyanaryan,JSP,,0,0,0,0,0,0,0,0,0,0,0,0,0,0,0,0,0,0,0
-Br4Gbxyx3I,2023-04-08,0.9943608641624452,529.0,TV9,217.0,0.0,satyanarayan.png,Bolisetti Satyanaryan,JSP,,0,0,0,1,0,0,0,0,0,0,0,0,0,0,0,0,0,0,0
JOlthg2zELU,2023-04-08,-0.998504400253296,1707.0,TV9,311.0,2.0,satyanarayan.png,Bolisetti Satyanaryan,JSP,,0,0,0,1,0,0,0,0,0,0,0,0,0,0,0,0,0,0,0
ywe8k3T_n4o,2023-04-08,0.994047999382019,1064.0,TV9,67.0,1.0,satyanarayan.png,Bolisetti Satyanaryan,JSP,,0,0,0,0,0,0,0,0,0,0,0,0,0,0,0,0,0,0,0
Mohqa03FH-Q,2023-04-09,0.98992121219635,762.0,TV5,203.0,0.0,satyanarayan.png,Bolisetti Satyanaryan,JSP,,0,0,0,0,0,0,0,0,1,0,0,0,0,0,0,0,0,0,0
APDZvNoIh0Q,2023-04-16,0.9977701902389526,448.0,TV9,292.0,1.0,satyanarayan.png,Bolisetti Satyanaryan,JSP,,0,0,0,0,0,0,0,0,0,0,0,0,0,0,0,0,1,0,0
5EaX4Z9A85c,2023-04-16,0.9925673007965088,457.0,TV9,140.0,0.0,satyanarayan.png,Bolisetti Satyanaryan,JSP,,0,0,0,0,0,0,0,0,0,0,0,0,0,0,0,0,0,0,0
PhUhHeErDZQ,2023-04-19,0.9984734654426576,7469.0,Sakshi,230.0,29.0,satyanarayan.png,Bolisetti Satyanaryan,JSP,,0,0,1,1,1,0,0,0,0,0,0,0,0,0,0,0,0,0,0
GO0gQjZk4Bw,2023-04-20,-0.9989941716194152,2451.0,ABN,340.0,2.0,satyanarayan.png,Bolisetti Satyanaryan,JSP,,0,0,0,0,0,0,0,0,0,0,0,0,0,0,0,0,0,0,0
rUIY4whko0I,2023-04-21,0.9884922504425048,4326.0,TV9,235.0,6.0,satyanarayan.png,Bolisetti Satyanaryan,JSP,,1,1,1,0,0,1,1,0,0,0,0,0,0,0,0,0,1,0,0
IMBZfZFmKfU,2023-04-21,-0.9974269270896912,1557.0,TV9,127.0,1.0,satyanarayan.png,Bolisetti Satyanaryan,JSP,,1,1,1,0,0,1,0,0,0,0,0,0,0,0,0,0,0,0,0
mWRvzPy402E,2023-04-21,0.9915568828582764,6417.0,TV9,320.0,10.0,satyanarayan.png,Bolisetti Satyanaryan,JSP,,1,0,1,0,1,1,0,1,0,0,0,0,0,0,0,0,1,0,0
Bmq_NMVnfyE,2023-04-21,-0.9972374439239502,19392.0,TV9,315.0,53.0,satyanarayan.png,Bolisetti Satyanaryan,JSP,,1,1,1,0,0,1,1,0,0,0,0,0,1,1,0,1,1,0,0
nYAflEyjgtY,2023-04-21,-0.9982824325561525,3145.0,TV9,206.0,7.0,satyanarayan.png,Bolisetti Satyanaryan,JSP,,1,1,1,0,1,1,1,0,0,0,0,0,1,0,0,0,0,0,0
