ids,upload_date,sentiment,view_count,uploader,duration,comment_count,f_id,name,party,constituency,tdp,ycp,ysrcp,schemes,cm jagan,chandrababu,pawan kalyan,AP ,yuvagalam,amaravati,ambati rambabu,YS Viveka Case,janasena party,tdp pattabhi,ap employees,ap assembly session today,jr ntr,high court,alliance,ambati rambabu ,polavaram,visakha,byreddy siddharth reddy
dvoo6ju2Zv8,2019-12-21,0.983485460281372,734.0,Sakshi,244.0,3.0,krishna.png,ch krishna Anjaneyulu,MEDIA,,1,1,1,0,1,1,0,1,0,1,0,0,0,0,1,0,0,1,0,0,0,1,0
pVnkxzZKMSc,2020-03-05,-0.9926539659500122,1547.0,Sakshi,402.0,0.0,krishna.png,ch krishna Anjaneyulu,MEDIA,,0,0,0,0,0,0,0,0,0,0,0,0,0,0,0,0,0,0,0,0,0,0,0
smJ62sISCwE,2021-02-20,0.9968172311782836,4172.0,Sakshi,79.0,10.0,krishna.png,ch krishna Anjaneyulu,MEDIA,,0,1,1,0,1,0,0,1,0,0,0,0,1,0,0,0,0,0,0,0,0,0,0
CJdAVR4RS9g,2021-02-20,0.9964678287506104,5925.0,Sakshi,230.0,4.0,krishna.png,ch krishna Anjaneyulu,MEDIA,,0,1,1,0,1,0,0,1,0,0,0,0,0,0,0,0,0,0,0,0,0,0,0
Bw7aozXxRHM,2021-11-13,-0.9776320457458496,77723.0,Sakshi,341.0,141.0,krishna.png,ch krishna Anjaneyulu,MEDIA,,0,0,1,0,0,1,0,0,0,1,1,0,0,0,0,0,0,0,0,1,0,0,0
-IsW14niq94,2021-12-31,0.9926607608795166,2341.0,Sakshi,365.0,5.0,krishna.png,ch krishna Anjaneyulu,MEDIA,,1,0,0,1,0,0,0,0,0,0,0,0,0,0,0,0,0,0,0,0,0,0,0
-rPKzSEoiac,2022-03-08,0.9976414442062378,4201.0,Sakshi,573.0,9.0,krishna.png,ch krishna Anjaneyulu,MEDIA,,0,0,0,0,1,0,0,1,0,0,0,0,0,0,0,0,0,0,0,0,0,0,0
XkNJZ8NJ7-A,2022-03-15,0.9941492080688475,5998.0,Sakshi,424.0,8.0,krishna.png,ch krishna Anjaneyulu,MEDIA,,0,0,0,0,1,0,0,0,0,0,0,0,0,0,0,0,0,0,0,0,0,0,0
AHd_9ENfIpM,2022-06-23,-0.9815906286239624,18392.0,Sakshi,532.0,42.0,krishna.png,ch krishna Anjaneyulu,MEDIA,,0,0,1,0,1,0,0,0,0,0,1,0,0,0,0,0,0,0,0,1,0,0,0
rMNndjUYOro,2022-08-22,-0.9938177466392516,5999.0,TV5,345.0,3.0,krishna.png,ch krishna Anjaneyulu,MEDIA,,0,0,0,0,0,0,0,0,0,0,0,0,0,0,0,0,1,0,0,0,0,0,0
ocyq6K_AjX8,2022-08-22,-0.9977147579193116,257606.0,TV5,320.0,262.0,krishna.png,ch krishna Anjaneyulu,MEDIA,,0,0,1,1,0,1,0,1,0,1,1,0,0,0,0,1,1,0,1,0,1,0,0
U_S-s3y0DWo,2022-08-22,0.9747999906539916,43331.0,TV5,460.0,122.0,krishna.png,ch krishna Anjaneyulu,MEDIA,,0,0,0,0,0,0,0,0,0,0,0,0,0,0,0,0,1,0,0,0,0,0,0
ERAShDqfBVk,2022-08-22,0.9822100400924684,3208.0,TV5,270.0,5.0,krishna.png,ch krishna Anjaneyulu,MEDIA,,0,1,1,0,0,0,0,0,0,0,0,0,0,0,0,0,1,0,0,0,0,0,0
wrlCj5-nV0M,2022-08-25,-0.9922577738761902,72887.0,TV5,375.0,150.0,krishna.png,ch krishna Anjaneyulu,MEDIA,,0,0,0,0,0,0,0,0,0,0,0,0,0,0,0,0,0,0,0,0,0,0,0
0eIFj1tAfGc,2022-08-26,0.8412237763404846,1611.0,TV5,350.0,1.0,krishna.png,ch krishna Anjaneyulu,MEDIA,,0,0,0,0,0,0,0,0,0,0,0,0,0,0,0,0,0,0,0,0,0,0,0
KHvqLVATZWQ,2022-08-30,0.9915463328361512,34935.0,TV5,420.0,38.0,krishna.png,ch krishna Anjaneyulu,MEDIA,,0,1,1,0,1,1,0,0,0,0,0,0,0,0,0,0,0,0,1,0,0,0,0
bBe04TRsP0U,2022-08-30,-0.9966374635696412,20128.0,TV5,195.0,36.0,krishna.png,ch krishna Anjaneyulu,MEDIA,,0,1,1,1,1,1,0,0,0,0,0,0,0,0,0,0,0,0,0,0,0,0,0
qSRKOHSaF_4,2022-08-30,0.9886974096298218,8435.0,TV5,290.0,8.0,krishna.png,ch krishna Anjaneyulu,MEDIA,,0,1,1,0,0,0,0,0,0,0,0,0,0,0,0,0,0,0,0,0,0,0,0
Btfpxe9ZL5A,2022-08-30,-0.9968711733818054,73925.0,TV5,490.0,115.0,krishna.png,ch krishna Anjaneyulu,MEDIA,,0,0,0,0,0,0,0,0,0,0,0,0,0,0,0,0,0,0,0,0,0,0,0
bdfPmGgASrk,2022-09-01,-0.9961183071136476,2354.0,TV5,485.0,4.0,krishna.png,ch krishna Anjaneyulu,MEDIA,,0,0,0,0,0,0,0,0,0,0,0,0,0,0,0,0,0,0,0,0,0,0,0
n6nQjI4TP5I,2022-09-04,0.9930817484855652,3661.0,TV5,585.0,4.0,krishna.png,ch krishna Anjaneyulu,MEDIA,,0,0,0,0,1,0,0,0,0,0,0,0,0,0,0,0,0,0,0,0,0,0,0
znm30ptCxwo,2022-09-04,-0.9985081553459167,16775.0,TV5,270.0,22.0,krishna.png,ch krishna Anjaneyulu,MEDIA,,1,1,1,1,1,0,0,0,0,0,0,0,0,0,0,0,0,0,0,0,0,0,0
S7LD85_2jQo,2022-09-04,-0.9977606534957886,3173.0,TV5,365.0,9.0,krishna.png,ch krishna Anjaneyulu,MEDIA,,0,0,0,0,0,0,0,0,0,0,0,0,0,0,0,0,0,0,0,0,0,0,0
SOQ4dp_LzKU,2022-09-07,0.992180109024048,80232.0,Sakshi,566.0,57.0,krishna.png,ch krishna Anjaneyulu,MEDIA,,0,0,0,0,0,0,0,0,0,0,0,0,0,0,0,0,0,0,0,0,1,0,0
8MbcfN4BB3c,2022-09-07,0.9985244870185852,15996.0,TV5,275.0,18.0,krishna.png,ch krishna Anjaneyulu,MEDIA,,0,0,0,1,0,0,0,0,0,0,0,0,0,0,0,0,0,0,0,0,0,0,0
AuKeSNAY118,2022-09-07,0.6475802063941956,5503.0,TV5,550.0,27.0,krishna.png,ch krishna Anjaneyulu,MEDIA,,0,0,0,0,0,0,0,0,0,0,0,0,0,0,0,0,0,0,0,0,0,0,0
eb1bppdMjzw,2022-09-08,0.9936328530311584,38888.0,TV5,360.0,54.0,krishna.png,ch krishna Anjaneyulu,MEDIA,,1,1,1,1,1,0,0,1,0,0,0,0,0,0,0,1,1,1,0,0,0,1,0
ztEcczxDtUQ,2022-09-08,-0.9318764209747314,6306.0,TV5,290.0,18.0,krishna.png,ch krishna Anjaneyulu,MEDIA,,0,0,0,0,1,0,0,0,0,1,0,0,0,0,0,0,0,0,0,0,0,0,0
FWHixM0EqKg,2022-09-08,-0.9867781400680542,2529.0,TV5,370.0,6.0,krishna.png,ch krishna Anjaneyulu,MEDIA,,0,0,0,0,1,0,0,0,0,0,0,0,0,0,0,0,0,0,0,0,0,0,0
sFXI0425m68,2022-09-09,0.9954791069030762,2022.0,TV5,372.0,0.0,krishna.png,ch krishna Anjaneyulu,MEDIA,,0,0,0,0,0,0,0,0,0,0,0,0,0,0,0,0,0,0,0,0,0,0,0
NKUmcgROjiw,2022-09-11,0.997435748577118,3872.0,TV5,108.0,2.0,krishna.png,ch krishna Anjaneyulu,MEDIA,,1,0,0,0,0,0,0,0,0,0,0,0,0,1,0,0,0,0,1,0,0,0,0
g8YGu3LOd3c,2022-09-12,0.9918168187141418,12855.0,Sakshi,552.0,55.0,krishna.png,ch krishna Anjaneyulu,MEDIA,,0,0,0,0,0,0,0,0,0,1,0,0,0,0,0,0,0,0,0,0,0,0,0
ZMB_RrD2mGc,2022-09-14,-0.9940724968910216,3033.0,TV5,460.0,4.0,krishna.png,ch krishna Anjaneyulu,MEDIA,,0,0,0,0,0,0,0,0,0,1,0,0,0,0,0,0,0,0,0,0,0,0,0
aludjB-VEIM,2022-09-14,0.9735485315322876,21134.0,TV5,230.0,30.0,krishna.png,ch krishna Anjaneyulu,MEDIA,,1,0,0,0,0,0,0,1,0,1,0,0,0,0,0,1,0,1,0,0,0,0,0
SE6Nh0e5058,2022-09-22,-0.9973974227905272,45850.0,TV5,189.0,69.0,krishna.png,ch krishna Anjaneyulu,MEDIA,,1,1,0,0,0,0,0,1,0,0,0,0,0,0,0,1,0,0,0,0,0,0,0
ArtDKOwjZUU,2022-09-22,-0.9938706159591676,746.0,TV5,161.0,2.0,krishna.png,ch krishna Anjaneyulu,MEDIA,,1,0,0,1,0,0,0,0,0,0,0,0,0,0,0,0,0,0,0,0,0,0,0
gT98EfnrPN0,2022-09-23,0.997831642627716,153285.0,TV5,402.0,284.0,krishna.png,ch krishna Anjaneyulu,MEDIA,,0,1,0,0,0,1,0,0,0,0,0,0,0,0,0,0,0,0,0,0,0,0,0
axCRuvWmUF8,2022-09-23,0.9537498950958252,1860.0,TV5,180.0,2.0,krishna.png,ch krishna Anjaneyulu,MEDIA,,1,1,1,0,0,0,0,0,0,0,0,0,0,1,0,0,0,0,0,0,0,0,0
VjZpsIzJxKw,2022-09-23,0.9922168254852296,10342.0,TV5,265.0,18.0,krishna.png,ch krishna Anjaneyulu,MEDIA,,1,1,1,0,1,1,0,0,0,0,0,0,0,0,0,1,0,0,0,0,0,0,0
fxDmgpQnnzc,2022-09-23,-0.992901623249054,1481.0,TV5,235.0,3.0,krishna.png,ch krishna Anjaneyulu,MEDIA,,1,1,1,0,1,1,0,0,0,0,0,0,0,0,1,0,1,0,0,0,0,0,0
yMeiFEocIXU,2022-09-23,0.9973312616348268,16570.0,TV5,320.0,35.0,krishna.png,ch krishna Anjaneyulu,MEDIA,,1,1,1,1,1,1,0,0,0,0,0,0,1,0,0,0,0,0,0,0,0,0,0
8ZdMnkAmK84,2022-09-23,-0.9926924705505372,2658.0,TV5,529.0,1.0,krishna.png,ch krishna Anjaneyulu,MEDIA,,0,0,0,0,0,0,0,0,0,0,0,0,0,0,0,0,0,0,0,0,0,0,0
7pkJmgDFvT0,2022-09-23,0.99770325422287,21940.0,TV5,290.0,21.0,krishna.png,ch krishna Anjaneyulu,MEDIA,,1,1,1,0,1,1,0,0,0,1,1,0,0,0,0,0,0,0,0,0,0,1,0
JYvvDujshKk,2022-09-26,-0.9925935864448548,24756.0,TV5,501.0,12.0,krishna.png,ch krishna Anjaneyulu,MEDIA,,0,0,0,0,0,0,0,0,0,0,0,0,0,0,0,0,0,0,0,0,0,0,0
-e9UgZ5WqfQ,2022-09-29,-0.9907127022743224,59893.0,TV5,290.0,101.0,krishna.png,ch krishna Anjaneyulu,MEDIA,,1,0,0,0,0,0,0,0,0,1,1,0,0,0,0,0,0,0,0,1,0,0,0
N5ICQZZU38Q,2022-09-29,-0.9987175464630128,2948.0,TV5,190.0,2.0,krishna.png,ch krishna Anjaneyulu,MEDIA,,1,0,0,0,0,0,0,1,0,0,0,0,0,0,0,0,0,0,0,0,0,0,0
fy4k7apBhmY,2022-09-29,-0.9993390440940856,4297.0,TV5,270.0,8.0,krishna.png,ch krishna Anjaneyulu,MEDIA,,1,0,0,0,1,0,0,1,0,1,1,0,0,0,1,1,0,0,0,1,0,0,0
WLjWzCNZgz4,2022-09-29,-0.9978480339050292,83772.0,TV5,380.0,73.0,krishna.png,ch krishna Anjaneyulu,MEDIA,,0,1,1,0,1,0,0,0,0,0,1,0,0,0,0,0,0,0,0,1,0,0,0
qMekXU1_4ek,2022-09-29,-0.990670084953308,6249.0,TV5,260.0,31.0,krishna.png,ch krishna Anjaneyulu,MEDIA,,1,1,0,0,0,0,0,0,0,1,1,0,0,0,0,0,0,0,0,1,0,0,0
QYaCBDnYZT0,2022-09-29,0.9879889488220216,113554.0,TV5,305.0,227.0,krishna.png,ch krishna Anjaneyulu,MEDIA,,1,1,1,1,1,0,0,1,0,1,1,0,0,0,1,0,0,0,0,1,0,0,0
32rFDTf6-7w,2022-09-29,0.9980340600013732,188991.0,TV5,350.0,280.0,krishna.png,ch krishna Anjaneyulu,MEDIA,,0,0,0,0,1,0,0,1,0,1,1,0,0,0,0,0,0,0,0,1,0,0,0
5y8NUlQPTXM,2022-10-04,0.9974223375320436,9505.0,TV5,240.0,34.0,krishna.png,ch krishna Anjaneyulu,MEDIA,,1,0,0,0,0,0,0,0,0,0,0,0,0,0,0,0,0,0,0,0,0,0,0
ESBRShGQqGA,2022-10-04,0.9971969127655028,1876.0,Sakshi,393.0,15.0,krishna.png,ch krishna Anjaneyulu,MEDIA,,0,0,1,0,0,0,0,0,0,0,0,0,0,0,0,0,0,0,0,0,0,0,0
xcb03w-37js,2022-10-05,0.9986336827278136,3768.0,Sakshi,203.0,6.0,krishna.png,ch krishna Anjaneyulu,MEDIA,,0,0,1,0,1,0,0,0,0,0,0,0,0,0,0,0,0,0,0,0,0,0,0
mxYr3iP0ams,2022-10-07,-0.998705267906189,66974.0,TV5,435.0,74.0,krishna.png,ch krishna Anjaneyulu,MEDIA,,0,1,0,0,0,0,1,0,0,0,0,0,0,0,0,0,0,0,0,0,0,0,0
IHaPmnJ6CHI,2022-10-07,0.9964069724082948,3875.0,TV5,365.0,7.0,krishna.png,ch krishna Anjaneyulu,MEDIA,,0,0,0,0,0,0,0,0,0,0,0,0,0,0,0,0,0,0,0,0,0,0,0
GM_GyQY4pjc,2022-10-07,-0.9984117746353148,101734.0,TV5,205.0,129.0,krishna.png,ch krishna Anjaneyulu,MEDIA,,1,0,1,0,1,0,0,0,0,0,0,0,0,0,0,0,0,0,0,0,0,0,0
cVs-Uz7u7qI,2022-10-07,0.9959484934806824,122983.0,TV5,315.0,142.0,krishna.png,ch krishna Anjaneyulu,MEDIA,,1,0,1,0,1,0,0,0,0,1,1,0,0,0,1,1,0,1,1,0,0,0,1
IGaycjU2aWA,2022-10-10,-0.9988184571266174,3845.0,TV5,152.0,18.0,krishna.png,ch krishna Anjaneyulu,MEDIA,,1,0,1,0,0,0,0,0,0,1,0,0,0,0,0,0,0,0,0,0,0,0,0
R6SqhbMmn2o,2022-10-11,0.981858730316162,1869.0,ABN,397.0,3.0,krishna.png,ch krishna Anjaneyulu,MEDIA,,0,0,0,0,0,0,0,0,0,0,0,0,0,0,0,0,0,0,0,0,0,0,0
YCjlRYKSRuQ,2022-10-12,-0.9939044117927552,547.0,ABN,285.0,5.0,krishna.png,ch krishna Anjaneyulu,MEDIA,,0,0,0,1,1,1,0,0,0,1,0,0,1,0,0,0,1,0,0,0,0,1,0
8oLHgAd_CY4,2022-10-12,-0.9988946318626404,2531.0,ABN,275.0,2.0,krishna.png,ch krishna Anjaneyulu,MEDIA,,0,0,0,0,0,0,0,0,0,0,0,0,0,0,0,1,0,0,0,0,0,0,0
1Pb6Ca-BHYQ,2022-10-14,-0.9932886958122252,185570.0,TV5,425.0,254.0,krishna.png,ch krishna Anjaneyulu,MEDIA,,0,0,0,0,0,1,0,0,0,0,0,0,0,0,0,0,0,0,0,0,0,0,0
zGPl04uPmYI,2022-10-14,0.9984059929847716,2888.0,TV5,490.0,4.0,krishna.png,ch krishna Anjaneyulu,MEDIA,,0,0,0,0,0,1,0,0,0,1,0,0,0,0,0,0,0,0,0,0,0,0,0
rtnPUA0b89c,2022-10-14,0.9955586194992064,20710.0,TV5,270.0,37.0,krishna.png,ch krishna Anjaneyulu,MEDIA,,1,0,0,1,0,1,0,0,0,0,0,0,0,1,0,0,0,0,0,0,0,0,0
SR-nQOz_Q1s,2022-10-14,0.9984052777290344,58200.0,TV5,450.0,92.0,krishna.png,ch krishna Anjaneyulu,MEDIA,,0,0,0,0,0,0,0,0,0,0,0,0,0,0,0,0,0,0,0,0,0,0,0
KIuCsx60-vk,2022-10-15,0.9983842372894288,406.0,TV5,314.0,1.0,krishna.png,ch krishna Anjaneyulu,MEDIA,,0,0,1,0,0,0,0,0,0,0,0,0,0,0,0,0,0,0,0,0,0,0,0
nqzGY4oTXKU,2022-10-21,-0.9958282113075256,2029.0,ABN,225.0,4.0,krishna.png,ch krishna Anjaneyulu,MEDIA,,1,1,1,0,0,0,0,0,1,1,1,0,0,0,0,0,0,0,1,0,1,1,0
0OkkxQ_vgrU,2022-10-21,0.9906724095344543,3154.0,ABN,75.0,10.0,krishna.png,ch krishna Anjaneyulu,MEDIA,,0,0,0,0,0,0,0,0,0,0,0,0,0,0,0,0,0,0,1,0,0,1,0
s7qr2iUgY8E,2022-10-22,-0.9977633953094482,4557.0,TV5,160.0,2.0,krishna.png,ch krishna Anjaneyulu,MEDIA,,0,0,0,0,0,0,0,0,0,0,0,0,0,0,0,0,0,0,0,0,0,0,0
CDPGj2FDgw0,2022-10-23,-0.9884997010231018,13733.0,Sakshi,173.0,31.0,krishna.png,ch krishna Anjaneyulu,MEDIA,,0,0,0,0,0,0,1,0,0,1,0,0,0,0,0,0,0,0,0,0,0,0,0
rSrjgQKfxsQ,2022-10-26,-0.9986976385116576,4686.0,TV5,195.0,10.0,krishna.png,ch krishna Anjaneyulu,MEDIA,,1,1,1,0,0,1,1,1,0,0,0,0,0,0,1,1,0,0,0,0,0,0,0
F91MrihwB9w,2022-10-29,0.9982757568359376,560.0,TV5,108.0,0.0,krishna.png,ch krishna Anjaneyulu,MEDIA,,0,0,0,0,0,0,0,0,0,0,0,0,0,0,0,0,0,0,0,0,0,0,0
AjlEOZC0tYk,2022-11-06,0.9980137348175048,3654.0,TV5,575.0,0.0,krishna.png,ch krishna Anjaneyulu,MEDIA,,1,0,1,0,0,0,0,0,0,0,0,0,0,0,0,0,0,0,0,0,0,0,0
3NTSNadtIJM,2022-11-06,-0.9990373849868774,5568.0,TV5,400.0,3.0,krishna.png,ch krishna Anjaneyulu,MEDIA,,0,0,0,0,0,0,0,0,0,0,0,0,0,0,0,0,0,0,0,0,0,0,0
sCSk3SAoFJ8,2022-11-06,0.9954437017440796,39410.0,TV5,440.0,12.0,krishna.png,ch krishna Anjaneyulu,MEDIA,,0,0,0,0,0,0,0,0,0,0,0,0,0,0,0,0,0,0,0,0,0,0,0
nDYynhD_Bcs,2022-11-06,0.997534990310669,1290.0,TV5,70.0,0.0,krishna.png,ch krishna Anjaneyulu,MEDIA,,0,0,0,0,0,0,0,0,0,0,0,0,0,0,0,0,0,0,0,0,0,0,0
qjw7Mws2R4I,2022-11-06,0.9979128241539,2036.0,TV5,235.0,2.0,krishna.png,ch krishna Anjaneyulu,MEDIA,,0,0,0,1,0,0,0,0,0,0,0,0,0,0,0,0,0,0,0,0,0,0,0
2WphrImHC4M,2022-11-06,0.97422993183136,4265.0,TV5,500.0,2.0,krishna.png,ch krishna Anjaneyulu,MEDIA,,0,0,0,0,0,0,0,0,0,0,0,0,0,0,0,0,0,0,0,0,0,0,0
8w02PR2Jo4M,2022-11-06,0.9949458241462708,6175.0,TV5,435.0,0.0,krishna.png,ch krishna Anjaneyulu,MEDIA,,0,0,0,0,0,0,0,0,0,0,0,0,0,0,0,0,0,0,0,0,0,0,0
l-UfszkBoI0,2022-11-07,0.9968344569206238,26923.0,TV5,511.0,21.0,krishna.png,ch krishna Anjaneyulu,MEDIA,,0,0,0,0,0,1,0,0,0,0,0,0,0,0,0,0,0,0,0,0,0,0,0
0xQaJxACVj0,2022-11-09,-0.9900280833244324,1376.0,TV5,345.0,1.0,krishna.png,ch krishna Anjaneyulu,MEDIA,,0,0,0,0,0,0,0,0,0,0,0,0,0,0,0,0,0,0,0,0,0,0,0
tkb1W73y-F8,2022-11-09,0.9963424801826476,1659.0,Sakshi,494.0,2.0,krishna.png,ch krishna Anjaneyulu,MEDIA,,0,0,0,0,0,0,0,0,0,0,0,0,0,0,0,0,1,0,1,0,0,0,0
ctujj4pYtuY,2022-11-14,-0.9965906143188475,45563.0,TV5,475.0,167.0,krishna.png,ch krishna Anjaneyulu,MEDIA,,0,1,0,0,0,0,0,0,0,0,0,0,0,0,0,0,0,0,0,0,0,0,0
XxCG6qF1O8k,2022-11-14,-0.997161865234375,20662.0,TV5,525.0,59.0,krishna.png,ch krishna Anjaneyulu,MEDIA,,0,1,0,0,0,0,0,1,0,0,0,0,0,0,0,0,0,0,0,0,0,0,0
MKSBayJHHkA,2022-11-14,0.998387098312378,1888.0,ABN,370.0,3.0,krishna.png,ch krishna Anjaneyulu,MEDIA,,0,0,0,0,0,0,0,0,0,0,0,0,0,0,0,0,0,0,0,0,0,0,0
Nf9tzLZwXTE,2022-11-14,-0.9982435703277588,113742.0,TV5,585.0,301.0,krishna.png,ch krishna Anjaneyulu,MEDIA,,0,0,0,0,0,0,0,0,0,0,0,0,0,0,0,0,0,0,0,0,0,0,0
pStC9_4456k,2022-11-18,-0.999496579170227,5325.0,TV5,309.0,6.0,krishna.png,ch krishna Anjaneyulu,MEDIA,,0,0,0,0,0,0,0,1,0,0,0,0,0,0,0,0,0,0,0,0,0,0,0
60fRwhdrNik,2022-11-18,-0.9952452778816224,578.0,TV5,315.0,0.0,krishna.png,ch krishna Anjaneyulu,MEDIA,,0,0,0,0,0,0,0,0,0,0,0,0,0,0,0,0,0,0,0,0,0,0,0
jDFcH5lhHBQ,2022-11-18,-0.9970701932907104,977.0,TV5,520.0,2.0,krishna.png,ch krishna Anjaneyulu,MEDIA,,0,0,0,0,0,0,0,0,0,0,0,0,0,0,0,0,0,0,0,0,0,0,0
nxoIcRE6YJY,2022-11-18,-0.989604115486145,1961.0,TV5,425.0,4.0,krishna.png,ch krishna Anjaneyulu,MEDIA,,0,0,0,0,0,0,0,0,0,0,0,0,0,0,0,0,0,0,0,0,0,0,0
29EsyWGUhEI,2022-11-18,-0.9942996501922609,2221.0,TV9,306.0,8.0,krishna.png,ch krishna Anjaneyulu,MEDIA,,0,0,0,0,0,0,0,0,0,0,0,0,0,0,0,0,0,0,0,0,0,0,0
nvYamZEQkv8,2022-11-19,0.9977596998214722,3666.0,TV9,388.0,4.0,krishna.png,ch krishna Anjaneyulu,MEDIA,,0,0,0,0,0,0,0,0,0,0,0,0,0,0,0,0,0,0,0,0,0,0,0
7lCtV71Un7k,2022-11-19,0.9956374764442444,24541.0,ABN,375.0,152.0,krishna.png,ch krishna Anjaneyulu,MEDIA,,0,0,0,0,0,0,0,0,0,0,0,0,0,0,0,0,0,0,0,0,0,0,0
UWz82jvceU4,2022-11-21,-0.997650682926178,1477.0,ABN,478.0,0.0,krishna.png,ch krishna Anjaneyulu,MEDIA,,0,0,0,0,0,0,0,0,0,0,0,0,0,0,0,0,0,0,0,0,0,0,0
Lj0ghOY0z3Y,2022-11-21,-0.9984118938446044,692.0,ABN,354.0,2.0,krishna.png,ch krishna Anjaneyulu,MEDIA,,0,0,0,0,0,0,0,0,0,0,0,0,0,0,0,0,0,0,0,0,0,0,0
CPyiHlhtzeo,2022-11-24,-0.9963276982307434,967.0,TV5,293.0,2.0,krishna.png,ch krishna Anjaneyulu,MEDIA,,0,1,1,0,0,0,0,0,0,0,0,0,1,0,0,0,0,0,0,0,0,1,0
j4o1XLMTnvM,2022-11-24,-0.882440447807312,33675.0,TV9,461.0,20.0,krishna.png,ch krishna Anjaneyulu,MEDIA,,0,0,0,0,0,0,0,0,0,0,0,0,0,0,1,0,0,0,0,0,0,0,0
1iEx5Si6qcg,2022-11-26,0.9970478415489196,819.0,TV9,164.0,1.0,krishna.png,ch krishna Anjaneyulu,MEDIA,,0,0,1,1,0,0,0,0,0,0,0,0,0,0,0,0,1,0,0,0,0,0,0
0H5wGBcF02Y,2022-11-28,-0.994684398174286,16803.0,TV9,263.0,15.0,krishna.png,ch krishna Anjaneyulu,MEDIA,,0,0,0,1,0,0,0,1,0,1,0,0,0,0,0,1,0,0,0,0,0,0,0
pvZNdBOiOFo,2022-11-29,-0.9772666692733764,2637.0,TV9,163.0,3.0,krishna.png,ch krishna Anjaneyulu,MEDIA,,0,0,0,1,0,0,0,1,0,0,0,1,0,0,0,0,0,0,0,0,0,0,0
Y0gURwLxnlk,2022-11-29,0.9702459573745728,2595.0,TV9,242.0,2.0,krishna.png,ch krishna Anjaneyulu,MEDIA,,0,0,0,0,0,0,0,0,0,0,0,0,0,0,0,0,0,0,0,0,0,0,0
7yHK9X32hqo,2022-11-30,0.990797996520996,9870.0,TV9,300.0,32.0,krishna.png,ch krishna Anjaneyulu,MEDIA,,0,0,0,0,0,0,0,0,0,0,0,0,0,0,0,0,0,0,0,0,0,0,0
BrjEe2ifaHU,2022-11-30,-0.9990517497062684,6428.0,TV9,325.0,21.0,krishna.png,ch krishna Anjaneyulu,MEDIA,,0,1,1,1,0,0,0,0,1,0,0,0,0,0,0,0,0,0,0,0,0,0,0
6BUrW_sORc8,2022-12-01,-0.9789313673973083,2374.0,TV9,277.0,0.0,krishna.png,ch krishna Anjaneyulu,MEDIA,,0,0,0,0,0,0,0,0,0,0,0,0,0,0,0,0,0,0,0,0,0,0,0
AMthMEUyvvs,2022-12-02,-0.985396921634674,5173.0,TV9,40.0,5.0,krishna.png,ch krishna Anjaneyulu,MEDIA,,0,0,0,0,0,0,0,0,0,0,0,0,0,0,0,0,0,0,0,0,0,0,0
u1wT2kCSQyU,2022-12-02,-0.9976217150688172,2832.0,TV9,282.0,1.0,krishna.png,ch krishna Anjaneyulu,MEDIA,,0,0,0,0,0,0,0,0,0,0,0,0,0,0,0,0,0,0,0,0,0,0,0
RDOqYh_WMWw,2022-12-02,-0.999254047870636,2926.0,TV9,171.0,10.0,krishna.png,ch krishna Anjaneyulu,MEDIA,,0,1,1,0,0,0,0,0,0,0,0,0,0,0,0,0,0,0,0,0,0,0,0
hnaBS8j7nVg,2022-12-03,0.9891660809516908,5492.0,TV5,545.0,15.0,krishna.png,ch krishna Anjaneyulu,MEDIA,,0,0,0,0,0,0,0,0,0,0,0,0,0,0,0,0,0,0,0,0,0,0,0
ANdsxiG38QA,2022-12-03,0.995768904685974,163027.0,TV5,525.0,344.0,krishna.png,ch krishna Anjaneyulu,MEDIA,,0,0,0,0,0,0,0,0,0,0,0,0,0,0,0,0,0,0,0,0,0,0,0
lowwk_X7tPY,2022-12-03,0.998126208782196,1430.0,TV9,48.0,1.0,krishna.png,ch krishna Anjaneyulu,MEDIA,,0,0,1,0,0,0,0,0,0,0,0,0,0,0,0,0,0,0,1,0,0,0,0
WeGJClZ1t1g,2022-12-03,0.98885577917099,3064.0,TV9,454.0,1.0,krishna.png,ch krishna Anjaneyulu,MEDIA,,0,0,0,0,0,0,0,0,0,0,0,0,0,0,0,0,0,0,0,0,0,0,0
pkEXbC5ZE6A,2022-12-04,-0.9936750531196594,6510.0,TV9,451.0,7.0,krishna.png,ch krishna Anjaneyulu,MEDIA,,0,0,0,0,0,0,0,1,0,0,0,0,0,0,0,0,0,0,0,0,0,0,0
iNzoExdJ0tg,2022-12-04,0.9960083961486816,2398.0,TV9,422.0,0.0,krishna.png,ch krishna Anjaneyulu,MEDIA,,0,0,0,0,0,0,0,0,0,0,0,0,0,0,0,0,0,0,0,0,0,0,0
jb3IHNzss3s,2022-12-05,-0.9992986917495728,1166.0,ABN,225.0,0.0,krishna.png,ch krishna Anjaneyulu,MEDIA,,0,0,0,0,0,0,0,0,0,0,0,0,0,0,0,0,0,0,0,0,0,0,1
Uw3JkfzN6Ak,2022-12-05,0.992732584476471,2357.0,ABN,500.0,1.0,krishna.png,ch krishna Anjaneyulu,MEDIA,,0,0,0,0,0,0,0,0,0,0,0,0,0,0,0,0,0,0,0,0,0,0,0
s74685p3a8c,2022-12-05,-0.9873743653297424,3578.0,ABN,495.0,1.0,krishna.png,ch krishna Anjaneyulu,MEDIA,,0,0,0,0,0,0,0,0,0,0,0,0,0,0,0,0,0,0,0,0,0,0,0
QhbQNy-fIxo,2022-12-05,-0.998748540878296,1989.0,ABN,485.0,0.0,krishna.png,ch krishna Anjaneyulu,MEDIA,,0,0,0,0,0,0,0,0,0,0,0,0,0,0,0,0,0,0,0,0,0,0,0
SpQSTNbke6w,2022-12-06,0.9624305367469788,2305.0,ABN,546.0,4.0,krishna.png,ch krishna Anjaneyulu,MEDIA,,1,0,0,0,0,1,0,0,0,0,0,0,0,0,0,0,0,0,0,0,0,0,0
-KcKD_SGy2g,2022-12-06,-0.991003394126892,8634.0,ABN,390.0,12.0,krishna.png,ch krishna Anjaneyulu,MEDIA,,0,0,0,0,1,0,0,0,0,0,0,0,0,0,0,0,0,0,0,0,0,0,0
DMBGkkVZ5kA,2022-12-06,-0.9988117218017578,1698.0,ABN,501.0,0.0,krishna.png,ch krishna Anjaneyulu,MEDIA,,0,0,0,0,0,0,0,0,0,0,0,0,0,0,0,0,0,0,0,0,0,0,0
AfpB6K-2a1s,2022-12-06,-0.9978147745132446,2634.0,ABN,280.0,3.0,krishna.png,ch krishna Anjaneyulu,MEDIA,,0,1,1,0,1,0,0,0,1,1,0,0,0,0,1,1,0,0,1,0,0,0,1
jIUXG3IolDE,2022-12-06,-0.9980698227882384,1505.0,ABN,439.0,3.0,krishna.png,ch krishna Anjaneyulu,MEDIA,,0,0,0,0,0,0,0,0,0,0,0,0,0,0,0,0,0,0,0,0,0,0,0
_zkBGUGMO34,2022-12-06,-0.9988619089126588,6004.0,ABN,517.0,5.0,krishna.png,ch krishna Anjaneyulu,MEDIA,,0,0,0,0,0,0,0,0,0,0,0,0,0,0,0,0,0,0,0,0,0,0,0
1P7gzyGvLwE,2022-12-08,0.9986107349395752,2188.0,TV5,320.0,0.0,krishna.png,ch krishna Anjaneyulu,MEDIA,,1,1,1,0,0,0,0,0,0,0,0,0,0,0,0,0,1,0,1,0,0,1,0
baXG1x4jgjE,2022-12-08,0.5506705641746521,1766.0,TV9,111.0,8.0,krishna.png,ch krishna Anjaneyulu,MEDIA,,1,1,0,0,0,0,0,1,0,0,0,0,0,0,0,0,0,0,0,0,0,0,0
uK7K7yUMZXU,2022-12-08,-0.9949283599853516,922.0,ABN,185.0,1.0,krishna.png,ch krishna Anjaneyulu,MEDIA,,0,0,0,0,0,0,0,0,0,0,0,0,0,0,0,0,0,0,0,0,0,0,1
3xSDqKBSw8U,2022-12-09,-0.9928848147392272,3556.0,ABN,265.0,10.0,krishna.png,ch krishna Anjaneyulu,MEDIA,,1,0,0,0,0,0,0,0,0,0,0,0,0,1,0,0,0,0,0,0,0,0,0
WuChk__FIQo,2022-12-09,-0.9949539303779602,2516.0,TV9,106.0,0.0,krishna.png,ch krishna Anjaneyulu,MEDIA,,0,0,0,0,0,0,0,0,0,0,0,0,0,0,0,0,0,0,0,0,0,0,0
KbVI55vfZMI,2022-12-09,0.996751070022583,10520.0,ABN,385.0,14.0,krishna.png,ch krishna Anjaneyulu,MEDIA,,0,0,0,0,0,0,0,0,0,0,0,0,0,0,0,0,0,0,0,0,0,0,0
gsrg7E0PxA8,2022-12-10,-0.9994035959243774,2717.0,TV9,272.0,0.0,krishna.png,ch krishna Anjaneyulu,MEDIA,,0,0,1,1,0,0,0,0,1,0,0,0,0,0,0,1,0,0,1,0,1,1,0
SoXKwfKLT5E,2022-12-14,0.9933887720108032,462.0,ABN,244.0,0.0,krishna.png,ch krishna Anjaneyulu,MEDIA,,0,0,0,0,0,0,0,0,0,0,0,0,0,0,0,0,0,0,0,0,0,0,0
TzsP05uWRN8,2022-12-15,-0.9942408800125122,3276.0,TV5,381.0,10.0,krishna.png,ch krishna Anjaneyulu,MEDIA,,1,1,0,0,0,0,0,1,0,0,0,0,0,0,0,0,0,0,0,0,0,0,0
b-KVXNrxJEs,2022-12-15,-0.9865922331809998,7211.0,TV9,295.0,18.0,krishna.png,ch krishna Anjaneyulu,MEDIA,,0,0,0,0,0,0,1,1,0,0,0,0,0,0,0,0,0,0,0,0,0,0,0
USRxUKYaokU,2022-12-15,0.99662846326828,2452.0,ABN,574.0,4.0,krishna.png,ch krishna Anjaneyulu,MEDIA,,0,0,0,0,0,0,0,0,0,0,0,0,0,0,0,0,0,0,0,0,0,0,0
jChHS3rKbFo,2022-12-15,0.9836411476135254,2458.0,ABN,480.0,2.0,krishna.png,ch krishna Anjaneyulu,MEDIA,,0,0,0,0,0,0,0,0,0,0,0,0,0,0,0,0,0,0,0,0,0,0,0
SIFUmKtJN0E,2022-12-15,-0.9934205412864684,6656.0,ABN,231.0,0.0,krishna.png,ch krishna Anjaneyulu,MEDIA,,0,0,0,0,0,0,0,0,0,0,0,0,0,0,0,0,0,0,0,0,0,0,0
QerdrgXhWKE,2022-12-15,-0.9570841193199158,3779.0,TV5,216.0,2.0,krishna.png,ch krishna Anjaneyulu,MEDIA,,0,0,0,0,0,0,0,0,0,0,0,0,0,0,0,0,0,0,0,0,0,0,0
zJwfD6a_a8g,2022-12-15,0.9817841053009032,2076.0,ABN,457.0,0.0,krishna.png,ch krishna Anjaneyulu,MEDIA,,0,0,0,0,0,0,0,0,0,0,0,0,0,0,0,0,0,0,0,0,0,0,0
Pvi7orMjKX0,2022-12-16,-0.998116970062256,52484.0,TV5,365.0,102.0,krishna.png,ch krishna Anjaneyulu,MEDIA,,0,1,1,0,1,0,0,1,0,0,0,1,0,0,0,0,0,0,0,0,0,0,0
KjKrTuCZWkc,2022-12-17,0.876124382019043,8375.0,TV9,211.0,5.0,krishna.png,ch krishna Anjaneyulu,MEDIA,,0,0,0,0,0,0,0,0,0,0,0,0,0,0,0,0,0,0,0,0,0,0,0
Vg0VG8t_faA,2022-12-18,0.9835240244865416,3708.0,ABN,246.0,4.0,krishna.png,ch krishna Anjaneyulu,MEDIA,,0,1,1,0,0,0,0,0,1,0,0,0,1,0,1,0,0,0,1,0,0,0,0
lHEb4rloTtY,2022-12-19,0.9972171783447266,400.0,TV9,142.0,1.0,krishna.png,ch krishna Anjaneyulu,MEDIA,,0,0,0,0,0,0,0,1,0,1,1,0,0,0,0,0,0,0,0,0,0,0,0
yHDOnyvtHSk,2022-12-20,-0.9986783862113952,4528.0,ABN,300.0,2.0,krishna.png,ch krishna Anjaneyulu,MEDIA,,0,0,0,0,1,0,0,0,0,0,1,0,0,0,0,1,0,0,0,1,0,0,0
xEt6Q1a35cI,2022-12-20,-0.9914462566375732,2387.0,TV9,392.0,3.0,krishna.png,ch krishna Anjaneyulu,MEDIA,,0,0,0,0,0,0,0,0,0,0,0,0,0,0,0,0,0,0,0,0,0,0,0
dKNmTzzEqM0,2022-12-20,-0.9949945211410522,3937.0,ABN,350.0,3.0,krishna.png,ch krishna Anjaneyulu,MEDIA,,0,0,0,0,0,0,0,0,0,0,0,0,0,0,0,0,0,0,0,0,0,0,0
GmE7qtqlOLU,2022-12-20,-0.9941972494125366,1691.0,TV5,336.0,0.0,krishna.png,ch krishna Anjaneyulu,MEDIA,,0,0,0,0,0,0,0,0,0,0,0,0,0,0,0,0,0,0,0,0,0,0,0
ke3p6K7v0DE,2022-12-20,-0.9981538653373718,2413.0,ABN,310.0,2.0,krishna.png,ch krishna Anjaneyulu,MEDIA,,0,0,0,0,0,0,0,0,0,0,0,0,0,0,0,0,0,0,0,0,0,0,0
0f20elvsVA8,2022-12-20,-0.9983267188072203,5253.0,ABN,290.0,17.0,krishna.png,ch krishna Anjaneyulu,MEDIA,,0,0,1,1,0,0,1,0,1,1,1,0,0,0,0,1,0,0,0,1,0,1,0
sB0J6vwYrjo,2022-12-20,-0.9992977380752563,14521.0,ABN,330.0,7.0,krishna.png,ch krishna Anjaneyulu,MEDIA,,0,0,0,0,0,0,0,0,0,1,1,0,0,0,0,0,0,0,0,1,0,0,0
5w55cw4HXKg,2022-12-20,-0.9987998008728028,2540.0,ABN,307.0,5.0,krishna.png,ch krishna Anjaneyulu,MEDIA,,0,0,1,0,0,1,1,0,1,0,1,0,0,0,0,1,0,0,0,1,1,1,0
5jrrYbF6lIk,2022-12-20,-0.9978370070457458,5657.0,ABN,320.0,14.0,krishna.png,ch krishna Anjaneyulu,MEDIA,,1,1,1,0,0,1,1,0,0,1,1,0,0,0,0,0,0,0,0,1,0,0,0
JikgpAYbkwk,2022-12-21,-0.9984220266342164,2796.0,TV9,510.0,11.0,krishna.png,ch krishna Anjaneyulu,MEDIA,,0,0,0,0,0,0,0,0,0,0,0,0,0,0,0,0,0,0,0,0,0,0,0
Eu5T1IIpqNs,2022-12-21,0.9882777333259584,1543.0,TV9,271.0,2.0,krishna.png,ch krishna Anjaneyulu,MEDIA,,0,0,0,0,0,0,0,0,0,0,0,0,0,0,0,0,0,0,0,0,0,0,0
FlLBieuRwyI,2022-12-21,-0.9981326460838318,611.0,TV9,74.0,0.0,krishna.png,ch krishna Anjaneyulu,MEDIA,,0,0,0,0,0,0,0,0,0,0,0,0,0,0,0,0,0,0,0,0,0,0,0
L8Gze2mVEW0,2022-12-21,-0.9973300695419312,1319.0,TV9,262.0,0.0,krishna.png,ch krishna Anjaneyulu,MEDIA,,0,0,0,0,0,0,0,0,0,0,0,0,0,0,0,0,0,0,0,0,0,0,0
IHP7gW2tT8w,2022-12-23,-0.998127281665802,9413.0,ABN,235.0,7.0,krishna.png,ch krishna Anjaneyulu,MEDIA,,0,1,1,0,1,1,0,0,0,0,0,0,0,0,0,0,0,0,0,0,0,0,0
okgHi_lysKo,2022-12-24,-0.9994230270385742,8781.0,TV9,327.0,7.0,krishna.png,ch krishna Anjaneyulu,MEDIA,,0,0,0,0,0,0,0,0,0,0,0,0,0,0,0,0,0,0,0,0,0,0,0
aQDQ9CurPiw,2022-12-25,-0.9967427849769592,1991.0,TV9,63.0,0.0,krishna.png,ch krishna Anjaneyulu,MEDIA,,0,0,0,0,0,0,0,0,0,0,0,0,0,0,0,0,0,0,0,0,0,0,0
i95O89P1pgM,2022-12-25,-0.9693247079849244,1065.0,ABN,494.0,1.0,krishna.png,ch krishna Anjaneyulu,MEDIA,,0,0,0,0,0,0,0,0,0,0,0,0,0,0,0,0,0,0,0,0,0,0,0
jMx5-VcxfIw,2022-12-26,-0.9955449104309082,28036.0,TV9,357.0,12.0,krishna.png,ch krishna Anjaneyulu,MEDIA,,1,0,0,0,0,0,0,0,0,0,0,0,0,0,0,0,1,1,0,0,0,0,0
YFIj7JKlzKQ,2022-12-26,-0.9873567819595336,2198.0,TV9,258.0,0.0,krishna.png,ch krishna Anjaneyulu,MEDIA,,1,1,1,1,0,0,0,0,0,0,0,0,0,1,0,0,0,1,0,0,1,0,0
U88fBuJiMmw,2022-12-27,-0.9306549429893494,25783.0,TV9,190.0,4.0,krishna.png,ch krishna Anjaneyulu,MEDIA,,0,0,0,0,0,0,0,1,0,0,0,0,0,0,0,0,0,0,0,0,0,0,0
MPP9bYr64Gk,2022-12-27,0.9971497654914856,1522.0,Sakshi,408.0,0.0,krishna.png,ch krishna Anjaneyulu,MEDIA,,0,0,0,0,1,0,0,0,0,0,0,0,0,0,0,0,0,0,0,0,0,0,0
efVF80U94VM,2022-12-29,-0.9940184354782104,29830.0,Sakshi,550.0,150.0,krishna.png,ch krishna Anjaneyulu,MEDIA,,0,0,0,0,0,0,1,0,0,0,1,0,0,0,0,0,0,0,0,1,0,0,0
v_YqRyZBBbw,2022-12-29,-0.996171534061432,1033.0,ABN,135.0,1.0,krishna.png,ch krishna Anjaneyulu,MEDIA,,0,0,0,0,0,1,0,0,0,0,0,0,0,0,0,0,0,0,0,0,0,0,0
Nply1IqCv3k,2022-12-29,-0.9967325925827026,2444.0,ABN,587.0,2.0,krishna.png,ch krishna Anjaneyulu,MEDIA,,0,0,0,0,0,1,0,0,0,0,0,0,0,0,0,0,0,0,0,0,0,0,0
kjEa-FzNgaI,2022-12-29,-0.9975460171699524,54102.0,TV9,587.0,59.0,krishna.png,ch krishna Anjaneyulu,MEDIA,,0,0,0,0,0,0,0,0,0,0,0,0,0,0,0,0,0,0,0,0,0,0,0
z8C5NSFKEME,2022-12-31,-0.9957042336463928,1765.0,TV9,154.0,1.0,krishna.png,ch krishna Anjaneyulu,MEDIA,,0,0,0,0,0,0,0,0,0,1,0,0,0,0,0,0,0,0,1,0,0,1,0
EaFL1jTEv0U,2022-12-31,-0.9927859902381896,36144.0,TV9,239.0,2.0,krishna.png,ch krishna Anjaneyulu,MEDIA,,1,1,1,0,1,1,1,0,1,1,1,0,0,1,0,0,0,0,1,1,1,1,0
MugM1uFJf6k,2023-01-01,0.995960772037506,37050.0,ABN,93.0,79.0,krishna.png,ch krishna Anjaneyulu,MEDIA,,0,0,0,0,0,0,0,0,0,0,0,0,0,0,0,0,0,0,0,0,0,0,0
PIDAMMfxzOM,2023-01-01,0.9985098242759703,783.0,Sakshi,307.0,1.0,krishna.png,ch krishna Anjaneyulu,MEDIA,,0,0,0,1,1,1,0,1,0,0,0,0,0,0,0,0,0,0,0,0,0,1,0
B55o_LNsGiM,2023-01-02,0.9974714517593384,1489.0,TV9,49.0,2.0,krishna.png,ch krishna Anjaneyulu,MEDIA,,0,0,1,1,0,0,0,0,1,0,0,0,0,0,0,0,0,0,0,0,0,1,0
jV1dyyUc0j8,2023-01-03,-0.9968401193618774,2146.0,ABN,270.0,1.0,krishna.png,ch krishna Anjaneyulu,MEDIA,,0,1,1,0,1,0,0,0,0,0,0,0,0,0,0,0,0,0,0,0,0,0,0
WDhB5lSWfAk,2023-01-04,-0.9979315996170044,32630.0,ABN,420.0,18.0,krishna.png,ch krishna Anjaneyulu,MEDIA,,0,0,0,0,0,0,0,0,0,0,0,0,0,0,0,0,0,0,0,0,0,0,0
bhFHHbuuWqw,2023-01-04,0.9916821122169496,10962.0,TV9,543.0,19.0,krishna.png,ch krishna Anjaneyulu,MEDIA,,0,0,0,0,0,0,0,0,0,0,0,0,0,0,0,0,0,0,0,0,0,0,0
z3FRIM_ZD7k,2023-01-05,-0.9988932013511658,5581.0,TV9,292.0,15.0,krishna.png,ch krishna Anjaneyulu,MEDIA,,0,0,0,0,0,0,0,0,0,0,0,0,0,0,0,0,0,0,1,0,0,0,0
lCj4EXxDbNg,2023-01-05,0.9973260164260864,2647.0,TV9,378.0,14.0,krishna.png,ch krishna Anjaneyulu,MEDIA,,0,0,0,0,0,0,0,0,0,0,0,0,0,0,0,0,0,0,0,0,0,0,0
tRvsNr3WfDA,2023-01-06,-0.996223211288452,566.0,TV5,360.0,1.0,krishna.png,ch krishna Anjaneyulu,MEDIA,,0,0,0,0,0,0,0,0,1,0,0,0,0,0,0,0,0,0,0,0,0,1,0
eJ-iDGDAS5w,2023-01-07,0.971362292766571,3256.0,TV9,204.0,1.0,krishna.png,ch krishna Anjaneyulu,MEDIA,,0,0,0,0,0,0,0,0,0,0,0,0,0,0,0,0,0,0,0,0,0,0,0
YwDuOoK-vag,2023-01-08,-0.992548406124115,2459.0,TV5,255.0,0.0,krishna.png,ch krishna Anjaneyulu,MEDIA,,1,0,0,0,0,1,1,0,1,0,0,0,0,0,0,0,0,0,0,0,0,0,0
d5xOIeWcNn4,2023-01-08,-0.994666576385498,1743.0,TV5,155.0,1.0,krishna.png,ch krishna Anjaneyulu,MEDIA,,0,0,0,0,0,0,0,0,0,0,0,0,0,0,0,0,0,0,0,0,0,0,0
r6RX9TN474g,2023-01-08,-0.9988725781440736,42862.0,TV5,468.0,60.0,krishna.png,ch krishna Anjaneyulu,MEDIA,,1,0,0,0,0,0,0,0,0,0,0,0,0,0,0,0,0,0,0,0,0,0,0
t40wx5eaM9A,2023-01-09,-0.9898927807807922,481.0,ABN,345.0,1.0,krishna.png,ch krishna Anjaneyulu,MEDIA,,1,1,0,0,0,1,1,1,0,0,0,0,0,0,0,0,0,0,0,0,0,0,0
AQECVwRTGmI,2023-01-09,0.9584266543388368,5553.0,ABN,370.0,9.0,krishna.png,ch krishna Anjaneyulu,MEDIA,,0,0,0,0,0,1,1,0,0,0,0,0,0,0,0,0,0,0,0,0,0,0,0
qAFt4MYu_U8,2023-01-10,-0.9974223375320436,1688.0,TV9,121.0,12.0,krishna.png,ch krishna Anjaneyulu,MEDIA,,0,0,0,0,0,0,0,0,0,1,0,0,0,0,0,0,0,0,0,0,0,1,0
_48LZVy3tGw,2023-01-11,-0.9980061650276184,589.0,TV5,240.0,0.0,krishna.png,ch krishna Anjaneyulu,MEDIA,,0,0,0,0,0,0,0,0,0,0,0,0,0,0,0,0,0,0,0,0,0,0,0
tHR6BD7GyGM,2023-01-11,0.9987829327583312,3989.0,TV9,262.0,4.0,krishna.png,ch krishna Anjaneyulu,MEDIA,,0,0,0,0,0,0,0,0,0,0,0,0,0,0,0,0,1,0,0,0,0,0,0
HjhM4ewWlGk,2023-01-11,0.9979131817817688,4669.0,TV9,435.0,3.0,krishna.png,ch krishna Anjaneyulu,MEDIA,,0,0,0,0,0,1,0,0,0,0,0,0,0,0,0,0,0,0,0,0,0,0,0
xCjj_ydAWiE,2023-01-12,0.9980260133743286,7844.0,TV9,226.0,6.0,krishna.png,ch krishna Anjaneyulu,MEDIA,,0,0,0,0,0,0,0,0,0,0,0,0,0,0,0,0,0,0,0,0,0,0,0
iaXaK_uToJo,2023-01-13,0.9973258972167968,2949.0,TV9,81.0,2.0,krishna.png,ch krishna Anjaneyulu,MEDIA,,0,0,0,0,0,0,0,0,0,0,0,0,0,0,0,0,0,0,0,0,0,0,0
IFozLQ7DK5o,2023-01-13,0.9929448962211608,5310.0,TV5,400.0,6.0,krishna.png,ch krishna Anjaneyulu,MEDIA,,0,0,0,0,0,0,1,0,0,0,0,0,0,0,0,0,0,0,0,0,0,0,0
dgmHVXNl4rw,2023-01-13,-0.998258411884308,6612.0,TV5,240.0,11.0,krishna.png,ch krishna Anjaneyulu,MEDIA,,1,0,1,0,0,0,1,0,0,0,0,0,1,0,0,0,0,0,0,0,0,0,0
gKglJIjj6VE,2023-01-14,-0.9994511008262634,8097.0,ABN,285.0,18.0,krishna.png,ch krishna Anjaneyulu,MEDIA,,0,0,0,0,0,0,0,0,0,0,0,0,0,0,0,0,0,0,0,0,0,0,1
Ke3oSi2yjG4,2023-01-14,-0.997757852077484,52250.0,ABN,295.0,44.0,krishna.png,ch krishna Anjaneyulu,MEDIA,,0,0,0,0,0,0,0,0,0,0,0,0,0,0,0,0,0,0,0,0,0,0,0
QfSdSZYbbGY,2023-01-14,-0.9925518035888672,55697.0,ABN,365.0,36.0,krishna.png,ch krishna Anjaneyulu,MEDIA,,0,0,0,1,0,0,0,0,0,0,0,0,0,0,0,0,0,0,0,0,0,0,0
ziq0GFYCiIA,2023-01-18,0.991449534893036,1467.0,TV9,384.0,1.0,krishna.png,ch krishna Anjaneyulu,MEDIA,,0,0,0,0,0,0,0,0,0,0,0,0,0,0,0,0,0,0,0,0,0,0,0
PcpNHkWGHUM,2023-01-18,0.9933062195777892,3198.0,TV9,304.0,7.0,krishna.png,ch krishna Anjaneyulu,MEDIA,,0,0,0,0,0,0,0,0,0,0,0,0,0,0,0,0,0,0,0,0,0,0,0
AJDFdkrJ27s,2023-01-19,0.9099351167678832,595.0,TV5,160.0,0.0,krishna.png,ch krishna Anjaneyulu,MEDIA,,0,0,0,0,0,0,0,0,0,0,0,0,0,0,0,0,0,0,0,0,0,0,0
IZuISHQgcGA,2023-01-19,0.998233675956726,1502.0,TV5,335.0,4.0,krishna.png,ch krishna Anjaneyulu,MEDIA,,1,0,0,0,0,0,0,0,0,0,0,0,0,0,0,0,0,0,0,0,0,0,0
ojOyah9KWZo,2023-01-19,0.9984388947486876,347.0,TV5,310.0,1.0,krishna.png,ch krishna Anjaneyulu,MEDIA,,1,0,0,1,0,0,0,0,0,0,0,0,0,0,0,0,0,0,0,0,0,0,0
6TJBC32GOZA,2023-01-22,-0.9973406195640564,5950.0,ABN,230.0,4.0,krishna.png,ch krishna Anjaneyulu,MEDIA,,1,0,0,0,0,0,0,0,0,0,0,0,1,0,0,0,0,0,0,0,0,0,0
qy_zJxzmxpo,2023-01-23,0.9953263998031616,3100.0,TV9,257.0,6.0,krishna.png,ch krishna Anjaneyulu,MEDIA,,0,0,0,0,0,0,0,0,0,0,0,0,0,0,0,0,0,0,0,0,0,0,0
zzSqj-mZPgg,2023-01-23,-0.9987040758132936,15697.0,TV9,302.0,68.0,krishna.png,ch krishna Anjaneyulu,MEDIA,,0,0,0,0,0,0,0,0,0,0,0,0,0,0,0,0,0,0,0,0,0,0,0
sa74GHO_4kI,2023-01-23,-0.9976997971534728,4114.0,TV9,267.0,21.0,krishna.png,ch krishna Anjaneyulu,MEDIA,,0,0,0,0,0,0,0,0,0,0,0,0,0,0,0,0,0,0,0,0,0,0,0
1fBAVqfzwuU,2023-01-23,-0.9015063047409058,32052.0,TV9,393.0,67.0,krishna.png,ch krishna Anjaneyulu,MEDIA,,0,0,0,0,0,0,0,1,0,0,0,0,0,0,0,0,0,0,0,0,0,0,0
tDj91oVq4w4,2023-01-23,-0.9994490742683412,6055.0,TV9,433.0,18.0,krishna.png,ch krishna Anjaneyulu,MEDIA,,0,0,0,1,0,0,0,0,0,0,0,0,0,0,0,0,0,0,0,0,0,0,0
3zNBxbPyK3o,2023-01-23,-0.9994309544563292,8216.0,ABN,445.0,12.0,krishna.png,ch krishna Anjaneyulu,MEDIA,,0,0,0,0,0,0,0,0,0,0,0,0,0,0,0,0,0,0,0,0,0,0,0
OdvWXU5HsnY,2023-01-24,0.9925493001937866,1953.0,TV5,335.0,6.0,krishna.png,ch krishna Anjaneyulu,MEDIA,,1,1,1,0,0,0,1,0,1,0,0,0,0,1,0,0,0,0,1,0,0,1,0
13lbeom1jqw,2023-01-25,0.9805435538291932,540.0,ABN,237.0,0.0,krishna.png,ch krishna Anjaneyulu,MEDIA,,0,0,0,0,0,0,0,0,0,0,0,0,0,0,0,0,0,0,1,0,0,0,0
CkpkX3syr9U,2023-01-25,-0.9976699948310852,14650.0,TV9,223.0,11.0,krishna.png,ch krishna Anjaneyulu,MEDIA,,0,0,0,0,0,1,0,1,0,0,0,0,0,0,0,0,0,0,0,0,0,0,0
cyVku8Rf30Q,2023-01-26,-0.9989295601844788,51437.0,TV9,247.0,171.0,krishna.png,ch krishna Anjaneyulu,MEDIA,,0,0,0,0,0,0,0,0,0,0,0,0,0,0,0,0,0,0,0,0,0,0,0
bTFwIuU3RTY,2023-01-27,-0.9776200652122498,2215.0,TV9,334.0,1.0,krishna.png,ch krishna Anjaneyulu,MEDIA,,0,0,0,0,0,0,0,0,0,0,0,0,0,0,0,0,0,0,0,0,0,0,0
BI6FDyU1ynk,2023-01-28,-0.9953096508979796,16284.0,TV5,435.0,5.0,krishna.png,ch krishna Anjaneyulu,MEDIA,,0,1,1,1,0,0,0,0,0,0,0,1,0,0,0,0,0,0,0,0,0,0,0
p-DG6LvwXLw,2023-01-28,0.9928364157676696,49395.0,TV5,485.0,40.0,krishna.png,ch krishna Anjaneyulu,MEDIA,,0,0,0,0,0,0,0,0,0,0,0,1,0,0,0,0,0,0,0,0,0,0,0
1_iVh6TVZKw,2023-01-28,-0.987787902355194,42664.0,TV5,540.0,26.0,krishna.png,ch krishna Anjaneyulu,MEDIA,,1,0,1,1,0,0,0,0,0,0,0,1,0,0,0,0,0,0,0,0,0,0,0
ikm2ykuJJM0,2023-01-29,0.9944193959236144,3193.0,TV9,274.0,2.0,krishna.png,ch krishna Anjaneyulu,MEDIA,,1,0,0,0,0,0,0,0,0,0,0,0,0,0,0,0,1,0,0,0,0,0,0
KhpvB1LFTYo,2023-01-29,-0.9932754039764404,12223.0,TV9,244.0,8.0,krishna.png,ch krishna Anjaneyulu,MEDIA,,0,0,0,0,0,0,0,0,0,0,0,0,0,0,1,0,0,0,0,0,0,0,0
TvG66nD2UZU,2023-01-30,-0.9855855107307434,13212.0,ABN,295.0,17.0,krishna.png,ch krishna Anjaneyulu,MEDIA,,0,1,1,0,1,0,0,1,1,0,0,0,0,0,0,0,0,0,0,0,0,0,0
5Z_N2ybYwp0,2023-02-01,0.997707724571228,9576.0,TV9,309.0,10.0,krishna.png,ch krishna Anjaneyulu,MEDIA,,0,0,0,0,0,0,0,0,0,0,0,0,0,0,0,0,0,0,0,0,0,0,0
Wd4p62yTWLo,2023-02-01,0.9944170713424684,1137.0,ABN,280.0,1.0,krishna.png,ch krishna Anjaneyulu,MEDIA,,0,0,0,0,0,1,0,0,0,0,0,0,0,0,0,1,0,0,0,0,0,0,0
KIGc-KRijd8,2023-02-02,-0.9983409643173218,18422.0,ABN,190.0,27.0,krishna.png,ch krishna Anjaneyulu,MEDIA,,0,0,0,0,0,0,0,0,0,0,0,0,0,0,0,0,0,0,0,0,0,0,1
DjoytCy_pnA,2023-02-03,-0.9933626651763916,19756.0,Sakshi,119.0,29.0,krishna.png,ch krishna Anjaneyulu,MEDIA,,0,0,1,0,1,1,0,0,0,0,0,0,0,0,0,0,0,0,0,0,0,0,0
U1yeTctmWBM,2023-02-05,0.9978263974189758,4954.0,TV9,233.0,1.0,krishna.png,ch krishna Anjaneyulu,MEDIA,,0,0,0,0,0,0,0,0,0,0,0,0,0,0,0,0,1,0,0,0,0,0,0
sEJWeDa3qqo,2023-02-05,0.9947920441627502,507522.0,TV5,540.0,793.0,krishna.png,ch krishna Anjaneyulu,MEDIA,,0,0,0,0,0,0,0,0,0,0,0,0,0,0,0,0,0,0,0,0,0,0,0
-E5q9UHb8Gk,2023-02-05,0.9976995587348938,8847.0,TV5,495.0,12.0,krishna.png,ch krishna Anjaneyulu,MEDIA,,0,1,1,0,0,0,0,0,0,0,0,0,0,0,0,0,0,0,0,0,0,0,0
uGnuLgk3TgI,2023-02-05,0.993994414806366,16365.0,TV5,310.0,23.0,krishna.png,ch krishna Anjaneyulu,MEDIA,,0,0,0,0,0,0,0,0,0,0,0,0,0,0,0,0,0,0,0,0,0,0,0
DD3CALP-Fyk,2023-02-05,-0.9955314993858336,97219.0,TV5,425.0,120.0,krishna.png,ch krishna Anjaneyulu,MEDIA,,1,1,1,0,1,0,0,0,0,0,0,0,0,1,0,0,0,0,0,0,0,0,0
D4FYBcvVFz8,2023-02-06,-0.9965850114822388,1844.0,ABN,77.0,0.0,krishna.png,ch krishna Anjaneyulu,MEDIA,,1,0,0,0,0,0,0,0,0,0,0,0,0,0,0,0,0,0,0,0,0,0,0
nDANAfsPajE,2023-02-06,0.9706358909606934,1903.0,ABN,233.0,1.0,krishna.png,ch krishna Anjaneyulu,MEDIA,,0,0,0,1,0,0,0,0,0,0,0,1,0,0,0,0,0,0,0,0,0,0,0
vEro-hDnPWE,2023-02-06,0.9758208990097046,2426.0,ABN,231.0,0.0,krishna.png,ch krishna Anjaneyulu,MEDIA,,0,0,0,1,0,0,0,0,0,0,0,0,0,0,0,0,0,0,0,0,0,0,0
M_Ra-X8Cdpo,2023-02-06,0.9918758869171144,813.0,TV5,176.0,0.0,krishna.png,ch krishna Anjaneyulu,MEDIA,,0,0,0,0,0,0,0,0,0,0,0,0,0,0,0,0,0,0,0,0,0,0,0
gW8PI3xHq7M,2023-02-06,0.9844637513160706,6236.0,ABN,196.0,1.0,krishna.png,ch krishna Anjaneyulu,MEDIA,,1,0,0,0,0,0,0,0,0,0,0,1,0,0,0,0,0,0,1,0,1,0,0
_HXTRUqDNxM,2023-02-06,-0.996484398841858,7918.0,ABN,290.0,8.0,krishna.png,ch krishna Anjaneyulu,MEDIA,,0,1,0,0,0,0,0,0,0,0,0,1,0,0,0,0,0,1,0,0,0,0,0
BRT0ZwG3thU,2023-02-07,0.9906226992607116,606.0,TV5,175.0,0.0,krishna.png,ch krishna Anjaneyulu,MEDIA,,1,0,1,0,0,0,0,0,0,0,0,0,0,0,0,0,0,0,0,0,0,0,0
1olvu3If6xE,2023-02-08,0.9916030764579772,2625.0,ABN,440.0,0.0,krishna.png,ch krishna Anjaneyulu,MEDIA,,0,0,0,0,0,0,0,0,0,0,0,0,0,0,0,0,0,0,0,0,0,0,0
N2G9Oh7HXLY,2023-02-09,-0.9885185360908508,823.0,ABN,210.0,1.0,krishna.png,ch krishna Anjaneyulu,MEDIA,,0,1,1,0,1,0,0,1,0,0,0,0,1,0,0,0,0,0,0,0,0,0,0
s4M1BzMviMQ,2023-02-09,-0.9924282431602478,13693.0,TV9,362.0,38.0,krishna.png,ch krishna Anjaneyulu,MEDIA,,0,0,0,0,0,0,0,1,0,1,0,0,0,0,0,0,0,0,0,0,0,0,0
VYYIieUdnFI,2023-02-09,0.9883643388748168,123310.0,ABN,131.0,150.0,krishna.png,ch krishna Anjaneyulu,MEDIA,,0,1,1,0,0,0,0,1,0,0,0,0,0,0,0,0,0,0,1,0,1,0,0
5lf0AEOJw3Y,2023-02-09,-0.9979032278060912,594.0,ABN,300.0,0.0,krishna.png,ch krishna Anjaneyulu,MEDIA,,1,0,0,0,0,0,0,0,0,0,0,0,0,0,0,0,0,0,0,0,0,0,0
YSTieXXD_Hc,2023-02-09,-0.9943928718566896,5468.0,TV9,286.0,2.0,krishna.png,ch krishna Anjaneyulu,MEDIA,,0,0,0,0,0,0,0,1,0,0,0,0,0,0,0,0,0,0,0,0,0,0,0
mmsT_rThz8k,2023-02-09,-0.999329686164856,3549.0,ABN,175.0,5.0,krishna.png,ch krishna Anjaneyulu,MEDIA,,0,0,0,0,0,0,0,0,0,0,0,0,0,0,0,0,0,0,0,0,0,0,0
CEg6mTaWe_w,2023-02-10,0.9975569248199464,7005.0,TV9,183.0,2.0,krishna.png,ch krishna Anjaneyulu,MEDIA,,0,0,0,0,0,0,0,0,0,0,0,0,0,0,0,0,0,0,0,0,0,0,0
QRvXGRFjSy8,2023-02-11,0.997340738773346,3897.0,TV5,262.0,6.0,krishna.png,ch krishna Anjaneyulu,MEDIA,,1,1,1,0,0,0,0,0,1,0,0,0,0,0,0,0,0,0,0,0,0,0,0
_tX6IWn6VHk,2023-02-12,-0.9922186136245728,1179.0,TV5,525.0,8.0,krishna.png,ch krishna Anjaneyulu,MEDIA,,0,0,0,0,0,0,0,0,0,0,0,0,0,0,0,0,0,0,0,0,0,0,0
xspC8puuiD4,2023-02-13,0.9959906935691832,299331.0,TV9,267.0,270.0,krishna.png,ch krishna Anjaneyulu,MEDIA,,0,1,1,0,0,0,0,0,0,0,0,0,0,0,0,0,0,0,0,0,0,0,0
Nfmzs3bIpSQ,2023-02-13,-0.9994213581085204,1165.0,ABN,519.0,2.0,krishna.png,ch krishna Anjaneyulu,MEDIA,,0,0,0,0,0,0,0,0,0,0,0,0,0,0,0,0,0,0,0,0,0,0,0
BkVHLtwFMBU,2023-02-13,-0.9928257465362548,44475.0,ABN,390.0,44.0,krishna.png,ch krishna Anjaneyulu,MEDIA,,1,1,1,0,1,0,1,1,1,0,0,0,0,0,0,0,0,0,1,0,1,0,1
wJyEvwiNXLE,2023-02-13,-0.9910474419593812,3052.0,Sakshi,329.0,3.0,krishna.png,ch krishna Anjaneyulu,MEDIA,,1,1,1,1,1,1,1,1,1,1,1,0,1,1,0,0,0,0,1,1,1,1,0
i7TGG3rRCAQ,2023-02-13,-0.9976812601089478,16126.0,TV9,229.0,17.0,krishna.png,ch krishna Anjaneyulu,MEDIA,,0,0,0,0,1,0,0,0,0,0,0,0,0,0,0,0,0,0,0,0,0,0,0
xvzat4Jmywk,2023-02-13,-0.9977484345436096,1678.0,ABN,488.0,7.0,krishna.png,ch krishna Anjaneyulu,MEDIA,,0,0,0,0,0,0,0,0,0,0,0,0,0,0,0,0,0,0,0,0,0,0,0
kxtzZuCliO8,2023-02-13,-0.9942026734352112,50799.0,TV9,147.0,30.0,krishna.png,ch krishna Anjaneyulu,MEDIA,,0,0,0,0,0,0,0,0,0,0,0,0,0,0,0,0,0,0,0,0,0,0,1
qPFxj451CC8,2023-02-13,-0.9937964677810668,4269.0,TV9,314.0,4.0,krishna.png,ch krishna Anjaneyulu,MEDIA,,0,1,1,1,0,0,0,0,0,0,0,0,0,0,0,0,0,0,0,0,0,0,0
xdcfqK_RPj8,2023-02-13,0.9983845949172974,14804.0,TV9,146.0,27.0,krishna.png,ch krishna Anjaneyulu,MEDIA,,0,0,0,0,0,0,0,1,1,0,0,0,0,0,0,0,0,0,0,0,0,0,0
LPyvYJcgAY4,2023-02-13,-0.9981654286384584,21097.0,ABN,572.0,48.0,krishna.png,ch krishna Anjaneyulu,MEDIA,,0,0,0,0,0,0,0,1,0,0,0,0,0,0,0,0,0,0,0,0,0,0,0
H0ojtuRqSRc,2023-02-15,-0.9965975880622864,1758.0,TV9,493.0,0.0,krishna.png,ch krishna Anjaneyulu,MEDIA,,0,0,0,0,0,0,0,0,0,0,0,0,0,0,0,0,0,0,0,0,0,0,0
0NQh0XYVUro,2023-02-15,-0.998144268989563,982.0,TV9,85.0,0.0,krishna.png,ch krishna Anjaneyulu,MEDIA,,0,0,0,0,0,0,0,0,0,0,0,0,0,0,0,0,0,0,0,0,0,0,0
cIw4sxqSZRA,2023-02-16,-0.9942816495895386,9599.0,TV5,475.0,40.0,krishna.png,ch krishna Anjaneyulu,MEDIA,,0,0,0,0,0,0,0,0,0,0,0,0,0,0,0,0,0,0,0,0,0,0,0
Q4xbVvwLicM,2023-02-16,-0.9918455481529236,4865.0,TV5,540.0,7.0,krishna.png,ch krishna Anjaneyulu,MEDIA,,0,0,0,0,0,0,0,0,0,0,0,0,0,0,0,0,0,0,0,0,0,0,0
55jlLE_feGg,2023-02-19,0.9980478286743164,1544.0,TV9,197.0,0.0,krishna.png,ch krishna Anjaneyulu,MEDIA,,0,0,1,0,0,0,0,0,1,0,0,0,0,0,0,0,0,0,1,0,0,0,0
34qZE36Veus,2023-02-20,0.998397171497345,103827.0,TV9,298.0,131.0,krishna.png,ch krishna Anjaneyulu,MEDIA,,0,0,0,0,0,0,0,0,0,0,0,0,0,0,0,0,0,0,0,0,0,0,0
0jsCZKdQhTs,2023-02-20,0.9977203011512756,17780.0,TV9,95.0,7.0,krishna.png,ch krishna Anjaneyulu,MEDIA,,0,0,0,0,0,0,0,0,0,0,0,0,0,0,0,0,0,0,0,0,0,0,0
DPAk9Br4xtg,2023-02-20,0.9905057549476624,12780.0,TV9,407.0,2.0,krishna.png,ch krishna Anjaneyulu,MEDIA,,0,1,1,0,0,0,0,0,0,0,0,0,0,0,0,0,0,0,0,0,0,0,0
SchIv-RFB80,2023-02-20,-0.9927617907524108,8163.0,TV9,261.0,14.0,krishna.png,ch krishna Anjaneyulu,MEDIA,,0,0,0,0,0,0,0,0,0,0,0,0,0,0,0,0,0,0,0,0,0,0,0
tTBrS8B1W7Y,2023-02-20,-0.994392454624176,11905.0,TV9,260.0,42.0,krishna.png,ch krishna Anjaneyulu,MEDIA,,0,0,0,0,0,0,0,0,0,0,0,0,0,0,0,0,0,0,0,0,0,0,0
hfN8gvp3mQM,2023-02-20,-0.9774417281150818,222956.0,TV9,302.0,360.0,krishna.png,ch krishna Anjaneyulu,MEDIA,,0,0,0,0,0,0,0,0,0,0,0,0,0,0,0,0,0,0,0,0,0,0,0
uFpF-Cajgj8,2023-02-20,-0.9974728226661682,10633.0,TV9,248.0,26.0,krishna.png,ch krishna Anjaneyulu,MEDIA,,0,0,0,0,0,0,0,0,0,0,0,0,0,0,0,0,0,0,0,0,0,0,0
3_jsh2TyUU4,2023-02-21,0.9886183738708496,2508.0,TV9,467.0,10.0,krishna.png,ch krishna Anjaneyulu,MEDIA,,0,0,0,0,0,0,0,0,0,0,0,0,0,0,0,0,0,0,0,0,0,0,0
D_zvNZs2_TA,2023-02-21,0.9797397255897522,3870.0,TV9,183.0,1.0,krishna.png,ch krishna Anjaneyulu,MEDIA,,0,0,1,0,0,0,0,0,0,0,0,0,0,0,0,0,0,0,1,0,0,0,0
JLrHtWSqSHI,2023-02-22,-0.9986274242401124,6559.0,TV9,292.0,2.0,krishna.png,ch krishna Anjaneyulu,MEDIA,,0,0,0,1,0,0,0,0,0,0,0,0,0,0,0,0,0,0,1,0,0,0,0
SAANCoVpuCg,2023-02-23,-0.9979177117347716,37225.0,TV9,186.0,11.0,krishna.png,ch krishna Anjaneyulu,MEDIA,,1,0,0,0,0,0,0,1,0,0,0,0,0,0,0,0,0,0,0,0,0,0,0
uZntNgHOzmo,2023-02-26,0.998412013053894,592.0,TV5,87.0,0.0,krishna.png,ch krishna Anjaneyulu,MEDIA,,0,0,0,0,0,0,0,0,1,0,0,0,0,0,0,0,1,1,1,0,0,1,0
1sXxa5f1Ra8,2023-02-28,0.9982240796089172,1127.0,TV9,56.0,0.0,krishna.png,ch krishna Anjaneyulu,MEDIA,,0,0,0,1,0,0,0,0,0,0,0,0,0,0,0,0,0,0,1,0,0,0,0
84IItgoWD8M,2023-03-01,0.998242735862732,1421.0,TV5,189.0,0.0,krishna.png,ch krishna Anjaneyulu,MEDIA,,1,1,1,0,0,0,0,0,1,0,0,0,0,0,0,0,0,0,0,0,0,0,0
hE6DYm63GTw,2023-03-04,-0.9977648258209229,2101.0,TV9,312.0,1.0,krishna.png,ch krishna Anjaneyulu,MEDIA,,0,0,0,0,0,0,0,0,0,0,0,0,0,0,0,0,0,0,0,0,0,0,0
dZmzmGkFy6I,2023-03-04,-0.9965558052062988,5262.0,TV9,161.0,3.0,krishna.png,ch krishna Anjaneyulu,MEDIA,,0,0,0,1,0,0,0,0,0,0,0,0,0,0,0,0,0,0,0,0,0,0,0
wrotWAjsgUw,2023-03-04,-0.99840646982193,1490.0,TV9,313.0,0.0,krishna.png,ch krishna Anjaneyulu,MEDIA,,0,0,0,0,0,0,0,0,0,0,0,0,0,0,0,0,0,0,0,0,0,0,0
pcvkmFlKuYw,2023-03-06,-0.9888051748275756,837.0,TV9,301.0,2.0,krishna.png,ch krishna Anjaneyulu,MEDIA,,0,1,1,0,0,0,0,0,0,0,0,0,0,0,0,0,0,0,0,0,0,0,0
opl261js_3w,2023-03-08,-0.9606804847717284,4060.0,TV9,333.0,18.0,krishna.png,ch krishna Anjaneyulu,MEDIA,,0,0,0,0,0,0,0,0,0,0,0,0,0,0,0,0,0,0,0,0,0,0,0
7m6TvT4p43k,2023-03-08,0.99674654006958,375.0,TV9,314.0,0.0,krishna.png,ch krishna Anjaneyulu,MEDIA,,0,0,1,1,0,0,0,0,1,0,0,0,0,0,0,0,0,0,1,0,0,0,0
rtarfNAMC-M,2023-03-10,0.9803873896598816,2248.0,TV9,336.0,5.0,krishna.png,ch krishna Anjaneyulu,MEDIA,,0,0,1,0,0,0,0,0,0,0,0,0,0,0,0,0,0,0,1,0,0,0,0
WuJIFX3bQX0,2023-03-13,-0.9835447669029236,27484.0,TV9,315.0,14.0,krishna.png,ch krishna Anjaneyulu,MEDIA,,0,1,1,0,0,0,1,1,0,0,0,0,1,0,1,0,0,0,1,0,0,0,0
OVH_MO3XLmM,2023-03-13,-0.9933096170425416,17445.0,TV9,196.0,52.0,krishna.png,ch krishna Anjaneyulu,MEDIA,,0,1,1,1,0,0,1,0,0,0,0,0,0,0,0,0,0,0,0,0,0,0,0
fEauf2r7oUs,2023-03-13,-0.9993420243263244,34434.0,TV5,215.0,115.0,krishna.png,ch krishna Anjaneyulu,MEDIA,,0,0,0,0,1,0,0,0,0,0,0,0,0,0,0,0,0,0,0,0,0,0,0
Ra9E1BAdUcM,2023-03-13,-0.9941192865371704,9950.0,TV5,175.0,30.0,krishna.png,ch krishna Anjaneyulu,MEDIA,,0,1,1,0,1,0,0,0,0,0,0,1,1,0,0,0,0,0,1,0,0,0,0
Ue-9nC-RphE,2023-03-13,0.58135586977005,5798.0,TV5,355.0,21.0,krishna.png,ch krishna Anjaneyulu,MEDIA,,0,0,0,0,0,0,0,1,0,0,0,0,1,0,0,0,0,0,0,0,0,0,0
iONnl5992Mg,2023-03-13,0.9884963035583496,3373.0,TV5,260.0,13.0,krishna.png,ch krishna Anjaneyulu,MEDIA,,0,1,1,0,1,0,0,1,0,0,0,1,1,0,0,0,0,0,0,0,0,0,0
m2T0uwu44Ao,2023-03-13,-0.9992941617965698,1938.0,TV5,340.0,5.0,krishna.png,ch krishna Anjaneyulu,MEDIA,,0,0,0,0,0,0,0,0,0,0,0,0,0,0,0,0,0,0,0,0,0,0,0
bx71oH6Gilc,2023-03-13,-0.9968860745429992,2535.0,TV5,315.0,8.0,krishna.png,ch krishna Anjaneyulu,MEDIA,,0,1,1,0,1,0,0,0,0,0,0,1,1,0,1,0,0,0,0,0,0,0,0
4Mrj-fZ4CjI,2023-03-16,-0.9904604554176332,5247.0,TV9,298.0,24.0,krishna.png,ch krishna Anjaneyulu,MEDIA,,0,0,0,0,0,0,0,0,0,0,0,0,0,0,0,0,0,0,0,0,0,0,0
kMQ-M4snoV0,2023-03-17,-0.9969037175178528,15682.0,TV5,315.0,26.0,krishna.png,ch krishna Anjaneyulu,MEDIA,,0,1,1,0,0,0,0,1,0,0,0,0,0,0,0,0,0,0,0,0,0,0,0
mIP-qVv0TkY,2023-03-17,-0.98966646194458,6836.0,TV5,95.0,3.0,krishna.png,ch krishna Anjaneyulu,MEDIA,,1,1,1,0,0,0,0,0,1,1,1,0,0,0,0,0,0,0,1,0,1,1,0
zzJNJzKJmvE,2023-03-17,-0.9897055625915528,21672.0,TV5,265.0,23.0,krishna.png,ch krishna Anjaneyulu,MEDIA,,0,0,0,0,0,0,0,0,0,0,0,0,0,0,0,0,0,0,0,0,0,0,0
flsuHjAAYZw,2023-03-18,0.995122730731964,162556.0,TV9,219.0,9.0,krishna.png,ch krishna Anjaneyulu,MEDIA,,0,0,0,0,0,0,0,0,0,0,0,0,0,0,0,0,0,0,0,0,0,0,0
k9PBMqTBWl4,2023-03-19,0.997254192829132,4174.0,TV5,229.0,2.0,krishna.png,ch krishna Anjaneyulu,MEDIA,,0,0,0,0,0,0,0,0,0,0,0,0,0,0,0,0,0,0,0,0,0,0,0
lm1xL9-yxJw,2023-03-21,0.9883939027786256,12656.0,TV9,312.0,29.0,krishna.png,ch krishna Anjaneyulu,MEDIA,,0,0,0,0,0,0,1,1,0,0,0,0,1,0,0,0,0,0,0,0,0,0,0
hwxDIDJZbKo,2023-03-21,0.998812198638916,1001.0,ABN,245.0,1.0,krishna.png,ch krishna Anjaneyulu,MEDIA,,0,0,0,0,0,0,0,0,0,0,0,0,0,0,0,0,0,0,0,0,0,0,0
TR4a8mDhEf4,2023-03-23,0.9986224174499512,87117.0,TV5,305.0,130.0,krishna.png,ch krishna Anjaneyulu,MEDIA,,1,1,1,1,1,1,0,0,1,1,1,1,1,0,1,1,1,0,1,0,1,1,0
CpkCQ3wH2qg,2023-03-24,-0.9982826709747314,1972.0,ABN,256.0,0.0,krishna.png,ch krishna Anjaneyulu,MEDIA,,0,1,1,0,0,0,0,1,0,0,0,0,0,0,0,0,0,0,0,0,0,0,0
dIiwaHtr0_s,2023-03-25,-0.9993921518325806,1244.0,TV9,270.0,19.0,krishna.png,ch krishna Anjaneyulu,MEDIA,,0,0,0,0,0,0,0,0,0,0,0,0,0,0,0,0,0,0,0,0,0,0,0
Gl6cih3faJs,2023-03-25,0.9951798915863036,1227.0,TV9,222.0,5.0,krishna.png,ch krishna Anjaneyulu,MEDIA,,0,0,0,0,0,0,0,0,0,0,0,0,0,0,0,0,0,0,1,0,1,0,0
YVd4LCwPBh4,2023-03-26,-0.9927486777305604,728.0,TV5,305.0,2.0,krishna.png,ch krishna Anjaneyulu,MEDIA,,0,0,0,0,0,0,0,0,0,0,0,0,0,0,0,0,0,1,0,0,0,0,0
FSNGFncLt9U,2023-03-27,0.9980387091636658,1643.0,TV9,98.0,0.0,krishna.png,ch krishna Anjaneyulu,MEDIA,,0,0,0,0,0,0,0,0,0,0,0,0,0,0,0,0,0,0,1,0,0,0,0
tQ2KitORYXU,2023-03-27,-0.9969727993011476,85698.0,ABN,295.0,81.0,krishna.png,ch krishna Anjaneyulu,MEDIA,,0,0,0,0,0,0,0,0,0,0,0,0,0,0,0,0,0,0,0,0,0,0,0
t24sB3Gu7FM,2023-03-28,-0.9985431432724,13706.0,TV5,350.0,15.0,krishna.png,ch krishna Anjaneyulu,MEDIA,,0,1,1,0,0,1,0,1,0,1,1,0,0,0,0,0,0,0,0,1,0,0,0
6nfIFEEzRME,2023-03-30,-0.990327775478363,4253.0,TV5,310.0,2.0,krishna.png,ch krishna Anjaneyulu,MEDIA,,1,1,1,1,1,1,0,0,0,0,0,0,0,0,0,0,0,0,0,0,0,0,0
eiRcGt0IyXA,2023-03-31,-0.9154496192932128,828.0,TV5,355.0,0.0,krishna.png,ch krishna Anjaneyulu,MEDIA,,0,0,0,0,0,0,0,0,0,0,0,0,0,0,0,0,0,0,0,0,0,0,1
7ciTTxw--vQ,2023-04-01,-0.9986556768417358,1521.0,TV9,358.0,1.0,krishna.png,ch krishna Anjaneyulu,MEDIA,,1,0,0,1,0,1,0,0,0,0,0,0,1,0,0,0,0,0,0,0,0,0,0
deYzOMeBWPc,2023-04-03,-0.9988940358161926,956.0,TV9,168.0,0.0,krishna.png,ch krishna Anjaneyulu,MEDIA,,0,0,1,1,0,0,0,0,0,0,0,0,0,0,0,0,0,0,0,0,0,0,0
rYZmE-rWdEs,2023-04-03,-0.9913523197174072,3853.0,TV9,124.0,6.0,krishna.png,ch krishna Anjaneyulu,MEDIA,,1,0,0,0,0,0,0,1,0,0,0,0,0,0,0,0,0,0,0,0,0,0,0
gyBtNQFzOxA,2023-04-04,0.9959254264831544,1292.0,TV9,100.0,1.0,krishna.png,ch krishna Anjaneyulu,MEDIA,,0,0,0,0,0,0,0,0,0,0,0,0,0,0,0,0,0,0,0,0,0,0,0
o4Zh78Jylkk,2023-04-04,-0.9984729886054992,4209.0,TV9,303.0,7.0,krishna.png,ch krishna Anjaneyulu,MEDIA,,0,0,0,0,0,0,0,0,0,0,0,0,0,0,0,0,0,0,0,0,0,0,0
qEnM6XAVqTk,2023-04-05,-0.9934535026550292,5154.0,TV9,205.0,8.0,krishna.png,ch krishna Anjaneyulu,MEDIA,,0,0,0,1,0,0,0,0,0,0,0,0,0,0,0,0,0,1,0,0,0,0,0
YGZAyKfSML4,2023-04-06,-0.9723610281944276,2257.0,TV9,182.0,3.0,krishna.png,ch krishna Anjaneyulu,MEDIA,,1,1,1,1,0,0,1,0,0,0,1,0,0,0,0,0,0,0,0,0,1,1,0
rFOjmAV-aPA,2023-04-06,-0.995419144630432,2034.0,ABN,242.0,8.0,krishna.png,ch krishna Anjaneyulu,MEDIA,,0,0,0,0,0,0,0,0,0,0,0,0,0,0,0,0,0,0,1,0,0,0,1
HH702dsS2eU,2023-04-06,-0.998854160308838,832.0,TV9,163.0,0.0,krishna.png,ch krishna Anjaneyulu,MEDIA,,0,0,0,0,0,0,0,0,0,0,0,0,0,0,0,0,0,0,0,0,0,0,0
ajRKTgmb1ro,2023-04-07,0.9985256791114808,2026.0,TV9,230.0,3.0,krishna.png,ch krishna Anjaneyulu,MEDIA,,0,0,0,0,0,0,0,0,0,0,0,0,0,0,0,0,0,0,0,0,0,0,0
k8rFeBz-EO0,2023-04-07,-0.982823371887207,1661.0,TV9,194.0,4.0,krishna.png,ch krishna Anjaneyulu,MEDIA,,0,0,0,1,0,0,0,0,0,0,0,0,0,0,0,0,0,0,0,0,0,0,0
sMJi4Jsb218,2023-04-08,-0.989944875240326,4908.0,TV5,330.0,14.0,krishna.png,ch krishna Anjaneyulu,MEDIA,,0,0,1,1,1,0,0,1,0,0,0,1,0,0,0,0,0,0,0,0,0,0,0
HYByDrF9f00,2023-04-08,-0.9985456466674804,480.0,TV9,272.0,1.0,krishna.png,ch krishna Anjaneyulu,MEDIA,,0,0,0,1,0,0,0,0,0,0,0,0,0,0,0,0,0,0,0,0,0,0,1
liEImzLuxTM,2023-04-09,0.96318119764328,3035.0,TV9,208.0,5.0,krishna.png,ch krishna Anjaneyulu,MEDIA,,1,0,0,0,0,0,1,1,0,0,0,0,1,0,0,0,0,0,1,0,1,1,0
JIORkgiScQw,2023-04-11,0.9939633011817932,890.0,TV5,310.0,0.0,krishna.png,ch krishna Anjaneyulu,MEDIA,,0,0,0,0,0,0,0,0,0,0,0,0,1,0,0,0,0,0,0,0,0,0,0
gmW-PdGnJ5w,2023-04-11,0.9985918402671814,820.0,TV5,305.0,2.0,krishna.png,ch krishna Anjaneyulu,MEDIA,,0,0,1,1,0,0,0,1,0,0,0,0,0,0,1,1,0,0,0,0,0,0,0
9m6-l3KHTOs,2023-04-12,0.9900924563407898,3409.0,TV9,308.0,9.0,krishna.png,ch krishna Anjaneyulu,MEDIA,,1,1,1,1,0,1,1,0,0,0,0,0,0,0,0,0,0,0,0,0,0,0,0
gUUE8Eas4G8,2023-04-14,-0.9883716702461244,1064.0,TV9,273.0,2.0,krishna.png,ch krishna Anjaneyulu,MEDIA,,0,0,0,0,0,0,0,0,0,0,0,0,0,0,0,0,0,0,0,0,0,0,0
ubZ7kFxDyb0,2023-04-14,-0.997821569442749,1425.0,TV5,340.0,4.0,krishna.png,ch krishna Anjaneyulu,MEDIA,,0,0,0,0,1,0,0,0,0,0,0,0,0,0,1,1,0,1,0,0,0,0,0
vtH90RIwVJ4,2023-04-20,-0.9988314509391784,2267.0,TV5,128.0,4.0,krishna.png,ch krishna Anjaneyulu,MEDIA,,0,1,1,0,1,0,0,1,0,0,0,0,0,0,0,0,0,0,0,0,0,0,0
Bmq_NMVnfyE,2023-04-21,-0.9972374439239502,19392.0,TV9,315.0,53.0,krishna.png,ch krishna Anjaneyulu,MEDIA,,1,1,1,0,0,1,1,0,0,0,0,0,1,1,0,1,0,0,1,0,0,0,0
