ids,upload_date,sentiment,view_count,uploader,duration,comment_count,f_id,name,party,constituency,tdp,ycp,ysrcp,schemes,cm jagan,chandrababu,pawan kalyan,nara lokesh,raghurama ,AP ,yuvagalam,alliance,polavaram,byreddy siddharth reddy,Kakani,roja,yuvashakti,tadepalli,suprem court,perni nani ,ap development,tadipatri
K2wmFLxX08M,2019-12-21,0.9982333183288574,262.0,Sakshi,112.0,0.0,kakinada_city.png,Dwarampudi Chandrasekhar Reddy,YSRCP,Kakinada_city,0,0,0,0,0,0,0,0,0,0,0,0,0,0,0,0,0,0,0,0,0,0
3udnOhmQnTY,2019-12-21,0.9985583424568176,638.0,Sakshi,201.0,1.0,kakinada_city.png,Dwarampudi Chandrasekhar Reddy,YSRCP,Kakinada_city,0,1,1,1,1,1,0,0,0,0,0,1,0,0,1,0,0,0,0,0,1,0
DdmZGCsKHNg,2019-12-26,0.9985826015472412,2283.0,Sakshi,268.0,19.0,kakinada_city.png,Dwarampudi Chandrasekhar Reddy,YSRCP,Kakinada_city,0,1,1,0,1,0,0,0,0,1,1,0,0,0,0,1,1,0,1,0,1,0
MMBoQnwWKWE,2021-02-20,0.9963204860687256,713.0,Sakshi,196.0,2.0,kakinada_city.png,Dwarampudi Chandrasekhar Reddy,YSRCP,Kakinada_city,0,1,1,0,1,0,0,0,0,0,1,0,0,0,0,0,1,0,0,0,0,0
pI-kba2IkFU,2021-12-06,-0.991297721862793,6102.0,Sakshi,309.0,16.0,kakinada_city.png,Dwarampudi Chandrasekhar Reddy,YSRCP,Kakinada_city,0,0,0,1,0,1,0,0,0,0,0,0,0,0,0,0,0,0,0,0,0,0
pCodEgOjcmE,2021-12-17,0.9980689883232116,27027.0,Sakshi,70.0,64.0,kakinada_city.png,Dwarampudi Chandrasekhar Reddy,YSRCP,Kakinada_city,0,0,0,0,0,0,0,0,0,0,0,0,0,0,0,0,0,0,0,1,0,0
4tkNoYn-kS0,2021-12-17,0.998431384563446,9977.0,Sakshi,265.0,26.0,kakinada_city.png,Dwarampudi Chandrasekhar Reddy,YSRCP,Kakinada_city,0,1,1,0,1,0,0,0,0,0,0,0,0,0,0,0,1,0,1,0,1,0
Lb9eQycwO9k,2021-12-28,-0.9980090260505676,14995.0,Sakshi,256.0,64.0,kakinada_city.png,Dwarampudi Chandrasekhar Reddy,YSRCP,Kakinada_city,0,0,0,1,0,0,0,0,0,0,0,0,0,0,0,0,0,0,0,1,1,0
7mEZjLQhKQc,2022-02-10,0.998143434524536,14680.0,Sakshi,358.0,13.0,kakinada_city.png,Dwarampudi Chandrasekhar Reddy,YSRCP,Kakinada_city,1,1,1,1,1,0,0,0,0,0,0,1,0,0,0,0,0,0,1,1,1,0
MGRA5zdnzT8,2022-02-19,-0.9018036127090454,51185.0,Sakshi,445.0,132.0,kakinada_city.png,Dwarampudi Chandrasekhar Reddy,YSRCP,Kakinada_city,0,0,0,0,0,0,0,1,0,0,0,0,0,0,0,0,0,0,0,0,0,0
yEDxFtgjVdE,2022-02-19,-0.9984134435653688,26895.0,Sakshi,217.0,98.0,kakinada_city.png,Dwarampudi Chandrasekhar Reddy,YSRCP,Kakinada_city,1,0,1,1,0,1,0,1,0,0,0,1,0,0,0,0,1,0,1,0,0,0
rcsiTrg9d4g,2022-02-20,-0.9994491934776306,86783.0,Sakshi,370.0,184.0,kakinada_city.png,Dwarampudi Chandrasekhar Reddy,YSRCP,Kakinada_city,0,1,1,0,0,1,0,1,0,0,0,1,0,1,0,0,1,0,1,0,1,1
s1N4Gr5k46o,2022-02-20,0.9843377470970154,18592.0,Sakshi,229.0,30.0,kakinada_city.png,Dwarampudi Chandrasekhar Reddy,YSRCP,Kakinada_city,0,0,0,1,0,0,0,1,0,0,0,0,0,1,0,0,1,0,0,0,0,0
KB0n-V_pucc,2022-02-20,-0.9985584616661072,21217.0,Sakshi,173.0,51.0,kakinada_city.png,Dwarampudi Chandrasekhar Reddy,YSRCP,Kakinada_city,0,0,0,1,0,1,0,1,0,0,0,0,0,0,0,0,1,0,0,0,0,0
uRxEfl-dbzY,2022-02-20,-0.996707558631897,16916.0,Sakshi,108.0,28.0,kakinada_city.png,Dwarampudi Chandrasekhar Reddy,YSRCP,Kakinada_city,1,0,0,0,0,0,0,1,0,0,0,0,0,0,0,0,0,0,0,0,0,1
68L3yGAQMt0,2022-03-01,0.9950504899024964,3950.0,Sakshi,210.0,14.0,kakinada_city.png,Dwarampudi Chandrasekhar Reddy,YSRCP,Kakinada_city,0,0,0,0,1,0,0,0,0,0,0,1,0,0,0,1,1,0,1,0,1,1
9KaNLRK2AYg,2022-03-12,0.9986180067062378,4463.0,Sakshi,129.0,7.0,kakinada_city.png,Dwarampudi Chandrasekhar Reddy,YSRCP,Kakinada_city,0,1,1,0,0,0,0,0,0,0,0,0,0,0,0,0,0,1,1,0,1,1
-n84XSSeeJY,2022-03-12,0.998387336730957,2619.0,Sakshi,195.0,3.0,kakinada_city.png,Dwarampudi Chandrasekhar Reddy,YSRCP,Kakinada_city,0,1,1,0,0,0,0,0,0,0,0,0,0,0,0,0,0,0,0,0,1,0
Nx6uPx2_wBI,2022-03-24,-0.993051290512085,929769.0,Sakshi,493.0,753.0,kakinada_city.png,Dwarampudi Chandrasekhar Reddy,YSRCP,Kakinada_city,0,0,0,0,0,1,0,0,0,0,0,0,0,0,0,0,0,0,0,0,0,0
X0nG0akwTtA,2022-03-30,0.9983034133911132,5999.0,Sakshi,138.0,13.0,kakinada_city.png,Dwarampudi Chandrasekhar Reddy,YSRCP,Kakinada_city,0,0,0,0,0,0,0,0,0,0,0,0,0,0,0,0,0,0,0,0,0,0
aDmtGZaBHPA,2022-04-05,-0.996810495853424,36146.0,Sakshi,279.0,70.0,kakinada_city.png,Dwarampudi Chandrasekhar Reddy,YSRCP,Kakinada_city,0,1,1,1,0,0,0,0,0,1,0,1,0,0,0,0,1,0,1,1,1,0
lYahkyijyDY,2022-04-29,-0.9987391829490662,427181.0,Sakshi,203.0,0.0,kakinada_city.png,Dwarampudi Chandrasekhar Reddy,YSRCP,Kakinada_city,0,0,0,1,1,0,0,0,0,0,0,0,0,0,0,0,1,0,0,1,0,0
yCEgwp8bvpM,2022-05-07,-0.999368131160736,70108.0,Sakshi,225.0,261.0,kakinada_city.png,Dwarampudi Chandrasekhar Reddy,YSRCP,Kakinada_city,0,0,1,1,1,1,1,0,0,0,0,1,0,0,0,0,0,0,0,0,0,0
LvTsZ8KgBdc,2022-05-07,0.9742631316184998,44498.0,Sakshi,118.0,150.0,kakinada_city.png,Dwarampudi Chandrasekhar Reddy,YSRCP,Kakinada_city,0,1,1,1,1,1,0,0,0,0,0,0,0,1,1,0,0,0,1,0,0,0
vWHQpqpY_B4,2022-05-07,0.9620330929756165,121057.0,Sakshi,198.0,314.0,kakinada_city.png,Dwarampudi Chandrasekhar Reddy,YSRCP,Kakinada_city,0,1,1,1,1,1,0,0,0,0,0,0,0,1,1,0,0,0,0,0,0,0
TRQF7zdKhlA,2022-05-07,-0.994038224220276,6539.0,Sakshi,115.0,38.0,kakinada_city.png,Dwarampudi Chandrasekhar Reddy,YSRCP,Kakinada_city,0,0,1,1,1,1,0,0,0,0,0,0,0,0,1,0,0,0,0,0,0,0
RLRa3ge41XQ,2022-05-13,0.9979191422462464,11651.0,Sakshi,204.0,56.0,kakinada_city.png,Dwarampudi Chandrasekhar Reddy,YSRCP,Kakinada_city,0,1,1,1,1,1,0,0,0,0,0,1,0,0,0,0,1,0,1,0,1,1
3l6f1pV6_5o,2022-05-14,0.9983406066894532,19364.0,Sakshi,313.0,15.0,kakinada_city.png,Dwarampudi Chandrasekhar Reddy,YSRCP,Kakinada_city,0,0,0,1,1,0,0,0,0,1,0,1,0,0,0,1,1,0,0,0,1,0
n2Yynydf1H8,2022-05-17,0.9975357055664062,4011.0,Sakshi,199.0,18.0,kakinada_city.png,Dwarampudi Chandrasekhar Reddy,YSRCP,Kakinada_city,0,1,1,1,1,1,0,0,0,0,0,0,0,0,0,0,0,0,0,0,1,0
vziMwQTUHgE,2022-05-20,0.9971075654029846,83714.0,Sakshi,278.0,158.0,kakinada_city.png,Dwarampudi Chandrasekhar Reddy,YSRCP,Kakinada_city,0,1,1,1,1,0,0,0,0,1,0,0,0,0,0,0,0,0,0,0,0,0
XUyW7Gm_eRY,2022-06-17,-0.9982548356056212,12186.0,Sakshi,217.0,45.0,kakinada_city.png,Dwarampudi Chandrasekhar Reddy,YSRCP,Kakinada_city,1,1,1,1,1,1,0,0,0,0,0,0,0,0,1,0,0,1,0,0,1,1
bRQnf4pNvD0,2022-06-26,0.9939881563186646,4595.0,Sakshi,288.0,4.0,kakinada_city.png,Dwarampudi Chandrasekhar Reddy,YSRCP,Kakinada_city,0,1,1,0,0,0,0,0,0,0,0,0,0,0,0,0,0,0,0,0,0,0
zzIGymDuvrk,2022-08-30,-0.9889609217643738,15619.0,Sakshi,585.0,16.0,kakinada_city.png,Dwarampudi Chandrasekhar Reddy,YSRCP,Kakinada_city,0,0,0,0,1,0,0,0,0,0,0,0,0,0,0,0,0,0,0,0,0,0
4EwpmoAw7pU,2022-08-31,0.9890843033790588,86392.0,TV5,413.0,126.0,kakinada_city.png,Dwarampudi Chandrasekhar Reddy,YSRCP,Kakinada_city,0,0,0,0,0,0,0,0,0,1,0,0,0,0,0,0,0,0,0,0,0,0
gw8XDlJPujw,2022-09-02,0.9985161423683168,9390.0,Sakshi,363.0,23.0,kakinada_city.png,Dwarampudi Chandrasekhar Reddy,YSRCP,Kakinada_city,0,0,0,0,1,0,0,0,0,0,0,0,0,0,0,0,0,0,0,1,0,0
bdFGJh1Mqug,2022-09-02,0.9984367489814758,2180.0,Sakshi,123.0,2.0,kakinada_city.png,Dwarampudi Chandrasekhar Reddy,YSRCP,Kakinada_city,0,0,0,0,1,0,0,0,0,0,0,0,0,0,0,0,0,0,0,0,0,0
wL4ry_HXFlQ,2022-09-09,0.9983903169631958,2075.0,TV5,260.0,1.0,kakinada_city.png,Dwarampudi Chandrasekhar Reddy,YSRCP,Kakinada_city,1,0,0,0,0,0,0,0,0,0,0,0,0,0,0,0,0,0,0,0,0,0
p5xUe3blhNo,2022-09-09,0.9982362985610962,1941.0,TV5,92.0,1.0,kakinada_city.png,Dwarampudi Chandrasekhar Reddy,YSRCP,Kakinada_city,1,0,0,0,0,1,0,0,0,1,0,0,0,0,0,0,0,0,0,0,0,0
xupBxr0BdOs,2022-09-09,-0.986922025680542,1516.0,TV5,399.0,0.0,kakinada_city.png,Dwarampudi Chandrasekhar Reddy,YSRCP,Kakinada_city,1,0,0,1,0,0,0,0,0,0,0,0,0,0,0,0,0,0,0,0,0,0
-b3XJoa8azQ,2022-09-13,0.9531827569007874,37064.0,Sakshi,524.0,45.0,kakinada_city.png,Dwarampudi Chandrasekhar Reddy,YSRCP,Kakinada_city,0,0,0,0,0,1,0,0,0,0,0,0,0,0,0,0,0,0,0,0,0,0
RWYnnuuTmwk,2022-09-13,-0.9977856874465942,2352.0,Sakshi,265.0,2.0,kakinada_city.png,Dwarampudi Chandrasekhar Reddy,YSRCP,Kakinada_city,1,1,1,1,0,1,0,0,0,0,1,1,1,1,0,1,1,1,1,0,1,1
uJWdKx0CP38,2022-09-13,-0.9795459508895874,2763.0,Sakshi,264.0,4.0,kakinada_city.png,Dwarampudi Chandrasekhar Reddy,YSRCP,Kakinada_city,0,0,1,0,0,1,0,0,0,0,0,0,0,1,0,0,0,0,1,0,0,1
zxGC4G-JsjE,2022-09-17,0.9985426664352416,1208.0,TV5,295.0,1.0,kakinada_city.png,Dwarampudi Chandrasekhar Reddy,YSRCP,Kakinada_city,1,0,1,0,1,0,0,0,0,0,0,0,0,0,0,0,0,0,1,0,1,0
ppOPY8LVg_g,2022-09-27,-0.998040497303009,24730.0,TV5,285.0,62.0,kakinada_city.png,Dwarampudi Chandrasekhar Reddy,YSRCP,Kakinada_city,1,1,1,1,0,0,0,0,1,0,0,0,0,0,0,0,0,0,0,0,0,0
Vhi441ROJAI,2022-10-12,-0.9971006512641908,343.0,ABN,165.0,3.0,kakinada_city.png,Dwarampudi Chandrasekhar Reddy,YSRCP,Kakinada_city,0,0,0,0,0,0,0,0,0,0,0,0,0,0,0,0,0,0,0,0,0,0
kkQpAIFFMc8,2022-10-23,0.9983518123626708,690.0,TV5,207.0,1.0,kakinada_city.png,Dwarampudi Chandrasekhar Reddy,YSRCP,Kakinada_city,0,0,0,0,0,0,0,0,0,0,0,0,0,0,0,0,0,0,0,0,0,0
rLkeaXyvy7g,2022-10-23,0.9940044283866882,56961.0,Sakshi,236.0,83.0,kakinada_city.png,Dwarampudi Chandrasekhar Reddy,YSRCP,Kakinada_city,1,0,0,0,0,0,0,0,0,0,0,0,0,0,0,0,1,0,0,0,0,0
M6It_wehh74,2022-10-23,0.9952147006988524,14063.0,Sakshi,273.0,89.0,kakinada_city.png,Dwarampudi Chandrasekhar Reddy,YSRCP,Kakinada_city,0,0,0,1,0,1,0,0,0,1,0,0,0,1,1,0,0,0,1,0,1,1
yv-cZszrzJI,2022-10-31,-0.9962409734725952,316.0,ABN,405.0,0.0,kakinada_city.png,Dwarampudi Chandrasekhar Reddy,YSRCP,Kakinada_city,0,0,0,0,0,0,0,0,0,0,0,0,0,0,0,0,0,0,0,0,0,0
is5ycpPOmJM,2022-10-31,-0.9981749057769777,2211.0,ABN,239.0,0.0,kakinada_city.png,Dwarampudi Chandrasekhar Reddy,YSRCP,Kakinada_city,1,0,1,0,0,0,0,0,0,0,0,1,0,0,0,0,1,1,0,0,1,0
DUdgJOu-eXo,2022-11-02,0.9909560084342957,1212.0,Sakshi,211.0,6.0,kakinada_city.png,Dwarampudi Chandrasekhar Reddy,YSRCP,Kakinada_city,0,0,0,0,0,1,0,0,0,0,0,0,0,0,0,0,0,0,0,0,1,0
FoNZ9vcSpXg,2022-11-09,-0.9980195760726928,640.0,ABN,406.0,0.0,kakinada_city.png,Dwarampudi Chandrasekhar Reddy,YSRCP,Kakinada_city,0,0,0,0,0,0,0,0,0,0,0,0,0,0,0,0,0,0,0,0,0,0
5dNngVWL6DY,2022-11-15,-0.9905872941017152,6218.0,Sakshi,81.0,19.0,kakinada_city.png,Dwarampudi Chandrasekhar Reddy,YSRCP,Kakinada_city,0,1,1,0,1,1,1,0,0,0,0,0,0,1,0,0,0,0,0,0,1,0
QKoPRvXnyJw,2022-11-19,-0.9842568039894104,1941.0,TV9,354.0,0.0,kakinada_city.png,Dwarampudi Chandrasekhar Reddy,YSRCP,Kakinada_city,0,0,0,1,0,0,0,0,0,0,0,0,0,0,0,0,0,0,1,0,0,0
dxprd_cmBks,2022-11-21,0.9845284819602966,3785.0,Sakshi,192.0,10.0,kakinada_city.png,Dwarampudi Chandrasekhar Reddy,YSRCP,Kakinada_city,0,0,1,0,0,1,0,0,0,0,0,0,0,0,0,0,0,0,0,0,0,1
EgjaU6owZC8,2022-11-23,-0.9761061072349548,5227.0,TV9,266.0,10.0,kakinada_city.png,Dwarampudi Chandrasekhar Reddy,YSRCP,Kakinada_city,0,0,0,0,0,0,0,0,0,0,0,0,0,0,0,0,0,0,0,0,0,0
Y4lXU9a9Xcw,2022-11-23,-0.9981472492218018,905.0,Sakshi,275.0,0.0,kakinada_city.png,Dwarampudi Chandrasekhar Reddy,YSRCP,Kakinada_city,0,0,0,0,0,0,0,0,0,0,0,0,0,0,0,0,0,0,0,0,0,0
YuRoL4rn0io,2022-11-24,0.9927248954772948,2333.0,Sakshi,453.0,1.0,kakinada_city.png,Dwarampudi Chandrasekhar Reddy,YSRCP,Kakinada_city,0,0,0,0,0,1,0,0,0,0,0,0,0,0,0,0,0,0,0,0,0,0
QLTOKznzWJY,2022-11-27,0.9841630458831788,8926.0,TV9,274.0,2.0,kakinada_city.png,Dwarampudi Chandrasekhar Reddy,YSRCP,Kakinada_city,0,0,0,0,0,0,0,0,0,0,0,0,0,0,0,0,0,0,0,0,0,0
0H5wGBcF02Y,2022-11-28,-0.994684398174286,16803.0,TV9,263.0,15.0,kakinada_city.png,Dwarampudi Chandrasekhar Reddy,YSRCP,Kakinada_city,0,0,0,1,0,0,0,0,0,1,0,0,0,0,0,1,0,0,1,0,1,0
qeGDzJS4Es4,2022-11-29,-0.9962592124938964,1242.0,ABN,244.0,4.0,kakinada_city.png,Dwarampudi Chandrasekhar Reddy,YSRCP,Kakinada_city,0,1,1,0,0,0,0,0,0,1,1,0,0,0,0,0,1,0,1,0,1,0
BErRf5HKZgg,2022-11-29,-0.9989107847213744,2870.0,TV9,236.0,0.0,kakinada_city.png,Dwarampudi Chandrasekhar Reddy,YSRCP,Kakinada_city,0,0,0,0,0,0,0,0,0,0,0,0,0,0,0,0,0,0,0,0,0,0
AT74YZp4StY,2022-12-02,-0.9989631175994872,5508.0,ABN,225.0,5.0,kakinada_city.png,Dwarampudi Chandrasekhar Reddy,YSRCP,Kakinada_city,0,0,0,0,0,0,0,0,0,0,0,0,0,0,0,0,0,0,1,0,0,0
rboAnhQbO4M,2022-12-02,-0.9920180439949036,856.0,TV9,263.0,2.0,kakinada_city.png,Dwarampudi Chandrasekhar Reddy,YSRCP,Kakinada_city,0,1,0,0,0,0,0,0,0,0,0,1,1,0,0,1,0,1,1,0,1,1
Idm6k1pOqgU,2022-12-02,-0.9813405275344848,524.0,TV9,251.0,1.0,kakinada_city.png,Dwarampudi Chandrasekhar Reddy,YSRCP,Kakinada_city,1,1,1,1,0,0,0,0,0,0,0,0,1,0,0,0,0,0,1,0,0,0
Klh9-i8EGfM,2022-12-03,0.9886537194252014,954.0,TV9,215.0,0.0,kakinada_city.png,Dwarampudi Chandrasekhar Reddy,YSRCP,Kakinada_city,0,0,0,1,0,0,0,0,0,0,0,0,0,0,0,0,0,0,0,0,0,0
Ji3iu8rVYBk,2022-12-03,-0.9986972212791444,2023.0,TV9,314.0,1.0,kakinada_city.png,Dwarampudi Chandrasekhar Reddy,YSRCP,Kakinada_city,0,0,0,0,0,0,0,0,0,0,0,0,0,0,0,0,0,0,1,0,0,0
NgUp8OPQw_U,2022-12-03,-0.9994377493858336,1078.0,TV9,453.0,2.0,kakinada_city.png,Dwarampudi Chandrasekhar Reddy,YSRCP,Kakinada_city,0,0,0,0,0,0,0,0,0,0,0,0,0,0,0,0,0,0,0,0,0,0
qDd0ZrzI9dU,2022-12-13,-0.9888802766799928,2630.0,ABN,160.0,0.0,kakinada_city.png,Dwarampudi Chandrasekhar Reddy,YSRCP,Kakinada_city,0,0,0,0,0,0,0,0,1,0,0,0,0,0,0,1,0,0,0,0,0,0
3tyT1iIJIW8,2022-12-13,-0.9984588623046876,2099.0,ABN,245.0,2.0,kakinada_city.png,Dwarampudi Chandrasekhar Reddy,YSRCP,Kakinada_city,0,0,0,0,1,0,0,0,1,0,0,0,0,0,0,1,0,0,0,0,0,0
bGuSi-tR0fg,2022-12-13,-0.9981649518013,3825.0,ABN,190.0,7.0,kakinada_city.png,Dwarampudi Chandrasekhar Reddy,YSRCP,Kakinada_city,0,0,0,0,0,0,0,0,1,0,0,0,0,0,0,0,0,0,0,0,0,0
JqfTq_LapLg,2022-12-14,0.9984130859375,732.0,TV9,169.0,1.0,kakinada_city.png,Dwarampudi Chandrasekhar Reddy,YSRCP,Kakinada_city,0,0,0,0,0,0,0,0,0,0,0,0,0,0,0,0,0,0,0,0,0,0
DMHL1yuY7w4,2022-12-14,0.9983717799186708,1139.0,Sakshi,217.0,1.0,kakinada_city.png,Dwarampudi Chandrasekhar Reddy,YSRCP,Kakinada_city,1,1,1,1,0,1,0,0,0,0,0,0,0,0,0,0,1,0,1,0,0,1
yeyMsE4K_PY,2022-12-14,0.9958202838897704,1818.0,Sakshi,315.0,2.0,kakinada_city.png,Dwarampudi Chandrasekhar Reddy,YSRCP,Kakinada_city,0,0,0,0,0,1,0,0,0,0,0,0,0,1,1,0,0,0,0,0,0,0
DgqLl5z90vM,2022-12-16,-0.9991711378097534,74458.0,TV9,327.0,75.0,kakinada_city.png,Dwarampudi Chandrasekhar Reddy,YSRCP,Kakinada_city,0,1,1,1,0,0,0,0,0,1,1,0,1,0,0,1,1,0,1,1,1,1
tq5q1RP0rOQ,2022-12-16,0.9833447337150574,45923.0,TV9,311.0,38.0,kakinada_city.png,Dwarampudi Chandrasekhar Reddy,YSRCP,Kakinada_city,0,0,0,1,0,1,0,0,0,1,0,0,0,0,0,0,0,0,1,0,1,0
LoZ6W1pJwD4,2022-12-18,0.9952247142791748,1097.0,TV5,310.0,2.0,kakinada_city.png,Dwarampudi Chandrasekhar Reddy,YSRCP,Kakinada_city,0,0,0,0,0,0,0,0,0,0,0,0,0,0,0,0,0,0,0,0,0,0
86FjNHZR684,2022-12-20,-0.9982459545135498,1402.0,Sakshi,260.0,24.0,kakinada_city.png,Dwarampudi Chandrasekhar Reddy,YSRCP,Kakinada_city,0,0,0,1,0,0,1,0,0,0,0,1,0,0,0,0,0,1,0,0,0,1
ajJTFet-pqo,2022-12-21,-0.9879109859466552,25588.0,TV9,598.0,61.0,kakinada_city.png,Dwarampudi Chandrasekhar Reddy,YSRCP,Kakinada_city,0,0,0,0,0,0,0,0,0,0,0,0,0,0,0,0,0,0,0,0,0,0
Qm2_wNmUR-4,2022-12-21,-0.9986218214035034,2049.0,TV9,232.0,12.0,kakinada_city.png,Dwarampudi Chandrasekhar Reddy,YSRCP,Kakinada_city,0,0,0,0,0,0,0,0,0,0,0,0,0,0,0,1,0,0,1,0,0,0
j3ytEa5PhmE,2022-12-25,0.9938116073608398,5583.0,TV9,222.0,5.0,kakinada_city.png,Dwarampudi Chandrasekhar Reddy,YSRCP,Kakinada_city,0,1,1,0,0,0,0,0,0,1,0,0,0,0,0,0,0,0,0,0,0,0
F8laGQVtLsc,2022-12-25,0.99202162027359,12637.0,TV9,254.0,42.0,kakinada_city.png,Dwarampudi Chandrasekhar Reddy,YSRCP,Kakinada_city,0,1,1,0,0,1,0,0,0,1,0,0,0,0,0,0,0,0,1,1,0,0
Krdn6rE9XRw,2022-12-25,-0.9989125728607178,2994.0,TV9,183.0,8.0,kakinada_city.png,Dwarampudi Chandrasekhar Reddy,YSRCP,Kakinada_city,0,1,1,0,0,0,1,0,0,1,1,0,0,0,0,1,0,1,1,1,1,1
jBhAjvp5J7c,2022-12-25,0.9877339601516724,2134.0,TV9,194.0,1.0,kakinada_city.png,Dwarampudi Chandrasekhar Reddy,YSRCP,Kakinada_city,0,0,0,0,0,0,0,0,0,1,0,0,0,0,0,0,1,0,0,0,0,0
gUvXFpPjCIU,2022-12-25,-0.998730719089508,3974.0,TV9,216.0,6.0,kakinada_city.png,Dwarampudi Chandrasekhar Reddy,YSRCP,Kakinada_city,0,1,1,0,0,0,1,0,0,1,0,0,0,0,0,0,0,0,0,0,0,0
gRg8l-EAL20,2022-12-26,-0.9888779520988464,1254.0,TV9,138.0,7.0,kakinada_city.png,Dwarampudi Chandrasekhar Reddy,YSRCP,Kakinada_city,0,0,0,0,0,0,0,0,0,0,0,0,0,0,0,0,0,0,0,0,0,0
33oqP-jvLHU,2022-12-27,0.99774169921875,2650.0,TV9,151.0,6.0,kakinada_city.png,Dwarampudi Chandrasekhar Reddy,YSRCP,Kakinada_city,0,0,1,0,0,0,0,0,0,1,0,1,1,0,0,0,0,1,0,0,1,1
Picf7QjMAAg,2023-01-03,-0.9973899722099304,6502.0,Sakshi,243.0,9.0,kakinada_city.png,Dwarampudi Chandrasekhar Reddy,YSRCP,Kakinada_city,1,0,0,1,1,1,0,0,0,0,0,0,0,1,1,0,1,0,0,0,0,0
6Hf_XFmmI-I,2023-01-05,-0.99769788980484,1282.0,TV9,368.0,2.0,kakinada_city.png,Dwarampudi Chandrasekhar Reddy,YSRCP,Kakinada_city,0,0,0,0,0,0,0,0,0,0,0,0,0,0,0,0,0,0,0,0,0,0
AX1_651ww6Y,2023-01-05,-0.9942317605018616,2005.0,TV9,368.0,5.0,kakinada_city.png,Dwarampudi Chandrasekhar Reddy,YSRCP,Kakinada_city,0,0,0,0,0,0,0,0,0,0,0,0,0,0,0,0,0,0,0,0,0,0
OoJFeSzPj20,2023-01-07,-0.9979653358459472,953.0,Sakshi,126.0,5.0,kakinada_city.png,Dwarampudi Chandrasekhar Reddy,YSRCP,Kakinada_city,1,1,1,1,0,1,0,0,0,0,1,1,0,1,1,0,1,1,0,0,0,1
NDUgmq_-0Zw,2023-01-08,-0.9990563988685608,29870.0,ABN,293.0,65.0,kakinada_city.png,Dwarampudi Chandrasekhar Reddy,YSRCP,Kakinada_city,0,0,0,0,0,1,1,0,1,0,0,1,0,0,0,1,0,0,0,0,0,0
H8mBfY5jy18,2023-01-08,-0.9986571073532104,3193.0,Sakshi,171.0,21.0,kakinada_city.png,Dwarampudi Chandrasekhar Reddy,YSRCP,Kakinada_city,1,0,0,1,0,1,1,0,0,0,0,1,0,1,0,0,0,1,1,0,0,1
hTCXrR4LJnI,2023-01-08,0.9840089082717896,2580.0,TV9,530.0,7.0,kakinada_city.png,Dwarampudi Chandrasekhar Reddy,YSRCP,Kakinada_city,0,0,0,0,0,1,0,0,0,0,0,0,0,0,0,0,0,0,0,0,0,0
ud5maBm05pY,2023-01-09,0.9945843815803528,859.0,TV9,530.0,0.0,kakinada_city.png,Dwarampudi Chandrasekhar Reddy,YSRCP,Kakinada_city,0,0,0,0,0,0,0,0,0,0,0,0,0,0,0,0,0,0,0,0,0,0
fpE0aOAWpcs,2023-01-12,-0.9982921481132508,1911.0,Sakshi,235.0,10.0,kakinada_city.png,Dwarampudi Chandrasekhar Reddy,YSRCP,Kakinada_city,1,1,1,1,1,1,0,0,0,0,0,0,0,1,0,0,1,0,0,0,0,0
2jsNMldMpmg,2023-01-14,0.9964178800582886,4180.0,ABN,110.0,1.0,kakinada_city.png,Dwarampudi Chandrasekhar Reddy,YSRCP,Kakinada_city,0,0,0,0,0,0,0,0,0,0,0,0,0,0,0,0,0,0,0,0,0,0
QfSdSZYbbGY,2023-01-14,-0.9925518035888672,55697.0,ABN,365.0,36.0,kakinada_city.png,Dwarampudi Chandrasekhar Reddy,YSRCP,Kakinada_city,0,0,0,1,0,0,0,0,1,0,0,0,0,0,0,0,0,0,1,0,0,0
kuNJghydl04,2023-01-14,0.9950529932975768,3547.0,ABN,220.0,2.0,kakinada_city.png,Dwarampudi Chandrasekhar Reddy,YSRCP,Kakinada_city,0,0,1,0,1,0,0,0,1,0,0,1,0,0,0,1,0,0,1,0,0,0
K-Vl8anx55E,2023-01-14,-0.9986155033111572,9247.0,ABN,200.0,22.0,kakinada_city.png,Dwarampudi Chandrasekhar Reddy,YSRCP,Kakinada_city,0,0,0,0,0,0,0,0,0,0,0,0,0,0,0,0,0,0,0,0,0,0
81KLsdyTZ7E,2023-01-16,-0.9993211030960084,903.0,TV9,264.0,1.0,kakinada_city.png,Dwarampudi Chandrasekhar Reddy,YSRCP,Kakinada_city,0,0,0,0,0,0,0,0,0,0,0,0,0,0,0,0,0,0,0,0,0,0
YxzHXslxhGc,2023-01-24,-0.9897553324699402,2093.0,Sakshi,411.0,4.0,kakinada_city.png,Dwarampudi Chandrasekhar Reddy,YSRCP,Kakinada_city,0,0,0,0,0,0,0,0,0,0,0,0,0,0,0,0,0,0,0,0,0,0
XREh1paqt3c,2023-01-24,-0.9965701103210448,26924.0,Sakshi,144.0,114.0,kakinada_city.png,Dwarampudi Chandrasekhar Reddy,YSRCP,Kakinada_city,0,0,0,1,0,1,1,1,0,0,0,0,0,0,0,0,0,0,0,0,0,0
Ljl9pXbi5Qs,2023-01-27,-0.998158037662506,112441.0,ABN,330.0,81.0,kakinada_city.png,Dwarampudi Chandrasekhar Reddy,YSRCP,Kakinada_city,0,0,0,0,0,0,0,0,1,0,0,0,1,0,0,0,0,0,0,0,0,0
yFAw2Wb9FzI,2023-01-27,-0.9979761242866516,81752.0,ABN,575.0,46.0,kakinada_city.png,Dwarampudi Chandrasekhar Reddy,YSRCP,Kakinada_city,0,0,0,0,0,0,0,0,0,0,0,0,0,0,0,0,0,0,0,0,0,0
NXO5buWgyuU,2023-01-28,0.9980040192604064,2863.0,Sakshi,100.0,7.0,kakinada_city.png,Dwarampudi Chandrasekhar Reddy,YSRCP,Kakinada_city,0,1,1,1,0,1,0,1,0,0,1,0,0,0,0,0,1,0,1,0,0,0
akEgrXNAx8A,2023-01-29,-0.9943417310714722,8919.0,TV9,89.0,0.0,kakinada_city.png,Dwarampudi Chandrasekhar Reddy,YSRCP,Kakinada_city,0,0,0,0,0,1,0,0,0,0,0,0,0,0,0,0,0,0,0,0,0,0
g7cWvYmp8a0,2023-01-31,0.9851927757263184,2374.0,Sakshi,511.0,4.0,kakinada_city.png,Dwarampudi Chandrasekhar Reddy,YSRCP,Kakinada_city,0,0,0,0,1,1,0,1,0,0,1,0,0,0,1,0,0,0,0,0,0,0
pfTNPGg15S0,2023-01-31,0.9976720213890076,14100.0,Sakshi,492.0,42.0,kakinada_city.png,Dwarampudi Chandrasekhar Reddy,YSRCP,Kakinada_city,0,0,0,0,0,1,1,1,0,0,0,0,0,0,0,0,0,0,0,0,0,0
mdq-0l2eKDY,2023-02-01,0.9952360987663268,17991.0,ABN,365.0,4.0,kakinada_city.png,Dwarampudi Chandrasekhar Reddy,YSRCP,Kakinada_city,0,0,1,0,0,0,0,0,1,0,0,0,0,0,0,1,0,0,1,0,1,0
ot6atD6MBkI,2023-02-01,0.9829293489456176,55676.0,ABN,335.0,67.0,kakinada_city.png,Dwarampudi Chandrasekhar Reddy,YSRCP,Kakinada_city,0,0,0,0,1,0,0,0,1,0,0,0,0,0,0,0,0,0,0,0,0,0
j4hAzHr1t54,2023-02-01,0.9949317574501038,38209.0,ABN,250.0,37.0,kakinada_city.png,Dwarampudi Chandrasekhar Reddy,YSRCP,Kakinada_city,0,1,1,0,0,0,0,0,1,0,0,0,0,0,0,0,0,0,1,0,0,0
b9E1K2h98IU,2023-02-01,0.9981733560562134,2869.0,TV9,245.0,3.0,kakinada_city.png,Dwarampudi Chandrasekhar Reddy,YSRCP,Kakinada_city,0,0,0,0,0,0,0,0,0,1,0,0,0,1,0,0,0,0,0,0,0,0
Py2jNNMKWQM,2023-02-02,-0.9940826296806335,2485.0,TV9,322.0,1.0,kakinada_city.png,Dwarampudi Chandrasekhar Reddy,YSRCP,Kakinada_city,1,0,1,0,0,0,0,1,0,0,0,0,0,1,0,0,0,1,0,1,0,0
lUT_LgEY7tU,2023-02-02,-0.9984642267227172,65523.0,TV9,240.0,62.0,kakinada_city.png,Dwarampudi Chandrasekhar Reddy,YSRCP,Kakinada_city,0,0,0,0,0,0,0,0,0,0,0,0,0,1,0,0,0,0,0,0,0,0
dd5y0zFjrZU,2023-02-02,-0.9905561804771424,9683.0,TV9,267.0,8.0,kakinada_city.png,Dwarampudi Chandrasekhar Reddy,YSRCP,Kakinada_city,0,0,0,0,0,0,0,0,0,0,0,0,0,1,0,0,0,0,0,0,0,0
PDhZjKYzBbM,2023-02-02,0.9969083666801452,8448.0,Sakshi,548.0,23.0,kakinada_city.png,Dwarampudi Chandrasekhar Reddy,YSRCP,Kakinada_city,0,0,0,0,0,0,0,0,0,0,0,0,0,0,0,0,0,0,0,1,0,0
sEvHZ94QGbM,2023-02-02,-0.9973753690719604,2615.0,TV9,341.0,0.0,kakinada_city.png,Dwarampudi Chandrasekhar Reddy,YSRCP,Kakinada_city,0,0,0,0,0,0,0,0,0,0,0,0,0,0,0,0,0,0,0,1,0,0
EsLsS8cJI2k,2023-02-02,-0.9965284466743468,11972.0,TV9,299.0,16.0,kakinada_city.png,Dwarampudi Chandrasekhar Reddy,YSRCP,Kakinada_city,0,0,0,0,0,0,0,0,0,0,0,0,0,0,0,0,0,0,0,0,0,0
jDnI7FB6Olk,2023-02-02,-0.9943140745162964,14174.0,Sakshi,365.0,25.0,kakinada_city.png,Dwarampudi Chandrasekhar Reddy,YSRCP,Kakinada_city,1,0,0,0,1,0,0,0,0,0,0,0,0,0,0,0,0,0,1,1,0,0
5DWY_ZmnOX0,2023-02-02,0.9982126951217652,61895.0,TV9,260.0,60.0,kakinada_city.png,Dwarampudi Chandrasekhar Reddy,YSRCP,Kakinada_city,0,0,0,0,0,0,0,0,0,0,0,0,0,0,0,0,0,0,0,0,0,0
2DoDBU8m5Ek,2023-02-02,-0.9978334307670592,2291.0,ABN,270.0,5.0,kakinada_city.png,Dwarampudi Chandrasekhar Reddy,YSRCP,Kakinada_city,1,1,1,0,1,0,0,0,0,0,0,1,0,0,0,0,0,0,1,1,0,0
iLiLNUJI2Fw,2023-02-02,-0.9900741577148438,1224.0,TV9,326.0,3.0,kakinada_city.png,Dwarampudi Chandrasekhar Reddy,YSRCP,Kakinada_city,0,0,0,0,0,0,0,0,0,0,0,0,0,0,0,0,0,0,0,0,0,0
F6M7e04J4kE,2023-02-02,-0.9920766353607178,18064.0,TV9,153.0,15.0,kakinada_city.png,Dwarampudi Chandrasekhar Reddy,YSRCP,Kakinada_city,0,0,0,0,0,0,0,0,0,1,0,0,0,1,0,0,0,0,0,0,0,0
ufGnD7ikVH4,2023-02-02,-0.9926213026046752,19615.0,TV9,213.0,20.0,kakinada_city.png,Dwarampudi Chandrasekhar Reddy,YSRCP,Kakinada_city,0,0,0,0,0,0,0,0,0,0,0,0,0,0,0,0,0,0,0,0,0,0
6J0wX9_yCTQ,2023-02-04,-0.9951139092445374,10480.0,TV9,438.0,20.0,kakinada_city.png,Dwarampudi Chandrasekhar Reddy,YSRCP,Kakinada_city,1,1,1,1,0,0,0,0,0,1,0,0,0,0,0,0,0,1,0,0,0,1
rVpB4PcP870,2023-02-06,0.9966578483581544,36055.0,TV9,132.0,83.0,kakinada_city.png,Dwarampudi Chandrasekhar Reddy,YSRCP,Kakinada_city,0,0,0,0,0,0,0,0,0,0,0,0,0,0,0,0,0,0,0,0,0,0
JtLSLU8YBU8,2023-02-06,-0.9970567226409912,1060.0,TV9,175.0,0.0,kakinada_city.png,Dwarampudi Chandrasekhar Reddy,YSRCP,Kakinada_city,0,0,0,0,0,0,0,0,0,0,0,0,0,0,0,0,0,0,0,0,0,0
qDzB8_BwrGk,2023-02-07,-0.9976298809051514,1301.0,ABN,134.0,0.0,kakinada_city.png,Dwarampudi Chandrasekhar Reddy,YSRCP,Kakinada_city,0,0,0,0,0,0,0,0,0,0,0,0,0,0,0,0,0,0,0,0,0,0
Ts_AvVeCu0s,2023-02-08,0.9968409538269044,50114.0,TV9,165.0,34.0,kakinada_city.png,Dwarampudi Chandrasekhar Reddy,YSRCP,Kakinada_city,0,1,0,0,1,0,0,0,0,1,0,0,0,0,0,0,0,0,0,0,0,0
stuZ-iD5wIg,2023-02-09,-0.9916421175003052,1095.0,ABN,300.0,1.0,kakinada_city.png,Dwarampudi Chandrasekhar Reddy,YSRCP,Kakinada_city,1,1,1,0,0,0,0,0,0,0,1,0,1,0,0,0,1,0,0,0,1,0
zLHzshiXnyQ,2023-02-09,0.9944209456443788,5592.0,TV9,238.0,1.0,kakinada_city.png,Dwarampudi Chandrasekhar Reddy,YSRCP,Kakinada_city,0,0,0,0,0,0,0,0,0,0,0,0,1,0,0,0,0,0,0,0,0,0
0XNB179gxFQ,2023-02-16,0.9883373379707336,9697.0,TV9,277.0,11.0,kakinada_city.png,Dwarampudi Chandrasekhar Reddy,YSRCP,Kakinada_city,1,1,0,0,0,0,0,0,0,0,0,0,0,0,0,0,0,0,0,0,0,0
CfCrmZomFpw,2023-02-16,0.9964919686317444,685.0,TV9,318.0,0.0,kakinada_city.png,Dwarampudi Chandrasekhar Reddy,YSRCP,Kakinada_city,0,0,0,0,0,0,0,0,0,0,0,0,0,0,0,0,0,0,0,0,0,0
73RweXIhlfg,2023-02-16,-0.9968174695968628,3539.0,TV9,326.0,2.0,kakinada_city.png,Dwarampudi Chandrasekhar Reddy,YSRCP,Kakinada_city,0,0,0,0,1,0,0,0,0,0,0,0,0,0,0,0,0,0,0,0,0,0
x_ioUzjqn58,2023-02-16,-0.9956114888191224,84600.0,TV9,587.0,105.0,kakinada_city.png,Dwarampudi Chandrasekhar Reddy,YSRCP,Kakinada_city,0,0,0,0,0,0,0,0,0,0,0,0,0,0,0,0,0,0,0,0,0,0
_yPJm3Ceaek,2023-02-17,0.997940957546234,3204.0,TV9,405.0,4.0,kakinada_city.png,Dwarampudi Chandrasekhar Reddy,YSRCP,Kakinada_city,0,0,0,0,0,0,0,0,0,0,0,0,0,0,0,0,0,0,0,0,0,0
r8moSvNwscE,2023-02-17,-0.975594699382782,1496.0,ABN,385.0,6.0,kakinada_city.png,Dwarampudi Chandrasekhar Reddy,YSRCP,Kakinada_city,0,0,0,0,0,0,0,0,0,1,0,0,0,0,0,0,0,0,0,0,0,0
sx-mEtnC2wA,2023-02-17,0.992833971977234,1355.0,TV9,311.0,3.0,kakinada_city.png,Dwarampudi Chandrasekhar Reddy,YSRCP,Kakinada_city,0,0,0,0,0,0,0,0,0,0,0,0,0,0,0,0,0,0,0,0,0,0
PmacQGwOFjg,2023-02-17,-0.9991832375526428,2928.0,TV9,366.0,4.0,kakinada_city.png,Dwarampudi Chandrasekhar Reddy,YSRCP,Kakinada_city,0,0,0,0,0,0,0,0,0,0,0,0,0,0,0,0,0,0,0,0,0,0
MnwABpsRnDk,2023-02-18,0.9959064722061156,10199.0,TV9,209.0,8.0,kakinada_city.png,Dwarampudi Chandrasekhar Reddy,YSRCP,Kakinada_city,0,0,0,0,0,0,0,0,0,0,0,0,0,0,0,0,0,0,0,0,1,0
2Szj5Hfo0ds,2023-02-19,-0.998880922794342,11471.0,TV5,310.0,14.0,kakinada_city.png,Dwarampudi Chandrasekhar Reddy,YSRCP,Kakinada_city,0,1,1,1,1,0,0,0,0,0,1,0,1,0,0,0,1,0,1,0,0,1
ZSESQXuZTD8,2023-03-03,-0.9994738698005676,2545.0,ABN,160.0,8.0,kakinada_city.png,Dwarampudi Chandrasekhar Reddy,YSRCP,Kakinada_city,1,0,1,0,1,0,0,0,1,0,1,0,0,0,0,1,1,1,1,0,0,1
YgEHoZI9S9w,2023-03-06,-0.9892784953117372,441.0,TV9,263.0,0.0,kakinada_city.png,Dwarampudi Chandrasekhar Reddy,YSRCP,Kakinada_city,0,0,0,0,0,0,0,0,0,0,0,1,0,0,0,0,0,0,0,0,0,0
bSEBPCqQ-vY,2023-03-06,-0.9983291029930116,892.0,TV9,295.0,3.0,kakinada_city.png,Dwarampudi Chandrasekhar Reddy,YSRCP,Kakinada_city,0,0,0,0,0,0,0,0,0,1,0,0,0,0,0,0,0,0,0,0,0,0
J3RaqNaWg-c,2023-03-06,0.7140211462974548,542.0,TV9,277.0,7.0,kakinada_city.png,Dwarampudi Chandrasekhar Reddy,YSRCP,Kakinada_city,0,0,0,1,0,0,0,0,0,1,0,0,0,0,0,0,0,0,0,0,1,0
o6sg8LfCxyY,2023-03-13,-0.9971312284469604,1742.0,TV9,347.0,4.0,kakinada_city.png,Dwarampudi Chandrasekhar Reddy,YSRCP,Kakinada_city,0,1,1,0,1,0,0,0,0,1,1,0,1,0,1,0,0,1,1,1,1,1
naTHeR3Ch7U,2023-03-14,0.9964979887008668,7229.0,Sakshi,87.0,84.0,kakinada_city.png,Dwarampudi Chandrasekhar Reddy,YSRCP,Kakinada_city,0,0,0,0,0,0,1,0,0,0,0,0,0,0,0,0,0,0,0,1,0,0
Jp2xsT09d3I,2023-03-14,-0.9994688630104064,12000.0,TV5,297.0,12.0,kakinada_city.png,Dwarampudi Chandrasekhar Reddy,YSRCP,Kakinada_city,1,0,1,0,0,0,1,0,0,0,0,0,0,0,0,0,0,0,1,0,1,0
bDKk9IaJdz4,2023-03-15,-0.9992465972900392,1377.0,TV9,217.0,10.0,kakinada_city.png,Dwarampudi Chandrasekhar Reddy,YSRCP,Kakinada_city,0,0,0,0,0,0,1,0,0,0,0,0,0,0,0,0,0,0,0,1,0,0
zFKZ3X7mkZM,2023-03-24,-0.9750091433525084,177596.0,Sakshi,317.0,376.0,kakinada_city.png,Dwarampudi Chandrasekhar Reddy,YSRCP,Kakinada_city,0,1,1,0,0,1,0,0,0,0,0,0,0,0,0,0,0,0,1,0,1,1
UDJOP8_zR0k,2023-03-25,-0.999481737613678,334.0,TV9,263.0,2.0,kakinada_city.png,Dwarampudi Chandrasekhar Reddy,YSRCP,Kakinada_city,0,0,0,0,0,0,0,0,0,0,0,0,0,0,0,0,0,0,0,0,0,0
QyaPs1KxBBc,2023-03-25,-0.9851419925689696,633.0,TV9,259.0,1.0,kakinada_city.png,Dwarampudi Chandrasekhar Reddy,YSRCP,Kakinada_city,0,0,0,1,0,0,0,0,0,0,0,0,0,0,0,0,0,0,1,0,0,0
UowI5hoWSLU,2023-04-01,-0.9809439778327942,20798.0,TV5,280.0,41.0,kakinada_city.png,Dwarampudi Chandrasekhar Reddy,YSRCP,Kakinada_city,0,1,1,0,0,0,0,0,1,0,0,0,0,0,0,0,0,0,1,0,0,0
OAs6oq_cj_U,2023-04-01,0.9320764541625975,1210.0,TV9,262.0,0.0,kakinada_city.png,Dwarampudi Chandrasekhar Reddy,YSRCP,Kakinada_city,1,0,0,1,1,1,0,0,0,1,0,0,1,0,0,1,0,0,0,0,1,0
KS2USRk-MZE,2023-04-03,-0.9990135431289672,20039.0,ABN,165.0,24.0,kakinada_city.png,Dwarampudi Chandrasekhar Reddy,YSRCP,Kakinada_city,0,0,0,0,1,0,0,0,1,0,0,0,0,0,0,0,0,0,0,0,0,0
kKd5F1OKR1I,2023-04-04,-0.988716185092926,19544.0,TV9,181.0,33.0,kakinada_city.png,Dwarampudi Chandrasekhar Reddy,YSRCP,Kakinada_city,0,1,1,0,0,0,0,0,0,0,1,0,0,0,0,0,1,0,0,0,0,1
xvIYQk-mDTU,2023-04-13,-0.9966678023338318,31815.0,TV9,205.0,79.0,kakinada_city.png,Dwarampudi Chandrasekhar Reddy,YSRCP,Kakinada_city,1,0,0,0,0,1,0,0,0,1,0,0,0,0,0,0,0,0,0,0,0,0
gcazNpby5dw,2023-04-13,-0.9853479266166688,48950.0,TV9,211.0,110.0,kakinada_city.png,Dwarampudi Chandrasekhar Reddy,YSRCP,Kakinada_city,1,0,0,0,1,1,1,0,0,0,0,1,0,0,0,0,0,0,1,0,1,0
W3FwXepp7hM,2023-04-13,-0.9988715052604676,79389.0,TV9,337.0,223.0,kakinada_city.png,Dwarampudi Chandrasekhar Reddy,YSRCP,Kakinada_city,1,0,0,1,1,1,1,0,0,0,0,0,0,0,0,0,0,0,1,1,1,0
9b7E-IaPB5g,2023-04-17,0.9967376589775084,21795.0,ABN,220.0,16.0,kakinada_city.png,Dwarampudi Chandrasekhar Reddy,YSRCP,Kakinada_city,0,0,0,0,0,0,0,0,1,1,0,0,0,0,0,0,0,0,1,0,1,0
m5dvzdtKa1g,2023-04-18,-0.9968867897987366,1909.0,TV9,195.0,9.0,kakinada_city.png,Dwarampudi Chandrasekhar Reddy,YSRCP,Kakinada_city,0,0,0,0,0,0,0,0,0,0,0,0,0,0,0,0,0,0,0,0,1,0
4HDrENlIkyI,2023-04-22,0.9886296987533568,26940.0,ABN,42897.0,2.0,kakinada_city.png,Dwarampudi Chandrasekhar Reddy,YSRCP,Kakinada_city,0,0,0,0,0,0,0,0,0,0,0,0,0,0,0,0,0,0,0,0,0,0
