ids,upload_date,sentiment,view_count,uploader,duration,comment_count,f_id,name,party,constituency,tdp,ycp,ysrcp,schemes,cm jagan,chandrababu,pawan kalyan,AP ,yuvagalam,amaravati,ap employees,ap assembly session today,alliance,polavaram,visakha,byreddy siddharth reddy
A9zMZ7ys2zc,2020-03-03,-0.9754440188407898,27420.0,Sakshi,548.0,9.0,guntur_l.png,Galla Jayadev,TDP,Guntur,0,0,0,0,0,0,0,0,0,0,0,0,0,0,0,0
cI7S-L9O7mQ,2020-03-09,-0.9942864775657654,12225.0,Sakshi,241.0,23.0,guntur_l.png,Galla Jayadev,TDP,Guntur,1,1,1,0,1,1,0,1,1,0,1,1,1,0,1,0
enFaohjI2js,2021-11-06,-0.9818167686462402,92737.0,Sakshi,435.0,309.0,guntur_l.png,Galla Jayadev,TDP,Guntur,0,0,0,0,0,0,0,0,0,0,0,0,0,0,0,0
Ierg_wH4yr4,2021-11-30,0.99712735414505,3776.0,Sakshi,258.0,17.0,guntur_l.png,Galla Jayadev,TDP,Guntur,0,0,1,1,1,0,0,0,1,0,0,0,1,0,0,0
4ZnMAI40Ilc,2022-03-16,-0.9980921149253844,19006.0,Sakshi,106.0,37.0,guntur_l.png,Galla Jayadev,TDP,Guntur,0,1,1,0,0,0,0,0,0,0,0,1,0,0,0,0
gJvR01uHwl8,2022-05-08,0.9985268115997314,6581.0,Sakshi,264.0,28.0,guntur_l.png,Galla Jayadev,TDP,Guntur,0,0,0,0,0,0,0,0,0,0,0,0,1,0,0,0
ewOGM327j8g,2022-08-02,0.9960094690322876,581.0,Sakshi,377.0,0.0,guntur_l.png,Galla Jayadev,TDP,Guntur,0,0,1,0,0,0,0,0,0,0,0,0,0,0,0,0
cK76p_8Lw7c,2022-08-21,0.9802772402763368,837.0,TV5,357.0,1.0,guntur_l.png,Galla Jayadev,TDP,Guntur,0,0,0,0,0,0,0,0,0,0,0,0,0,0,0,0
dyBaUGTzCf8,2022-08-21,-0.8827887177467346,1267.0,TV5,311.0,4.0,guntur_l.png,Galla Jayadev,TDP,Guntur,1,1,1,0,0,0,0,0,1,1,0,1,0,1,0,0
70SSnChD5yQ,2022-08-21,-0.9805692434310912,947.0,TV5,471.0,6.0,guntur_l.png,Galla Jayadev,TDP,Guntur,1,0,0,0,0,0,0,0,0,0,0,0,0,0,0,0
-8QwgQeGisg,2022-08-22,0.998704433441162,1610.0,TV5,420.0,7.0,guntur_l.png,Galla Jayadev,TDP,Guntur,0,0,0,0,0,0,0,0,0,0,0,0,0,0,0,0
BXbJ5untIgs,2022-08-22,0.9850282669067384,1808.0,TV5,420.0,2.0,guntur_l.png,Galla Jayadev,TDP,Guntur,1,0,1,1,0,0,0,0,1,0,0,1,1,0,0,0
aJX4ER7EPhU,2022-08-22,0.9986490607261658,2029.0,TV5,385.0,6.0,guntur_l.png,Galla Jayadev,TDP,Guntur,0,0,0,0,0,0,0,0,0,0,0,0,0,0,0,0
y1Z_dj8O3eA,2022-08-29,0.9983787536621094,7406.0,Sakshi,181.0,9.0,guntur_l.png,Galla Jayadev,TDP,Guntur,0,0,1,0,1,0,0,1,0,0,0,0,0,0,0,0
OXakAMHXDWU,2022-08-31,0.9936142563819884,3752.0,TV5,430.0,5.0,guntur_l.png,Galla Jayadev,TDP,Guntur,0,0,0,0,0,0,0,0,0,0,0,0,0,0,0,0
FE2-BimidrA,2022-09-04,-0.9961354732513428,2270.0,TV5,301.0,3.0,guntur_l.png,Galla Jayadev,TDP,Guntur,1,1,1,0,0,0,0,0,0,0,0,0,0,0,0,0
8MbcfN4BB3c,2022-09-07,0.9985244870185852,15996.0,TV5,275.0,18.0,guntur_l.png,Galla Jayadev,TDP,Guntur,0,0,0,1,0,0,0,0,0,0,0,0,0,0,0,0
WKfofQ8qspA,2022-09-07,-0.9991538524627686,1237.0,TV5,111.0,4.0,guntur_l.png,Galla Jayadev,TDP,Guntur,1,0,0,0,1,0,0,1,0,0,1,0,0,0,0,0
AuKeSNAY118,2022-09-07,0.6475802063941956,5503.0,TV5,550.0,27.0,guntur_l.png,Galla Jayadev,TDP,Guntur,0,0,0,0,0,0,0,0,0,0,0,0,0,0,0,0
t0vHysUrLUc,2022-09-08,0.9921133518218994,1836.0,TV5,467.0,3.0,guntur_l.png,Galla Jayadev,TDP,Guntur,0,0,0,0,1,0,0,1,0,1,0,0,0,0,0,0
4qmGalQxjH4,2022-09-08,-0.9984177350997924,2304.0,TV5,484.0,0.0,guntur_l.png,Galla Jayadev,TDP,Guntur,0,0,0,0,0,0,0,0,0,0,0,0,0,0,0,0
PQ_ggkKps7Y,2022-09-08,0.9930843114852904,1298.0,TV5,450.0,1.0,guntur_l.png,Galla Jayadev,TDP,Guntur,0,0,0,0,0,0,0,1,0,0,0,0,0,0,0,0
QDHrI8dmm8c,2022-09-08,-0.9964030981063844,3677.0,TV5,352.0,8.0,guntur_l.png,Galla Jayadev,TDP,Guntur,1,1,0,0,0,1,0,0,0,0,0,0,0,0,0,0
5pWvrmZd258,2022-09-12,-0.999398708343506,8861.0,TV5,410.0,1.0,guntur_l.png,Galla Jayadev,TDP,Guntur,0,0,0,0,0,0,0,0,0,1,0,0,0,0,0,0
6qIomwm36Hw,2022-09-14,0.9985713958740234,126019.0,TV5,340.0,269.0,guntur_l.png,Galla Jayadev,TDP,Guntur,0,0,0,0,0,1,0,1,0,0,0,1,0,0,0,0
vvpqQWxgyKU,2022-09-15,-0.9981585144996644,4777.0,TV5,420.0,48.0,guntur_l.png,Galla Jayadev,TDP,Guntur,0,0,0,1,1,0,0,1,0,1,0,1,0,0,0,0
dD2bUbnT-Do,2022-09-19,-0.9992864727973938,3204.0,TV5,405.0,7.0,guntur_l.png,Galla Jayadev,TDP,Guntur,0,1,0,0,1,0,0,0,0,1,0,0,0,0,0,0
PyCAQAbRYUs,2022-09-20,-0.9326881170272828,240947.0,TV5,106.0,113.0,guntur_l.png,Galla Jayadev,TDP,Guntur,1,0,1,0,1,0,0,1,0,0,0,0,0,0,0,0
Jueqnu07ADI,2022-09-24,0.9957551956176758,1014.0,TV5,535.0,0.0,guntur_l.png,Galla Jayadev,TDP,Guntur,0,0,0,0,0,0,0,0,0,0,0,0,0,0,0,0
SWcYpXl-cSc,2022-09-26,-0.993000864982605,2467.0,TV5,216.0,2.0,guntur_l.png,Galla Jayadev,TDP,Guntur,1,0,1,1,1,1,0,1,1,0,1,0,0,1,1,0
fvHi0ma3mTQ,2022-09-27,-0.9973204731941224,2206.0,TV5,263.0,2.0,guntur_l.png,Galla Jayadev,TDP,Guntur,1,0,0,0,0,0,0,0,0,0,0,0,0,0,0,0
VXxCGrblEtc,2022-09-29,-0.9987990856170654,57314.0,TV5,220.0,112.0,guntur_l.png,Galla Jayadev,TDP,Guntur,0,0,0,1,1,0,0,1,0,1,0,0,0,0,0,0
kpHQ6cpQl8o,2022-10-01,-0.99522602558136,3444.0,TV5,374.0,1.0,guntur_l.png,Galla Jayadev,TDP,Guntur,0,1,1,1,1,0,0,1,0,0,0,0,0,0,0,0
VJZ4_9a5h6E,2022-10-04,-0.997928500175476,2257.0,TV5,275.0,12.0,guntur_l.png,Galla Jayadev,TDP,Guntur,1,1,1,1,1,0,0,0,1,0,0,0,0,1,0,0
weoD1jxlzOA,2022-10-06,0.9916388392448424,730.0,TV5,289.0,4.0,guntur_l.png,Galla Jayadev,TDP,Guntur,0,0,1,0,0,0,0,0,0,0,0,0,0,1,0,0
tpcyP9A_i90,2022-10-06,0.9960033297538756,750.0,TV5,411.0,2.0,guntur_l.png,Galla Jayadev,TDP,Guntur,0,0,0,0,0,0,0,0,0,0,0,0,0,0,0,0
rEBY8ZOQBgE,2022-10-12,-0.995043158531189,1511.0,TV5,280.0,1.0,guntur_l.png,Galla Jayadev,TDP,Guntur,1,0,0,0,0,0,0,0,0,0,0,0,0,0,0,0
FQxysMDievw,2022-10-12,-0.998779833316803,3522.0,ABN,185.0,0.0,guntur_l.png,Galla Jayadev,TDP,Guntur,0,0,0,0,0,0,0,0,0,0,0,0,0,0,0,0
gQkYI3KcilU,2022-10-12,0.9962199330329896,778.0,TV5,435.0,1.0,guntur_l.png,Galla Jayadev,TDP,Guntur,0,0,0,0,0,0,0,0,0,0,0,0,0,0,0,0
IUcmQRmg2RM,2022-10-14,-0.997767448425293,675.0,TV5,320.0,0.0,guntur_l.png,Galla Jayadev,TDP,Guntur,0,0,0,1,0,0,0,0,0,0,0,0,0,0,0,0
v_fd5e_kXDM,2022-10-14,-0.966456413269043,756.0,TV5,205.0,0.0,guntur_l.png,Galla Jayadev,TDP,Guntur,0,1,1,1,0,0,0,0,0,0,0,0,0,0,0,0
0Qvh9frXTx0,2022-10-15,-0.9935257434844972,2445.0,ABN,460.0,4.0,guntur_l.png,Galla Jayadev,TDP,Guntur,0,0,0,0,0,0,0,0,0,0,0,0,0,0,0,0
TrxjPmBiq9U,2022-10-17,0.9888182282447816,4862.0,TV5,370.0,7.0,guntur_l.png,Galla Jayadev,TDP,Guntur,0,1,0,0,0,0,1,1,0,0,0,0,0,0,0,0
tJgoNImAszU,2022-10-19,-0.9968728423118592,2344.0,TV5,138.0,4.0,guntur_l.png,Galla Jayadev,TDP,Guntur,0,0,0,0,0,0,0,0,0,0,0,0,1,0,0,0
xjYL0lZpdw0,2022-10-21,-0.9986542463302612,28776.0,ABN,480.0,59.0,guntur_l.png,Galla Jayadev,TDP,Guntur,0,0,0,0,0,0,0,0,0,0,0,0,0,0,0,0
_ZPSRiRyBhM,2022-10-21,0.9902799725532532,3791.0,ABN,550.0,7.0,guntur_l.png,Galla Jayadev,TDP,Guntur,0,0,0,0,0,0,0,0,0,0,0,0,0,0,0,0
RAF8JJCG2Xk,2022-10-24,-0.9975820779800416,6332.0,TV5,330.0,10.0,guntur_l.png,Galla Jayadev,TDP,Guntur,0,0,1,0,1,0,1,0,1,1,0,0,1,1,1,0
TtlPrghLgIE,2022-10-25,0.9939197301864624,2531.0,TV5,355.0,2.0,guntur_l.png,Galla Jayadev,TDP,Guntur,0,0,0,0,0,0,0,0,0,0,0,0,0,0,0,0
bmlHpHXElmo,2022-10-25,-0.998103141784668,853.0,TV5,385.0,0.0,guntur_l.png,Galla Jayadev,TDP,Guntur,0,0,0,0,0,0,0,0,0,0,0,0,0,0,0,0
z_2n1nUAAao,2022-10-25,0.9953657388687134,7929.0,ABN,216.0,0.0,guntur_l.png,Galla Jayadev,TDP,Guntur,0,0,0,0,0,0,0,0,0,0,0,0,0,0,0,0
xunY6SyMcOc,2022-10-25,0.9982181191444396,1603.0,TV5,220.0,1.0,guntur_l.png,Galla Jayadev,TDP,Guntur,0,0,0,0,0,0,0,0,0,0,0,0,0,0,0,0
am_vF92XSFM,2022-10-26,0.989088535308838,1511.0,TV5,365.0,0.0,guntur_l.png,Galla Jayadev,TDP,Guntur,0,0,0,0,0,0,0,0,0,0,0,0,0,0,0,0
KTEtGfGuETY,2022-10-26,0.9969544410705566,742.0,TV5,276.0,0.0,guntur_l.png,Galla Jayadev,TDP,Guntur,0,1,1,1,0,0,0,0,1,0,0,0,1,0,0,0
z_VaUq30ALc,2022-10-27,-0.9833891987800598,8810.0,ABN,395.0,10.0,guntur_l.png,Galla Jayadev,TDP,Guntur,0,0,0,0,0,0,0,0,0,0,0,0,0,0,0,0
DeRbXhANkFo,2022-10-28,0.995741605758667,47923.0,TV5,360.0,137.0,guntur_l.png,Galla Jayadev,TDP,Guntur,1,1,1,0,1,0,0,0,1,0,0,0,0,1,0,1
w4N5FhgTQXE,2022-10-29,-0.9984484910964966,3042.0,TV5,326.0,1.0,guntur_l.png,Galla Jayadev,TDP,Guntur,0,0,0,0,0,0,0,0,0,0,0,0,0,0,0,0
dVoHF9nAZwM,2022-10-29,0.9982447624206544,3323.0,Sakshi,116.0,7.0,guntur_l.png,Galla Jayadev,TDP,Guntur,0,1,1,1,0,0,0,0,0,0,0,0,1,0,0,0
noOVAU3gOWQ,2022-11-01,-0.999077320098877,1127.0,TV5,300.0,1.0,guntur_l.png,Galla Jayadev,TDP,Guntur,0,0,0,0,0,0,0,0,0,0,1,0,0,0,0,0
Sk_3t2lx0NY,2022-11-01,0.9943141341209412,57565.0,TV5,365.0,165.0,guntur_l.png,Galla Jayadev,TDP,Guntur,0,1,1,0,1,0,0,0,0,1,0,0,0,0,0,0
x1d7yNCnwMs,2022-11-07,0.9971551895141602,2426.0,TV5,208.0,1.0,guntur_l.png,Galla Jayadev,TDP,Guntur,0,0,0,0,0,0,0,0,0,0,0,0,0,0,0,0
vHw1ua9QZC0,2022-11-08,0.9863476753234864,25707.0,TV5,340.0,52.0,guntur_l.png,Galla Jayadev,TDP,Guntur,0,1,1,1,1,0,0,1,1,0,0,0,0,0,0,0
6c-Lv8GGD3M,2022-11-08,-0.902017056941986,9313.0,TV5,295.0,20.0,guntur_l.png,Galla Jayadev,TDP,Guntur,0,1,1,0,1,0,1,1,1,0,0,0,0,0,0,0
T2D1DjHr5P4,2022-11-10,0.9926182627677916,27166.0,TV5,340.0,56.0,guntur_l.png,Galla Jayadev,TDP,Guntur,0,0,0,0,1,0,1,0,0,0,0,0,0,0,0,0
ESJciIBTqYI,2022-11-10,0.9889244437217712,1667.0,ABN,250.0,2.0,guntur_l.png,Galla Jayadev,TDP,Guntur,0,0,0,0,0,0,0,0,0,0,0,0,0,0,0,0
x4R1DyimGrc,2022-11-10,-0.99378502368927,346.0,ABN,97.0,0.0,guntur_l.png,Galla Jayadev,TDP,Guntur,0,0,0,0,0,0,0,0,0,0,0,0,0,0,0,0
pStC9_4456k,2022-11-18,-0.999496579170227,5325.0,TV5,309.0,6.0,guntur_l.png,Galla Jayadev,TDP,Guntur,0,0,0,0,0,0,0,1,0,0,0,0,0,0,0,0
jDFcH5lhHBQ,2022-11-18,-0.9970701932907104,977.0,TV5,520.0,2.0,guntur_l.png,Galla Jayadev,TDP,Guntur,0,0,0,0,0,0,0,0,0,0,0,0,0,0,0,0
S2ei2E93bsA,2022-11-19,-0.9556894302368164,4025.0,TV5,515.0,2.0,guntur_l.png,Galla Jayadev,TDP,Guntur,0,0,0,0,0,0,0,0,0,0,0,0,0,0,0,0
nzgveej06aw,2022-11-21,0.9983283877372742,1425.0,TV5,348.0,0.0,guntur_l.png,Galla Jayadev,TDP,Guntur,0,0,0,1,0,0,0,0,1,0,0,0,0,0,0,0
FRY662mbgus,2022-11-21,0.9800337553024292,2297.0,TV5,75.0,1.0,guntur_l.png,Galla Jayadev,TDP,Guntur,0,0,0,1,0,0,0,1,0,0,0,0,0,0,0,0
DYCwwTzGIzY,2022-11-22,0.968666672706604,537.0,TV5,445.0,2.0,guntur_l.png,Galla Jayadev,TDP,Guntur,0,0,0,0,0,0,0,0,0,0,0,0,0,0,0,0
HilsCK_bNZw,2022-11-23,-0.9990018010139464,21131.0,TV9,250.0,47.0,guntur_l.png,Galla Jayadev,TDP,Guntur,0,0,0,0,0,0,0,0,0,0,0,1,0,0,0,0
9c38n54KlF0,2022-11-23,-0.99893981218338,8304.0,TV9,279.0,21.0,guntur_l.png,Galla Jayadev,TDP,Guntur,0,0,0,0,0,0,0,0,0,0,0,0,0,0,0,0
IihKgB323OE,2022-11-24,0.7672635316848755,1958.0,TV9,236.0,0.0,guntur_l.png,Galla Jayadev,TDP,Guntur,0,0,1,0,0,0,0,0,0,0,0,0,0,0,0,0
KJBkTEn4Sn8,2022-11-26,-0.6878144145011902,142185.0,TV5,542.0,169.0,guntur_l.png,Galla Jayadev,TDP,Guntur,0,1,1,0,1,0,0,0,0,0,0,0,0,0,0,0
nVnvnvWrkO8,2022-11-27,0.9982492923736572,1518.0,TV9,293.0,1.0,guntur_l.png,Galla Jayadev,TDP,Guntur,0,0,0,0,0,0,0,0,0,0,0,0,0,0,0,0
XztNxJ5S7Do,2022-11-28,-0.9921689629554749,3822.0,ABN,410.0,3.0,guntur_l.png,Galla Jayadev,TDP,Guntur,0,0,0,0,0,0,0,1,0,0,0,0,0,0,0,0
X_bU4wXwKhk,2022-11-28,-0.9966135621070862,36730.0,ABN,390.0,124.0,guntur_l.png,Galla Jayadev,TDP,Guntur,0,0,0,0,0,0,0,0,0,0,0,0,0,0,0,0
OB0vxRxHVYk,2022-11-28,0.9536528587341307,9567.0,ABN,245.0,19.0,guntur_l.png,Galla Jayadev,TDP,Guntur,0,0,0,0,0,0,0,1,0,1,0,0,1,0,0,0
_t8K4SwhOEI,2022-11-29,0.9542916417121888,3385.0,TV5,175.0,3.0,guntur_l.png,Galla Jayadev,TDP,Guntur,1,0,1,0,0,1,0,0,0,0,0,0,0,0,0,0
uSdV1oWVx1M,2022-11-29,-0.9981834292411804,4869.0,ABN,430.0,0.0,guntur_l.png,Galla Jayadev,TDP,Guntur,0,0,0,0,0,0,0,0,0,0,0,0,0,0,0,0
-0hGeoA2VWk,2022-11-29,-0.995315432548523,2721.0,TV9,211.0,4.0,guntur_l.png,Galla Jayadev,TDP,Guntur,0,0,0,0,0,0,0,0,0,0,0,1,0,0,0,0
7QoB_XK_h7o,2022-11-30,0.9932332634925842,4970.0,TV5,324.0,5.0,guntur_l.png,Galla Jayadev,TDP,Guntur,0,0,0,0,0,0,0,0,0,0,0,0,0,0,0,1
q8pf-ZA58Qk,2022-12-01,0.998685896396637,8827.0,Sakshi,327.0,30.0,guntur_l.png,Galla Jayadev,TDP,Guntur,0,0,0,0,1,0,0,0,0,0,1,0,0,0,0,0
93NHbmroQ0g,2022-12-02,0.997536301612854,2868.0,TV5,295.0,5.0,guntur_l.png,Galla Jayadev,TDP,Guntur,1,1,1,0,0,0,0,0,1,0,0,0,0,0,1,0
QOyVyJTXHrQ,2022-12-02,-0.9909852743148804,2826.0,TV5,136.0,1.0,guntur_l.png,Galla Jayadev,TDP,Guntur,1,0,1,0,0,0,0,0,0,0,0,0,1,0,0,0
haY_Amqd1JQ,2022-12-04,0.9900617599487304,123745.0,TV9,491.0,191.0,guntur_l.png,Galla Jayadev,TDP,Guntur,0,0,0,0,0,0,0,0,0,0,0,0,0,0,0,0
s74685p3a8c,2022-12-05,-0.9873743653297424,3578.0,ABN,495.0,1.0,guntur_l.png,Galla Jayadev,TDP,Guntur,0,0,0,0,0,0,0,0,0,0,0,0,0,0,0,0
QhbQNy-fIxo,2022-12-05,-0.998748540878296,1989.0,ABN,485.0,0.0,guntur_l.png,Galla Jayadev,TDP,Guntur,0,0,0,0,0,0,0,0,0,0,0,0,0,0,0,0
bj5TCUArW6s,2022-12-05,-0.9993321299552916,2950.0,ABN,410.0,2.0,guntur_l.png,Galla Jayadev,TDP,Guntur,0,0,0,0,0,0,0,0,0,0,0,0,0,0,0,0
Uw3JkfzN6Ak,2022-12-05,0.992732584476471,2357.0,ABN,500.0,1.0,guntur_l.png,Galla Jayadev,TDP,Guntur,0,0,0,0,0,0,0,0,0,0,0,0,0,0,0,0
vG7_MvwIwrI,2022-12-05,-0.9957910776138306,1444.0,ABN,210.0,1.0,guntur_l.png,Galla Jayadev,TDP,Guntur,0,0,0,0,0,0,0,1,0,0,1,0,0,0,0,0
AfpB6K-2a1s,2022-12-06,-0.9978147745132446,2634.0,ABN,280.0,3.0,guntur_l.png,Galla Jayadev,TDP,Guntur,0,1,1,0,1,0,0,0,1,1,1,1,1,0,0,1
G2Cy_WfGeZI,2022-12-08,-0.7808679342269897,28105.0,ABN,515.0,64.0,guntur_l.png,Galla Jayadev,TDP,Guntur,0,0,0,0,0,0,0,0,0,0,0,0,0,0,0,0
VnGYcYbguHw,2022-12-12,0.9950188398361206,3121.0,TV5,430.0,9.0,guntur_l.png,Galla Jayadev,TDP,Guntur,0,0,0,0,0,0,0,0,0,0,0,0,0,0,0,0
mA1x-_rp_mM,2022-12-12,-0.9976307153701782,3277.0,TV9,206.0,1.0,guntur_l.png,Galla Jayadev,TDP,Guntur,0,1,1,1,0,0,0,0,0,0,0,0,0,0,0,0
jyxPwN4pB8Y,2022-12-13,-0.9988583326339722,2490.0,TV9,267.0,0.0,guntur_l.png,Galla Jayadev,TDP,Guntur,0,0,0,0,0,0,0,0,0,0,0,0,0,0,0,0
klqH59s6Kls,2022-12-16,-0.9980489015579224,1237.0,TV5,270.0,1.0,guntur_l.png,Galla Jayadev,TDP,Guntur,0,1,1,0,1,0,0,0,0,1,0,0,0,0,0,0
Tzme_ExSP0M,2022-12-18,-0.9942649006843568,2843.0,TV9,311.0,2.0,guntur_l.png,Galla Jayadev,TDP,Guntur,0,0,0,0,0,0,0,0,0,0,0,0,0,0,0,0
r3xrjqzq2zk,2022-12-18,0.9943602681159972,2700.0,TV9,517.0,3.0,guntur_l.png,Galla Jayadev,TDP,Guntur,0,0,0,0,0,0,0,0,0,0,0,0,0,0,0,0
qQfx3M0thv8,2022-12-19,-0.9961588382720948,10348.0,TV5,401.0,5.0,guntur_l.png,Galla Jayadev,TDP,Guntur,1,1,1,0,1,0,0,0,1,0,0,0,0,0,1,0
v9wWnkNXXvM,2022-12-20,0.986791491508484,34329.0,TV5,514.0,23.0,guntur_l.png,Galla Jayadev,TDP,Guntur,0,1,1,0,0,0,0,0,0,0,0,0,0,0,0,0
Q2YcWVaRS90,2022-12-21,-0.9964403510093688,14027.0,TV5,465.0,8.0,guntur_l.png,Galla Jayadev,TDP,Guntur,0,1,1,0,1,0,0,0,0,0,0,0,0,0,0,0
EY2ID2Gwu58,2022-12-22,0.9917333126068116,2778.0,TV9,481.0,1.0,guntur_l.png,Galla Jayadev,TDP,Guntur,0,0,0,0,0,0,0,0,0,0,0,0,0,0,0,0
L3DLlV47Q5Y,2022-12-23,-0.9994959831237792,2231.0,ABN,235.0,2.0,guntur_l.png,Galla Jayadev,TDP,Guntur,0,0,1,0,1,1,0,1,0,0,0,0,0,0,0,0
jc_s35eFyHk,2022-12-24,0.9985380172729492,2182.0,ABN,397.0,4.0,guntur_l.png,Galla Jayadev,TDP,Guntur,0,0,0,0,0,0,0,0,0,0,0,0,1,0,0,0
jpBjnymn8YU,2022-12-24,-0.9974258542060852,7574.0,TV9,382.0,4.0,guntur_l.png,Galla Jayadev,TDP,Guntur,0,0,0,0,0,0,0,0,0,0,0,0,0,0,0,0
J2xvdJgz8Hs,2022-12-27,0.9966418743133544,4697.0,Sakshi,362.0,4.0,guntur_l.png,Galla Jayadev,TDP,Guntur,0,0,0,1,1,0,0,0,0,0,0,0,0,0,0,0
uMypDxkEshQ,2022-12-27,-0.9959365129470824,9836.0,TV9,236.0,18.0,guntur_l.png,Galla Jayadev,TDP,Guntur,0,0,0,0,0,0,0,1,0,0,0,1,0,0,0,0
pXPS7c9_ipg,2022-12-27,-0.9971119165420532,1441.0,ABN,450.0,11.0,guntur_l.png,Galla Jayadev,TDP,Guntur,1,1,1,1,1,0,0,1,1,0,0,1,0,0,0,0
5cEzOFGG4H4,2022-12-29,-0.8947004079818726,6490.0,ABN,220.0,3.0,guntur_l.png,Galla Jayadev,TDP,Guntur,0,1,1,0,1,1,0,0,1,0,0,0,0,1,0,0
Aklc69rQyKY,2022-12-29,-0.9988914132118224,3955.0,ABN,350.0,3.0,guntur_l.png,Galla Jayadev,TDP,Guntur,0,1,1,1,1,1,0,0,1,0,0,0,0,1,0,0
WsQTiAfZcSg,2022-12-29,-0.9992437362670898,1415.0,TV9,58.0,1.0,guntur_l.png,Galla Jayadev,TDP,Guntur,0,0,0,0,0,1,0,0,0,1,0,0,0,0,0,0
y2q5oOcB1qI,2022-12-30,0.9986306428909302,350.0,TV9,31.0,0.0,guntur_l.png,Galla Jayadev,TDP,Guntur,0,0,0,0,0,0,0,0,0,0,0,0,0,0,0,0
mMSpW8O5z0A,2022-12-31,-0.9993172883987428,3102.0,TV9,152.0,2.0,guntur_l.png,Galla Jayadev,TDP,Guntur,0,0,0,0,0,0,0,0,0,0,0,0,0,0,0,0
M2LNzgSz2Ro,2023-01-01,-0.9979442954063416,6555.0,TV5,176.0,18.0,guntur_l.png,Galla Jayadev,TDP,Guntur,0,1,1,0,1,0,0,1,0,0,1,0,0,0,0,0
rEz8kk9bD5A,2023-01-02,0.9983910322189332,3075.0,TV5,251.0,7.0,guntur_l.png,Galla Jayadev,TDP,Guntur,0,0,0,0,0,0,0,0,0,0,0,0,0,0,0,0
eD76pKj4MT8,2023-01-03,-0.9975647926330566,18601.0,ABN,321.0,76.0,guntur_l.png,Galla Jayadev,TDP,Guntur,0,0,0,0,0,0,0,0,0,0,0,0,0,0,0,0
-niomiKaDaw,2023-01-05,-0.9865256547927856,24941.0,TV9,260.0,11.0,guntur_l.png,Galla Jayadev,TDP,Guntur,0,1,1,1,0,0,0,0,0,0,0,0,0,0,0,0
aX_MwCDvVPo,2023-01-05,-0.9985288381576538,1106.0,TV9,308.0,0.0,guntur_l.png,Galla Jayadev,TDP,Guntur,0,0,0,1,0,0,0,0,0,0,0,0,0,0,0,0
XyKqlB7Xl3g,2023-01-06,-0.993712604045868,12633.0,ABN,40.0,4.0,guntur_l.png,Galla Jayadev,TDP,Guntur,0,0,0,0,0,0,0,0,0,0,0,0,0,0,0,0
5gLUNwYNOtk,2023-01-06,0.9959909319877625,83028.0,TV5,585.0,64.0,guntur_l.png,Galla Jayadev,TDP,Guntur,0,1,1,0,0,0,0,0,0,0,0,0,0,0,0,0
ZWm2LBVo0R4,2023-01-07,-0.9971163272857666,6142.0,TV5,260.0,3.0,guntur_l.png,Galla Jayadev,TDP,Guntur,0,0,0,0,0,0,0,0,0,0,0,0,0,0,0,0
XYBHV09Rctg,2023-01-09,-0.997780978679657,603.0,TV5,259.0,0.0,guntur_l.png,Galla Jayadev,TDP,Guntur,1,0,1,0,0,0,0,0,0,0,0,0,0,1,0,1
jduWpIGH3iM,2023-01-11,0.9958416819572448,3512.0,TV9,384.0,6.0,guntur_l.png,Galla Jayadev,TDP,Guntur,0,0,0,0,0,0,0,0,0,0,0,0,0,0,0,0
U5vP2Z45qIY,2023-01-12,0.9985337257385254,251964.0,ABN,450.0,172.0,guntur_l.png,Galla Jayadev,TDP,Guntur,0,1,0,0,0,0,1,0,0,0,0,0,0,0,0,0
hAkNtre6XvU,2023-01-12,-0.9953626394271852,1855.0,TV5,222.0,3.0,guntur_l.png,Galla Jayadev,TDP,Guntur,0,0,0,0,0,0,0,0,0,0,0,0,0,0,0,0
yJcTQgC4C_U,2023-01-13,0.9951100945472716,238905.0,ABN,287.0,307.0,guntur_l.png,Galla Jayadev,TDP,Guntur,0,0,0,0,0,0,1,0,0,0,0,0,0,0,0,0
8mz4KHjVvkI,2023-01-13,0.989058792591095,19513.0,ABN,34.0,8.0,guntur_l.png,Galla Jayadev,TDP,Guntur,0,1,0,0,0,0,0,0,1,0,0,0,0,0,0,0
Tyqqd1KkWM4,2023-01-13,-0.9932175278663636,2613.0,TV9,172.0,0.0,guntur_l.png,Galla Jayadev,TDP,Guntur,1,0,1,0,0,0,0,0,0,0,0,0,0,0,0,0
fdaP27ivTDI,2023-01-16,0.991960108280182,89315.0,TV5,203.0,45.0,guntur_l.png,Galla Jayadev,TDP,Guntur,0,0,0,0,0,0,0,1,0,0,0,0,0,0,0,0
1i4pi6hZe90,2023-01-17,0.995863437652588,2098.0,TV9,116.0,2.0,guntur_l.png,Galla Jayadev,TDP,Guntur,1,0,0,0,0,0,0,0,0,0,0,0,0,0,0,0
UGH5VhRsMoY,2023-01-18,0.996575653553009,20722.0,TV9,444.0,7.0,guntur_l.png,Galla Jayadev,TDP,Guntur,0,0,0,0,0,0,0,0,0,0,0,0,0,0,0,0
D8l-0d98dnA,2023-01-18,-0.998078227043152,666.0,TV5,345.0,2.0,guntur_l.png,Galla Jayadev,TDP,Guntur,1,1,0,0,0,0,0,0,1,0,0,0,0,1,1,0
ZkeEpTnO9kI,2023-01-18,-0.9922963976860046,579.0,TV5,150.0,0.0,guntur_l.png,Galla Jayadev,TDP,Guntur,0,0,0,0,0,0,0,0,0,0,0,0,0,1,0,1
FBgQ9pb9drU,2023-01-19,-0.995027482509613,449.0,ABN,335.0,1.0,guntur_l.png,Galla Jayadev,TDP,Guntur,0,1,1,1,1,0,0,1,1,1,0,0,0,0,0,0
mMQUjGpIKAA,2023-01-19,-0.995407223701477,6967.0,ABN,470.0,11.0,guntur_l.png,Galla Jayadev,TDP,Guntur,0,0,0,0,0,0,0,0,0,0,0,0,0,0,0,0
YbsAUWYv5Jc,2023-01-24,0.9877693057060242,4943.0,ABN,268.0,1.0,guntur_l.png,Galla Jayadev,TDP,Guntur,1,0,0,0,0,0,0,1,0,0,0,0,0,0,0,0
dxeW4HqPWf4,2023-01-24,0.9904046058654784,1525.0,ABN,312.0,3.0,guntur_l.png,Galla Jayadev,TDP,Guntur,0,1,1,0,0,1,0,1,0,0,0,0,0,0,0,0
6UcI1TPPNKY,2023-01-24,-0.9910763502120972,701.0,TV5,195.0,0.0,guntur_l.png,Galla Jayadev,TDP,Guntur,0,0,0,0,0,0,0,0,0,0,0,0,0,0,0,0
IGLvnjqBpNU,2023-01-26,0.9986874461174012,2682.0,TV9,50.0,1.0,guntur_l.png,Galla Jayadev,TDP,Guntur,0,0,0,0,0,0,1,0,0,0,0,0,0,0,0,0
gn9IZ-QnkrM,2023-01-26,-0.9851179122924804,2709.0,TV5,305.0,4.0,guntur_l.png,Galla Jayadev,TDP,Guntur,1,0,0,0,1,0,1,0,0,0,0,0,0,0,0,1
hi_VYkKRBvs,2023-01-28,-0.9907045960426332,51343.0,ABN,530.0,160.0,guntur_l.png,Galla Jayadev,TDP,Guntur,0,0,0,0,0,0,0,0,0,0,0,0,0,0,0,0
xSpneqCDqVw,2023-01-30,-0.9993836879730223,2713.0,ABN,380.0,3.0,guntur_l.png,Galla Jayadev,TDP,Guntur,0,0,0,0,0,0,0,0,0,0,0,0,0,0,0,0
BQ2ctSBamnU,2023-01-30,-0.5177284479141235,727.0,TV9,283.0,4.0,guntur_l.png,Galla Jayadev,TDP,Guntur,0,0,0,0,0,0,0,0,0,0,0,0,0,0,0,0
OAzmVAu4Ok0,2023-01-31,-0.9990886449813844,1352.0,ABN,140.0,0.0,guntur_l.png,Galla Jayadev,TDP,Guntur,0,0,0,0,1,0,0,0,0,0,0,0,0,0,0,0
HgpGLz8t4J8,2023-01-31,-0.9990732669830322,8064.0,ABN,260.0,8.0,guntur_l.png,Galla Jayadev,TDP,Guntur,0,0,0,1,0,0,0,0,0,0,0,0,0,0,0,0
mcar7vtspSw,2023-01-31,-0.9983299374580384,4231.0,ABN,355.0,8.0,guntur_l.png,Galla Jayadev,TDP,Guntur,0,0,0,0,0,0,0,0,0,1,0,0,0,0,0,0
B_CuCVVx_e8,2023-01-31,-0.9986949563026428,31169.0,ABN,425.0,32.0,guntur_l.png,Galla Jayadev,TDP,Guntur,0,0,0,0,0,0,0,0,0,0,0,0,0,0,0,0
LnAv_FyaSbY,2023-01-31,-0.9994775652885436,6928.0,ABN,300.0,10.0,guntur_l.png,Galla Jayadev,TDP,Guntur,0,0,0,0,0,0,0,0,0,0,0,0,0,0,0,0
eskQU5rKyng,2023-02-01,-0.99257093667984,2831.0,TV9,220.0,4.0,guntur_l.png,Galla Jayadev,TDP,Guntur,0,0,0,0,0,0,0,0,0,0,0,0,0,0,0,0
POHM6fr5s8Y,2023-02-01,-0.9973878264427184,357.0,TV5,160.0,1.0,guntur_l.png,Galla Jayadev,TDP,Guntur,0,0,0,0,0,1,0,0,0,0,0,0,0,0,0,1
FsiGpagbhtY,2023-02-01,-0.9952226281166076,20398.0,ABN,380.0,15.0,guntur_l.png,Galla Jayadev,TDP,Guntur,0,0,0,0,0,0,0,0,0,0,0,0,0,0,0,0
UxiQLAYRGf0,2023-02-01,0.9966283440589904,17218.0,ABN,265.0,14.0,guntur_l.png,Galla Jayadev,TDP,Guntur,0,0,1,0,1,0,0,0,0,0,0,0,0,0,0,0
5DWY_ZmnOX0,2023-02-02,0.9982126951217652,61895.0,TV9,260.0,60.0,guntur_l.png,Galla Jayadev,TDP,Guntur,0,0,0,0,0,0,0,0,0,0,0,0,0,0,0,0
35D1x1Uunsg,2023-02-03,-0.9964336156845092,2010.0,TV5,375.0,1.0,guntur_l.png,Galla Jayadev,TDP,Guntur,0,0,0,0,0,0,0,0,0,0,0,0,0,0,0,0
kzR_LLXbBHs,2023-02-04,-0.99509996175766,2140.0,TV5,283.0,1.0,guntur_l.png,Galla Jayadev,TDP,Guntur,0,0,0,0,0,0,0,0,0,0,0,0,0,0,0,0
zWLPhSk3TXc,2023-02-05,-0.9807788133621216,2517.0,TV5,195.0,0.0,guntur_l.png,Galla Jayadev,TDP,Guntur,0,0,0,0,0,0,0,0,1,0,0,0,0,0,0,0
P5EVlm6TgEY,2023-02-06,-0.997651755809784,17379.0,TV9,218.0,18.0,guntur_l.png,Galla Jayadev,TDP,Guntur,1,1,1,0,0,0,1,0,0,0,0,0,0,1,1,0
Z7O1xiIbEUg,2023-02-07,-0.99904602766037,1036.0,ABN,131.0,1.0,guntur_l.png,Galla Jayadev,TDP,Guntur,0,0,0,0,0,0,0,0,0,0,0,0,0,0,0,0
DMY_FUMC9LI,2023-02-07,-0.9975250363349916,758.0,ABN,415.0,1.0,guntur_l.png,Galla Jayadev,TDP,Guntur,0,0,0,0,0,0,0,0,0,0,0,0,0,0,0,0
iXJjlSEJPBE,2023-02-08,-0.9984857439994812,362539.0,TV5,506.0,80.0,guntur_l.png,Galla Jayadev,TDP,Guntur,0,0,0,0,0,0,0,0,0,0,0,0,0,0,0,0
3KkOgzdvgY0,2023-02-09,-0.9983956217765808,85962.0,TV5,430.0,157.0,guntur_l.png,Galla Jayadev,TDP,Guntur,0,0,0,0,1,0,0,0,0,1,0,0,0,0,0,0
KoP1PA3pa-E,2023-02-09,-0.9959316849708556,3613.0,ABN,223.0,2.0,guntur_l.png,Galla Jayadev,TDP,Guntur,0,0,0,0,0,0,0,0,0,0,0,1,0,0,0,0
uuZiTIBWffc,2023-02-10,0.9982452392578124,7977.0,TV5,285.0,18.0,guntur_l.png,Galla Jayadev,TDP,Guntur,1,0,1,1,0,0,0,0,0,0,0,1,0,0,0,0
78QuV7K5CYE,2023-02-11,0.9985400438308716,869.0,TV5,158.0,0.0,guntur_l.png,Galla Jayadev,TDP,Guntur,0,0,0,0,0,0,0,0,0,0,0,0,1,0,0,0
lsEignFCuEw,2023-02-13,-0.957274317741394,4051.0,ABN,217.0,1.0,guntur_l.png,Galla Jayadev,TDP,Guntur,0,1,1,1,1,0,0,0,0,0,0,0,1,0,0,0
88V69jFK7OY,2023-02-14,-0.9978262782096864,1283.0,TV5,104.0,2.0,guntur_l.png,Galla Jayadev,TDP,Guntur,0,0,1,0,0,0,0,0,0,0,0,0,0,0,0,0
-G0AgxqSKqU,2023-02-17,-0.9895100593566896,630.0,TV5,295.0,0.0,guntur_l.png,Galla Jayadev,TDP,Guntur,1,0,1,0,0,0,0,1,0,0,0,0,0,0,0,1
I4y4u47ZTgk,2023-02-17,-0.9943881630897522,384.0,TV5,220.0,1.0,guntur_l.png,Galla Jayadev,TDP,Guntur,0,1,1,0,0,0,0,0,1,1,0,0,0,1,0,0
uscKvVc_3Og,2023-02-17,-0.6239707469940186,843.0,TV5,435.0,1.0,guntur_l.png,Galla Jayadev,TDP,Guntur,0,0,0,0,0,0,0,0,0,0,0,0,0,0,0,0
MRj9P4nh9p0,2023-02-20,0.9974567294120787,35249.0,TV9,466.0,0.0,guntur_l.png,Galla Jayadev,TDP,Guntur,1,0,1,0,0,0,0,0,0,0,0,0,0,0,0,0
V5zAb5SHm8s,2023-02-21,-0.9994075298309326,11163.0,ABN,180.0,7.0,guntur_l.png,Galla Jayadev,TDP,Guntur,0,0,0,0,0,0,0,0,0,0,0,0,0,0,0,0
F50fP7uX3XI,2023-02-21,0.9972941279411316,16791.0,ABN,195.0,22.0,guntur_l.png,Galla Jayadev,TDP,Guntur,0,0,0,0,1,0,0,1,0,1,1,0,1,0,0,0
af-HvNartRo,2023-02-24,-0.9988691210746764,2491.0,Sakshi,242.0,7.0,guntur_l.png,Galla Jayadev,TDP,Guntur,0,0,0,0,0,1,0,1,0,0,0,0,0,0,0,0
-roBy0KfNYA,2023-02-25,0.9977385997772216,1621.0,TV9,93.0,2.0,guntur_l.png,Galla Jayadev,TDP,Guntur,0,0,0,0,0,0,0,0,0,0,0,0,0,0,0,0
hNF6M2JAq5c,2023-02-25,-0.9988160133361816,4491.0,TV9,191.0,2.0,guntur_l.png,Galla Jayadev,TDP,Guntur,0,0,1,1,0,0,0,0,0,0,0,0,0,1,1,0
P2tOAauZTa8,2023-02-27,-0.9951775074005128,1369.0,TV9,328.0,1.0,guntur_l.png,Galla Jayadev,TDP,Guntur,0,0,0,0,0,0,0,0,0,0,0,0,0,0,0,0
fRB1iuATKco,2023-02-28,-0.9991921782493592,695.0,TV5,350.0,1.0,guntur_l.png,Galla Jayadev,TDP,Guntur,0,0,1,1,0,0,0,0,0,0,0,0,0,0,0,1
Sh1lL4X2G2U,2023-03-01,-0.9982542395591736,361.0,ABN,330.0,3.0,guntur_l.png,Galla Jayadev,TDP,Guntur,1,0,0,0,0,1,0,0,0,0,0,0,1,0,0,0
ZjVzIcKW7LI,2023-03-03,-0.9976281523704528,2476.0,TV5,290.0,2.0,guntur_l.png,Galla Jayadev,TDP,Guntur,0,0,0,0,0,0,0,0,0,0,1,0,0,0,0,0
0kdlwsITe8w,2023-03-04,0.9973336458206176,1957.0,TV9,160.0,0.0,guntur_l.png,Galla Jayadev,TDP,Guntur,0,0,0,1,0,1,0,1,0,0,0,0,0,0,0,0
ULC9QztnzuQ,2023-03-07,-0.9963793158531188,2609.0,Sakshi,359.0,2.0,guntur_l.png,Galla Jayadev,TDP,Guntur,0,0,0,0,0,1,0,1,0,0,0,0,0,0,1,0
VzU8poii0co,2023-03-07,0.996552348136902,1717.0,TV5,124.0,2.0,guntur_l.png,Galla Jayadev,TDP,Guntur,0,0,0,0,0,0,0,0,0,0,0,0,0,0,0,0
PW5PxdBnYGo,2023-03-13,0.9988310933113098,4229.0,TV9,315.0,2.0,guntur_l.png,Galla Jayadev,TDP,Guntur,0,0,0,1,0,0,0,0,0,0,1,0,0,0,0,0
BFJKZk0FO3k,2023-03-14,0.9958362579345704,290772.0,TV5,339.0,130.0,guntur_l.png,Galla Jayadev,TDP,Guntur,0,1,1,0,1,1,0,1,0,1,0,0,1,0,0,0
OOEFyrlWnCQ,2023-03-16,-0.9994717240333556,602.0,ABN,215.0,1.0,guntur_l.png,Galla Jayadev,TDP,Guntur,0,0,0,1,0,0,0,0,0,0,0,0,0,0,0,0
2lehxvKMN20,2023-03-17,-0.9982426166534424,97502.0,ABN,53.0,17.0,guntur_l.png,Galla Jayadev,TDP,Guntur,0,1,0,0,0,0,0,0,0,0,0,0,0,0,0,0
zBGdIGmXqVs,2023-03-21,-0.9979301691055298,2707.0,TV9,231.0,6.0,guntur_l.png,Galla Jayadev,TDP,Guntur,1,0,1,1,1,1,0,1,0,0,0,1,1,0,0,0
Y786-AhDaFM,2023-03-21,-0.9951282739639282,707.0,TV5,215.0,4.0,guntur_l.png,Galla Jayadev,TDP,Guntur,1,1,1,0,0,0,0,0,1,0,1,0,0,0,0,0
GGKXDEgh2eE,2023-03-21,-0.9991395473480223,2512.0,TV9,81.0,2.0,guntur_l.png,Galla Jayadev,TDP,Guntur,0,0,0,0,0,0,1,0,0,0,0,1,0,0,0,0
azYbRhQdUd4,2023-03-24,-0.9985249638557434,64956.0,ABN,40.0,26.0,guntur_l.png,Galla Jayadev,TDP,Guntur,0,1,0,0,0,0,0,0,0,0,0,0,0,0,0,0
HFkG2NFU_uM,2023-03-25,0.9977491497993468,835.0,ABN,128.0,1.0,guntur_l.png,Galla Jayadev,TDP,Guntur,0,0,0,0,0,0,0,0,0,0,0,0,1,0,0,0
y7HUDdYN8W0,2023-03-30,0.997670829296112,852.0,TV5,235.0,2.0,guntur_l.png,Galla Jayadev,TDP,Guntur,0,0,0,0,0,1,0,0,0,0,0,0,0,0,0,0
OuexS6BOL8I,2023-03-30,-0.9942986965179444,2023.0,TV5,200.0,7.0,guntur_l.png,Galla Jayadev,TDP,Guntur,1,0,1,0,0,1,0,0,0,0,0,0,0,0,0,1
y7MC3SN9m_c,2023-04-03,-0.998954176902771,1596.0,ABN,257.0,6.0,guntur_l.png,Galla Jayadev,TDP,Guntur,1,1,1,1,1,0,0,0,1,0,0,0,1,1,1,0
kKd5F1OKR1I,2023-04-04,-0.988716185092926,19544.0,TV9,181.0,33.0,guntur_l.png,Galla Jayadev,TDP,Guntur,0,1,1,0,0,0,0,0,1,0,0,0,0,0,0,0
8CMTVS5nr0E,2023-04-08,0.9983507394790648,248.0,TV5,144.0,0.0,guntur_l.png,Galla Jayadev,TDP,Guntur,0,1,1,0,0,0,0,0,0,0,0,0,0,0,0,0
BS9uXcg4_eg,2023-04-08,-0.9982649683952332,2802.0,TV9,223.0,15.0,guntur_l.png,Galla Jayadev,TDP,Guntur,0,0,0,0,0,0,0,0,0,0,0,0,0,0,0,1
Gtc2qFHzSJM,2023-04-16,-0.998650848865509,1038.0,TV9,293.0,0.0,guntur_l.png,Galla Jayadev,TDP,Guntur,0,0,0,1,0,0,0,0,0,0,0,0,0,0,0,0
ONM9SWqiY9E,2023-04-18,-0.9963963627815248,10237.0,Sakshi,229.0,19.0,guntur_l.png,Galla Jayadev,TDP,Guntur,1,0,1,1,1,0,0,0,0,0,0,0,0,0,0,0
QMgJgbIcX8I,2023-04-21,0.9974318146705629,57662.0,TV9,318.0,77.0,guntur_l.png,Galla Jayadev,TDP,Guntur,0,0,0,0,0,0,0,0,0,0,0,0,0,1,0,0
03TJbVnUvog,2023-04-21,-0.99379163980484,46890.0,TV9,332.0,89.0,guntur_l.png,Galla Jayadev,TDP,Guntur,0,0,0,0,0,1,0,0,0,0,0,0,0,0,0,0
gkHj_YSVfwY,2023-04-21,0.995621144771576,681.0,TV5,320.0,0.0,guntur_l.png,Galla Jayadev,TDP,Guntur,0,0,0,0,0,0,0,0,0,0,0,0,1,0,0,0
