ids,upload_date,sentiment,view_count,uploader,duration,comment_count,f_id,name,party,constituency,tdp,ycp,ysrcp,schemes,cm jagan,chandrababu,pawan kalyan,nara lokesh,AP ,yuvagalam,alliance,Peddireddy ,polavaram,visakha,roja,yuvashakti,tadepalli,suprem court,ap development,tadipatri
mnIuh7Kz8bo,2019-12-24,0.9976801872253418,3327.0,Sakshi,227.0,17.0,vishakapatnam_north.png,Ganta Srinivasarao,TDP,vishakapatnam_north,0,1,1,0,1,0,0,0,1,0,0,0,0,1,0,0,0,1,1,0
K55BdsBVm98,2021-11-26,0.99844092130661,16050.0,Sakshi,68.0,24.0,vishakapatnam_north.png,Ganta Srinivasarao,TDP,vishakapatnam_north,0,1,1,0,0,0,0,0,0,0,0,0,0,0,0,0,0,0,1,0
oILYOdKy7RA,2022-01-14,0.9915488958358764,85518.0,Sakshi,281.0,161.0,vishakapatnam_north.png,Ganta Srinivasarao,TDP,vishakapatnam_north,0,0,0,0,0,0,0,0,0,0,0,0,0,0,0,0,0,0,0,0
OB6hycePwaM,2022-05-21,0.9926068782806396,34987.0,Sakshi,560.0,70.0,vishakapatnam_north.png,Ganta Srinivasarao,TDP,vishakapatnam_north,0,0,0,0,1,1,0,0,0,0,0,0,0,0,0,0,0,0,0,0
T8zMuVcyIRY,2022-05-27,-0.9857694506645204,138351.0,Sakshi,275.0,233.0,vishakapatnam_north.png,Ganta Srinivasarao,TDP,vishakapatnam_north,0,1,1,1,0,1,0,0,0,0,0,0,0,1,0,0,0,0,0,0
EIyikkjSMwE,2022-06-03,0.9985284805297852,76541.0,Sakshi,281.0,53.0,vishakapatnam_north.png,Ganta Srinivasarao,TDP,vishakapatnam_north,0,0,0,0,1,0,0,0,0,0,0,0,0,0,1,0,0,0,1,0
__AamC-RSno,2022-06-06,0.9958310723304749,17715.0,Sakshi,206.0,13.0,vishakapatnam_north.png,Ganta Srinivasarao,TDP,vishakapatnam_north,0,1,1,0,1,0,0,0,0,0,0,0,0,0,0,0,0,0,0,0
fn72pW9ziIc,2022-06-13,0.9948531985282898,136862.0,Sakshi,298.0,159.0,vishakapatnam_north.png,Ganta Srinivasarao,TDP,vishakapatnam_north,0,1,1,1,0,0,0,0,0,0,0,0,0,0,1,1,0,1,1,1
g8QQD5ykxJc,2022-07-21,0.9970645308494568,5660.0,Sakshi,312.0,11.0,vishakapatnam_north.png,Ganta Srinivasarao,TDP,vishakapatnam_north,0,0,0,0,1,0,0,0,0,0,0,0,0,0,0,0,0,0,0,0
sC6KLsD_Ams,2022-08-02,0.9978579878807068,1854.0,Sakshi,542.0,6.0,vishakapatnam_north.png,Ganta Srinivasarao,TDP,vishakapatnam_north,0,0,0,0,1,1,0,0,0,0,0,0,0,0,0,0,0,0,0,0
sPlgnyCD2fw,2022-08-11,0.9986467957496644,3677.0,Sakshi,58.0,5.0,vishakapatnam_north.png,Ganta Srinivasarao,TDP,vishakapatnam_north,0,0,0,0,1,0,0,0,0,0,0,0,0,0,0,1,0,0,0,0
8mQV_x8AWo8,2022-09-05,-0.9890114068984984,887.0,TV5,190.0,10.0,vishakapatnam_north.png,Ganta Srinivasarao,TDP,vishakapatnam_north,1,0,1,1,0,0,0,0,0,0,1,1,1,0,0,1,1,1,0,1
rCk2ooOkP9A,2022-09-17,0.9981535077095032,2249.0,TV5,467.0,2.0,vishakapatnam_north.png,Ganta Srinivasarao,TDP,vishakapatnam_north,0,0,0,0,0,0,0,0,0,0,0,0,0,0,0,0,0,0,0,0
oYQ9p0cfXg4,2022-09-17,-0.989996075630188,1574.0,TV5,210.0,3.0,vishakapatnam_north.png,Ganta Srinivasarao,TDP,vishakapatnam_north,0,0,0,0,0,0,0,0,0,0,0,0,1,0,0,0,0,0,0,0
7v9soZwp-EE,2022-10-04,0.998343825340271,7693.0,Sakshi,163.0,34.0,vishakapatnam_north.png,Ganta Srinivasarao,TDP,vishakapatnam_north,0,0,0,0,0,1,0,0,0,0,0,0,0,0,1,0,0,1,1,0
N-nNzPISThY,2022-10-05,0.9985781908035278,4037.0,Sakshi,523.0,11.0,vishakapatnam_north.png,Ganta Srinivasarao,TDP,vishakapatnam_north,0,0,1,0,1,0,0,0,0,0,0,0,0,0,0,0,0,0,0,0
b9aiAcff30s,2022-10-11,0.9797385931015016,1742.0,ABN,445.0,11.0,vishakapatnam_north.png,Ganta Srinivasarao,TDP,vishakapatnam_north,0,0,0,0,0,0,0,0,0,0,0,0,0,0,0,0,0,0,0,0
v_Cb3U2gDs8,2022-10-12,-0.9924666285514832,897.0,Sakshi,593.0,3.0,vishakapatnam_north.png,Ganta Srinivasarao,TDP,vishakapatnam_north,0,0,0,0,0,1,0,0,0,0,0,0,0,0,0,0,0,0,0,0
DxxwjiJsZ-c,2022-10-20,0.9963602423667908,5682.0,Sakshi,434.0,24.0,vishakapatnam_north.png,Ganta Srinivasarao,TDP,vishakapatnam_north,0,0,0,0,0,1,1,0,0,0,1,0,0,0,0,0,0,0,0,0
_METAoDiaiE,2022-10-20,0.9858864545822144,46066.0,Sakshi,400.0,118.0,vishakapatnam_north.png,Ganta Srinivasarao,TDP,vishakapatnam_north,0,0,0,0,0,1,1,0,0,0,0,0,0,0,0,0,0,0,0,0
ki8yu7tmIQg,2022-10-23,0.9983919262886048,23023.0,Sakshi,596.0,58.0,vishakapatnam_north.png,Ganta Srinivasarao,TDP,vishakapatnam_north,0,0,0,0,0,1,0,0,0,0,0,0,0,0,0,0,0,0,0,0
6beKKiZMUYs,2022-10-27,-0.95746111869812,824.0,ABN,400.0,0.0,vishakapatnam_north.png,Ganta Srinivasarao,TDP,vishakapatnam_north,0,0,0,0,0,0,0,0,0,0,0,0,0,0,0,0,0,1,0,0
M0uOlUrn-Pk,2022-11-14,-0.9918078780174256,12455.0,Sakshi,280.0,49.0,vishakapatnam_north.png,Ganta Srinivasarao,TDP,vishakapatnam_north,0,0,0,0,1,0,1,0,0,0,1,0,0,0,0,0,0,1,0,0
hp9TES64kXo,2022-11-14,0.9937773942947388,11615.0,Sakshi,299.0,35.0,vishakapatnam_north.png,Ganta Srinivasarao,TDP,vishakapatnam_north,0,0,0,0,1,0,1,0,0,0,0,0,0,0,0,0,0,0,0,0
m-SN6K4Zm2k,2022-11-14,-0.9975511431694032,4202.0,Sakshi,130.0,44.0,vishakapatnam_north.png,Ganta Srinivasarao,TDP,vishakapatnam_north,0,0,0,0,0,1,1,0,0,0,0,0,0,0,1,1,0,1,0,1
ohZoasKshX8,2022-11-14,0.9964632391929626,4909.0,Sakshi,92.0,26.0,vishakapatnam_north.png,Ganta Srinivasarao,TDP,vishakapatnam_north,0,0,1,0,0,1,1,0,0,1,0,0,1,1,1,1,1,1,0,1
wMn2VcmZbdM,2022-11-14,-0.9981504082679749,73676.0,Sakshi,263.0,387.0,vishakapatnam_north.png,Ganta Srinivasarao,TDP,vishakapatnam_north,0,1,1,0,0,1,1,0,0,0,1,0,0,0,1,0,0,1,1,0
pjeXrRWvjJU,2022-11-14,0.998477041721344,1880.0,Sakshi,338.0,1.0,vishakapatnam_north.png,Ganta Srinivasarao,TDP,vishakapatnam_north,0,0,0,0,1,0,1,0,0,0,0,0,0,0,0,0,0,0,0,0
YxE6QAw1C3Q,2022-11-14,0.9983989596366882,21930.0,Sakshi,492.0,19.0,vishakapatnam_north.png,Ganta Srinivasarao,TDP,vishakapatnam_north,0,0,0,0,1,0,1,0,0,0,0,0,0,0,0,0,0,0,0,0
8JeNfq-5XvE,2022-11-16,-0.9980667233467102,18015.0,TV5,347.0,9.0,vishakapatnam_north.png,Ganta Srinivasarao,TDP,vishakapatnam_north,0,0,0,0,0,0,0,0,0,0,0,0,0,0,0,0,0,0,0,0
kmjX6v072Cs,2022-11-19,-0.997588276863098,2918.0,TV9,154.0,0.0,vishakapatnam_north.png,Ganta Srinivasarao,TDP,vishakapatnam_north,0,0,0,0,0,0,0,0,0,0,0,1,0,0,0,0,0,0,0,1
uw8PLP4uuhA,2022-11-26,-0.9923446774482728,402331.0,Sakshi,589.0,572.0,vishakapatnam_north.png,Ganta Srinivasarao,TDP,vishakapatnam_north,0,0,0,0,0,0,0,0,0,0,0,0,0,0,0,0,0,0,0,0
o_s9UTZVSIA,2022-11-30,0.9770885109901428,2064.0,TV9,383.0,4.0,vishakapatnam_north.png,Ganta Srinivasarao,TDP,vishakapatnam_north,0,0,0,0,0,0,0,0,0,0,0,0,0,0,0,0,0,0,0,0
GTgbPBSY4c0,2022-11-30,-0.9983519315719604,3355.0,TV9,138.0,4.0,vishakapatnam_north.png,Ganta Srinivasarao,TDP,vishakapatnam_north,0,0,1,0,0,0,0,0,0,0,0,1,0,1,0,1,0,0,0,0
bHOsSFfIauU,2022-11-30,-0.9871106147766112,1276.0,TV9,299.0,1.0,vishakapatnam_north.png,Ganta Srinivasarao,TDP,vishakapatnam_north,0,0,0,0,0,0,0,0,0,0,0,0,0,0,0,0,0,0,1,0
Q1UqzPGij_k,2022-12-01,-0.9976015686988832,1677.0,TV9,154.0,7.0,vishakapatnam_north.png,Ganta Srinivasarao,TDP,vishakapatnam_north,0,0,1,1,0,0,0,0,0,1,0,1,1,0,1,1,1,0,0,1
50Z7zWNZxE4,2022-12-01,-0.9984897375106812,1093.0,TV9,155.0,0.0,vishakapatnam_north.png,Ganta Srinivasarao,TDP,vishakapatnam_north,0,1,1,1,0,0,0,0,0,0,0,1,0,0,1,0,0,0,0,1
eJmyHd0Vj74,2022-12-04,-0.9993017911911012,4720.0,TV9,351.0,14.0,vishakapatnam_north.png,Ganta Srinivasarao,TDP,vishakapatnam_north,0,0,1,1,0,0,0,0,0,0,0,1,0,0,0,0,0,1,0,0
BkLrUdfEEzk,2022-12-05,-0.9978006482124328,2660.0,TV9,262.0,14.0,vishakapatnam_north.png,Ganta Srinivasarao,TDP,vishakapatnam_north,0,1,0,0,0,1,0,0,0,0,0,0,0,0,0,0,0,0,0,0
daYTmXY09d4,2022-12-07,-0.6340252757072449,1237.0,TV9,197.0,3.0,vishakapatnam_north.png,Ganta Srinivasarao,TDP,vishakapatnam_north,0,0,0,0,0,0,0,0,0,0,0,0,0,0,0,0,0,1,0,0
W4mET8eDT50,2022-12-07,-0.997967541217804,1988.0,TV9,253.0,4.0,vishakapatnam_north.png,Ganta Srinivasarao,TDP,vishakapatnam_north,0,0,0,1,0,0,0,0,0,0,0,0,0,0,0,0,0,0,0,0
aE8hKzMLRbs,2022-12-07,-0.9956281185150146,3400.0,TV9,281.0,0.0,vishakapatnam_north.png,Ganta Srinivasarao,TDP,vishakapatnam_north,1,0,0,0,0,0,0,0,0,0,0,0,0,0,0,0,0,0,0,0
zJbQQEJP5-Q,2022-12-07,0.9924235343933104,879.0,TV5,378.0,0.0,vishakapatnam_north.png,Ganta Srinivasarao,TDP,vishakapatnam_north,0,0,0,0,0,0,0,0,0,0,0,0,0,0,0,0,0,0,0,0
ps9xjILbfq8,2022-12-07,0.9985503554344176,1473.0,TV9,239.0,0.0,vishakapatnam_north.png,Ganta Srinivasarao,TDP,vishakapatnam_north,0,0,0,1,0,0,0,0,0,0,0,0,0,0,0,0,0,1,0,0
9XYe-Yt5HNw,2022-12-07,0.9965772032737732,5662.0,TV9,355.0,38.0,vishakapatnam_north.png,Ganta Srinivasarao,TDP,vishakapatnam_north,0,0,0,0,0,0,0,0,0,0,0,0,0,0,0,0,0,0,0,0
DYtiRiGXN1o,2022-12-07,-0.970132291316986,822.0,TV9,146.0,1.0,vishakapatnam_north.png,Ganta Srinivasarao,TDP,vishakapatnam_north,0,0,0,0,0,0,0,0,0,0,0,0,0,0,0,0,0,1,0,0
WeCwU02IaTg,2022-12-07,0.9962111711502076,1458.0,TV9,101.0,4.0,vishakapatnam_north.png,Ganta Srinivasarao,TDP,vishakapatnam_north,1,0,0,0,0,0,0,0,0,0,0,0,0,0,0,1,0,1,0,0
Yui4tLn_cJs,2022-12-07,-0.9906249642372132,3905.0,TV5,307.0,2.0,vishakapatnam_north.png,Ganta Srinivasarao,TDP,vishakapatnam_north,0,1,1,1,0,0,0,0,0,0,0,0,0,1,0,1,0,0,0,0
sQkt7wg4xic,2022-12-07,0.993371605873108,1497.0,TV9,145.0,2.0,vishakapatnam_north.png,Ganta Srinivasarao,TDP,vishakapatnam_north,1,0,1,1,0,0,0,0,0,0,1,0,0,0,0,1,0,1,1,0
JWaFSbxqnE8,2022-12-07,0.9988502264022828,3999.0,TV9,122.0,5.0,vishakapatnam_north.png,Ganta Srinivasarao,TDP,vishakapatnam_north,1,1,1,1,1,0,0,0,0,0,1,0,1,0,0,1,1,1,1,1
UJc4lV7-lDU,2022-12-07,-0.9987038373947144,2199.0,TV9,251.0,10.0,vishakapatnam_north.png,Ganta Srinivasarao,TDP,vishakapatnam_north,0,0,0,0,0,0,0,0,0,0,0,0,0,1,0,1,0,0,0,0
4KRlLQl2sfI,2022-12-07,0.9966666102409364,6460.0,TV9,249.0,24.0,vishakapatnam_north.png,Ganta Srinivasarao,TDP,vishakapatnam_north,0,0,0,1,0,0,0,0,0,0,0,0,0,0,0,0,0,1,0,0
L3O9OVCHRk4,2022-12-07,-0.999454915523529,1847.0,TV9,333.0,8.0,vishakapatnam_north.png,Ganta Srinivasarao,TDP,vishakapatnam_north,1,0,0,0,0,0,0,0,0,0,0,0,0,0,0,0,0,1,0,0
lwmR7Vpi-nA,2022-12-07,0.99880850315094,185.0,TV9,266.0,0.0,vishakapatnam_north.png,Ganta Srinivasarao,TDP,vishakapatnam_north,0,0,0,0,0,0,0,0,0,0,0,0,0,0,0,0,0,0,1,0
pKcvpdKjD6c,2022-12-07,0.9987273812294006,1719.0,TV9,255.0,0.0,vishakapatnam_north.png,Ganta Srinivasarao,TDP,vishakapatnam_north,0,0,0,0,0,0,0,0,0,0,0,0,0,0,0,0,0,1,0,0
5VZAiRUYnSA,2022-12-07,0.9983035326004028,1925.0,TV9,225.0,0.0,vishakapatnam_north.png,Ganta Srinivasarao,TDP,vishakapatnam_north,0,0,0,0,0,0,0,0,0,0,0,0,0,0,0,0,0,0,1,0
-TtXbH0R8T4,2022-12-08,0.9884113073349,1234.0,TV9,282.0,4.0,vishakapatnam_north.png,Ganta Srinivasarao,TDP,vishakapatnam_north,0,0,0,1,0,0,0,0,0,0,0,0,0,0,0,0,0,0,0,0
lrh8myqMQVQ,2022-12-08,-0.99762362241745,2008.0,TV9,346.0,4.0,vishakapatnam_north.png,Ganta Srinivasarao,TDP,vishakapatnam_north,0,0,0,0,0,0,0,0,0,0,0,0,0,0,0,0,0,1,0,0
TDA_5JOLC6w,2022-12-09,-0.9843714833259584,1942.0,TV9,253.0,0.0,vishakapatnam_north.png,Ganta Srinivasarao,TDP,vishakapatnam_north,0,0,0,0,0,0,0,0,0,0,0,0,0,0,0,0,0,0,0,0
IXpelCRwfV0,2022-12-11,-0.9976629018783568,158779.0,Sakshi,282.0,176.0,vishakapatnam_north.png,Ganta Srinivasarao,TDP,vishakapatnam_north,0,0,0,0,0,1,1,0,0,0,0,0,0,0,0,0,0,1,0,0
JCU4m9abgT4,2022-12-12,-0.9878745675086976,16322.0,TV9,198.0,13.0,vishakapatnam_north.png,Ganta Srinivasarao,TDP,vishakapatnam_north,0,0,0,0,0,0,0,0,0,0,0,0,0,0,0,0,0,0,0,0
Jxn3wWRFPmk,2022-12-12,-0.9990979433059692,2350.0,Sakshi,384.0,23.0,vishakapatnam_north.png,Ganta Srinivasarao,TDP,vishakapatnam_north,0,1,1,1,0,1,1,1,1,1,0,0,0,0,0,1,0,1,1,1
qoZRLl0Itt0,2022-12-12,0.9984569549560548,36783.0,Sakshi,512.0,77.0,vishakapatnam_north.png,Ganta Srinivasarao,TDP,vishakapatnam_north,0,0,0,0,1,1,1,0,0,0,0,0,0,0,0,0,0,0,0,0
5KgfTt7oqI8,2022-12-12,0.9985733032226562,56405.0,Sakshi,553.0,42.0,vishakapatnam_north.png,Ganta Srinivasarao,TDP,vishakapatnam_north,0,0,0,0,1,0,0,0,0,0,0,0,0,0,0,0,0,0,0,0
y7XkrhoC0W4,2022-12-12,0.9965623021125792,16936.0,Sakshi,521.0,39.0,vishakapatnam_north.png,Ganta Srinivasarao,TDP,vishakapatnam_north,0,0,0,0,0,0,1,0,0,0,0,0,0,0,0,0,0,0,0,0
ry93IeqGTcs,2022-12-15,0.997928500175476,5283.0,TV9,142.0,7.0,vishakapatnam_north.png,Ganta Srinivasarao,TDP,vishakapatnam_north,0,0,0,0,0,0,0,0,1,0,0,0,0,0,0,0,0,0,1,0
kz_teM-VIqE,2022-12-16,0.9916568994522096,34333.0,Sakshi,196.0,40.0,vishakapatnam_north.png,Ganta Srinivasarao,TDP,vishakapatnam_north,0,0,0,0,0,0,0,0,0,0,0,0,0,0,0,0,0,1,0,0
qX7JveJP6hQ,2022-12-22,-0.9978495836257936,45527.0,TV9,518.0,108.0,vishakapatnam_north.png,Ganta Srinivasarao,TDP,vishakapatnam_north,0,0,0,0,0,0,0,0,0,0,0,0,0,0,0,0,0,0,0,0
VSKv8KxUMuA,2022-12-24,-0.9945584535598756,609.0,TV9,105.0,0.0,vishakapatnam_north.png,Ganta Srinivasarao,TDP,vishakapatnam_north,0,0,0,0,0,0,0,0,0,0,0,0,0,0,0,0,0,0,0,0
px03EyB4sjA,2022-12-26,0.9965052604675292,4937.0,TV9,493.0,0.0,vishakapatnam_north.png,Ganta Srinivasarao,TDP,vishakapatnam_north,0,0,0,0,0,0,0,0,0,0,0,0,0,0,0,0,0,0,0,0
vh9afZFCET4,2022-12-26,0.9969955682754515,2608.0,TV9,318.0,2.0,vishakapatnam_north.png,Ganta Srinivasarao,TDP,vishakapatnam_north,0,0,0,0,0,0,0,0,0,0,0,0,0,0,0,0,1,0,0,1
MTTDi2ueYuo,2022-12-26,0.9898579716682434,2163.0,TV9,271.0,2.0,vishakapatnam_north.png,Ganta Srinivasarao,TDP,vishakapatnam_north,0,0,0,0,0,0,0,0,0,0,0,0,0,0,0,0,0,0,0,0
mm9F_KALl48,2022-12-29,-0.9941686391830444,11335.0,TV5,315.0,11.0,vishakapatnam_north.png,Ganta Srinivasarao,TDP,vishakapatnam_north,0,0,0,0,0,0,0,1,0,0,0,0,0,0,1,0,0,0,0,0
rPVchd2hb3E,2022-12-29,-0.9929364323616028,2372.0,TV5,284.0,11.0,vishakapatnam_north.png,Ganta Srinivasarao,TDP,vishakapatnam_north,0,1,1,0,0,0,0,1,0,0,0,0,0,0,0,0,0,0,0,0
zdhcJxAnRUA,2023-01-02,-0.9990907907485962,2442.0,TV9,298.0,9.0,vishakapatnam_north.png,Ganta Srinivasarao,TDP,vishakapatnam_north,0,0,0,0,0,0,0,0,0,0,0,0,0,0,0,0,0,0,0,0
0I_WkskXb-A,2023-01-02,-0.9866118431091307,1054.0,ABN,327.0,11.0,vishakapatnam_north.png,Ganta Srinivasarao,TDP,vishakapatnam_north,0,0,0,0,0,0,0,0,0,0,0,0,0,0,0,0,0,0,0,0
1iy4z3yoDKE,2023-01-02,-0.9968032836914062,2187.0,TV9,276.0,5.0,vishakapatnam_north.png,Ganta Srinivasarao,TDP,vishakapatnam_north,0,0,0,0,0,0,0,0,0,0,0,0,0,0,0,0,0,0,0,0
Q0X3f-JTxC4,2023-01-02,-0.9772555232048036,820.0,ABN,247.0,10.0,vishakapatnam_north.png,Ganta Srinivasarao,TDP,vishakapatnam_north,0,0,0,0,0,0,0,0,0,0,0,0,0,0,0,0,0,0,0,0
s-VIUnzQ7yA,2023-01-02,-0.9944438338279724,1366.0,ABN,179.0,2.0,vishakapatnam_north.png,Ganta Srinivasarao,TDP,vishakapatnam_north,0,0,0,0,0,0,0,0,0,0,0,0,0,0,0,0,0,0,0,0
NgAJBrHaouo,2023-01-02,0.9967485666275024,740.0,ABN,208.0,3.0,vishakapatnam_north.png,Ganta Srinivasarao,TDP,vishakapatnam_north,0,0,0,1,0,0,0,0,0,0,0,0,0,0,0,0,0,1,0,0
q1XexlNseas,2023-01-02,0.9930778741836548,935.0,ABN,208.0,6.0,vishakapatnam_north.png,Ganta Srinivasarao,TDP,vishakapatnam_north,0,0,0,1,0,0,0,0,0,0,0,0,0,0,0,0,0,1,0,0
fhjsAapg_QU,2023-01-02,0.9984875917434692,6356.0,ABN,291.0,27.0,vishakapatnam_north.png,Ganta Srinivasarao,TDP,vishakapatnam_north,0,0,0,0,0,1,0,0,0,0,1,0,0,0,0,0,0,0,1,0
UPMG58kBwJQ,2023-01-02,0.9922056794166564,1292.0,TV9,192.0,3.0,vishakapatnam_north.png,Ganta Srinivasarao,TDP,vishakapatnam_north,0,0,0,0,0,0,0,0,0,0,0,0,0,0,0,0,0,0,0,0
p4IvrAzYMDc,2023-01-02,0.9975700974464417,438.0,ABN,218.0,3.0,vishakapatnam_north.png,Ganta Srinivasarao,TDP,vishakapatnam_north,0,0,0,0,0,0,0,0,0,0,0,0,0,0,0,0,0,0,0,0
ShAEr08l35k,2023-01-02,-0.990397572517395,2741.0,TV9,199.0,12.0,vishakapatnam_north.png,Ganta Srinivasarao,TDP,vishakapatnam_north,0,0,0,0,0,0,0,0,0,0,0,0,0,0,0,0,0,0,0,0
A51gy8UFWcY,2023-01-02,-0.8512880802154541,1133.0,ABN,356.0,15.0,vishakapatnam_north.png,Ganta Srinivasarao,TDP,vishakapatnam_north,0,0,0,0,0,0,0,0,1,0,0,0,0,0,0,0,0,0,0,0
Pt8ZUxo2zoM,2023-01-02,-0.9954634308815002,2017.0,TV9,264.0,3.0,vishakapatnam_north.png,Ganta Srinivasarao,TDP,vishakapatnam_north,0,0,0,0,0,0,0,0,0,0,0,0,0,0,0,0,0,0,0,0
8ynvpiDlz88,2023-01-02,-0.989741325378418,1206.0,TV9,342.0,0.0,vishakapatnam_north.png,Ganta Srinivasarao,TDP,vishakapatnam_north,0,0,0,0,0,0,0,0,0,0,0,0,0,0,0,0,0,1,0,0
AMTc8lskNmI,2023-01-02,0.989470601081848,1626.0,TV9,184.0,10.0,vishakapatnam_north.png,Ganta Srinivasarao,TDP,vishakapatnam_north,0,0,0,0,0,0,0,0,0,0,0,0,0,0,0,0,0,0,0,0
Y1YcrnKGFhs,2023-01-02,-0.9854544401168824,16233.0,TV9,241.0,87.0,vishakapatnam_north.png,Ganta Srinivasarao,TDP,vishakapatnam_north,0,0,0,0,0,0,0,0,1,0,0,0,0,1,0,1,0,0,1,0
fvk6Gy92jZs,2023-01-02,0.998484194278717,2736.0,TV9,257.0,10.0,vishakapatnam_north.png,Ganta Srinivasarao,TDP,vishakapatnam_north,0,0,0,0,0,0,0,0,1,0,1,0,0,0,0,0,0,0,0,0
q3344webGdM,2023-01-02,0.989170491695404,3866.0,TV9,275.0,7.0,vishakapatnam_north.png,Ganta Srinivasarao,TDP,vishakapatnam_north,0,0,0,0,0,1,0,0,0,0,0,0,0,0,0,0,0,1,1,0
zTBjDxW-A50,2023-01-02,-0.9982884526252748,1176.0,ABN,179.0,4.0,vishakapatnam_north.png,Ganta Srinivasarao,TDP,vishakapatnam_north,0,0,0,0,0,0,0,0,0,0,0,0,0,0,0,0,0,1,0,0
nleQGvBQ4QQ,2023-01-02,0.9964403510093688,2523.0,TV9,237.0,8.0,vishakapatnam_north.png,Ganta Srinivasarao,TDP,vishakapatnam_north,0,0,0,1,0,0,0,0,0,0,0,0,0,0,0,0,0,0,0,0
l8x4q8CWKOk,2023-01-02,-0.9952334761619568,3046.0,TV9,201.0,9.0,vishakapatnam_north.png,Ganta Srinivasarao,TDP,vishakapatnam_north,0,0,0,0,0,0,0,0,1,0,0,0,0,0,0,0,0,0,1,0
JZh5LWZtWHE,2023-01-02,0.9805337190628052,1311.0,ABN,389.0,5.0,vishakapatnam_north.png,Ganta Srinivasarao,TDP,vishakapatnam_north,0,0,0,0,0,0,0,0,0,0,0,0,0,0,0,0,0,0,0,0
RqEUSeCtvbI,2023-01-02,0.9963829517364502,1741.0,TV9,268.0,2.0,vishakapatnam_north.png,Ganta Srinivasarao,TDP,vishakapatnam_north,0,0,1,1,1,0,1,0,0,1,1,0,1,0,0,0,0,1,1,0
CXmNjSHtAn8,2023-01-03,0.9976958632469176,1587.0,TV9,64.0,1.0,vishakapatnam_north.png,Ganta Srinivasarao,TDP,vishakapatnam_north,0,0,0,1,0,1,0,0,1,0,0,0,0,0,0,1,0,0,1,0
_YNC4XrO73A,2023-01-03,0.9972840547561646,1082.0,TV9,286.0,5.0,vishakapatnam_north.png,Ganta Srinivasarao,TDP,vishakapatnam_north,0,0,0,0,0,0,0,0,1,0,0,0,0,0,0,0,0,0,0,0
bDh3xGUEQzY,2023-01-04,-0.9980677962303162,1204.0,TV9,84.0,0.0,vishakapatnam_north.png,Ganta Srinivasarao,TDP,vishakapatnam_north,0,0,0,0,0,0,0,0,0,0,0,0,0,0,0,0,0,1,0,0
51h6OAMXMLg,2023-01-05,-0.9858513474464417,3213.0,TV9,164.0,4.0,vishakapatnam_north.png,Ganta Srinivasarao,TDP,vishakapatnam_north,0,0,0,0,0,0,0,0,0,0,0,0,0,0,0,0,0,0,0,0
fD4k90JvHAY,2023-01-09,0.9987741112709044,5994.0,Sakshi,352.0,16.0,vishakapatnam_north.png,Ganta Srinivasarao,TDP,vishakapatnam_north,0,1,1,0,1,0,0,0,0,0,0,0,0,0,0,0,0,1,1,0
kohcaai9V34,2023-01-10,0.9955233335494996,28168.0,Sakshi,558.0,65.0,vishakapatnam_north.png,Ganta Srinivasarao,TDP,vishakapatnam_north,0,1,0,0,0,1,0,0,0,0,0,0,0,0,0,0,0,0,0,0
pAKg3p_mji0,2023-01-12,0.994476854801178,622.0,TV5,444.0,1.0,vishakapatnam_north.png,Ganta Srinivasarao,TDP,vishakapatnam_north,1,1,1,0,0,0,0,0,0,0,0,0,0,0,0,1,0,0,1,0
Xq-jQ5aBbCs,2023-01-12,0.9983298182487488,625.0,TV9,458.0,3.0,vishakapatnam_north.png,Ganta Srinivasarao,TDP,vishakapatnam_north,0,0,0,0,0,0,0,0,0,0,0,0,0,0,0,0,0,0,0,0
29vuFOIUEbY,2023-01-12,0.9469472765922546,828.0,TV9,229.0,2.0,vishakapatnam_north.png,Ganta Srinivasarao,TDP,vishakapatnam_north,0,0,0,0,0,0,0,0,0,0,0,0,0,0,0,0,0,0,0,0
_yyOmoIpjlc,2023-01-14,0.9986237287521362,113052.0,TV5,90.0,43.0,vishakapatnam_north.png,Ganta Srinivasarao,TDP,vishakapatnam_north,0,0,0,0,0,0,0,0,0,0,0,0,0,0,0,0,0,0,0,0
yUg6cb60_0o,2023-01-18,0.997500479221344,1008.0,TV9,328.0,0.0,vishakapatnam_north.png,Ganta Srinivasarao,TDP,vishakapatnam_north,0,0,0,0,0,0,0,0,0,0,0,0,0,0,0,0,0,0,0,0
VvfRkVHsHeo,2023-01-18,0.922110080718994,1181.0,TV9,396.0,6.0,vishakapatnam_north.png,Ganta Srinivasarao,TDP,vishakapatnam_north,0,0,0,0,0,0,0,0,0,0,0,0,0,0,0,0,0,0,0,0
uRY9SQPqPZw,2023-01-18,-0.971399188041687,1361.0,TV9,241.0,0.0,vishakapatnam_north.png,Ganta Srinivasarao,TDP,vishakapatnam_north,0,0,0,0,0,0,0,0,0,0,0,0,0,0,0,0,0,0,0,0
Fw5iRJxhFRw,2023-01-18,0.8379368782043457,1034.0,ABN,358.0,10.0,vishakapatnam_north.png,Ganta Srinivasarao,TDP,vishakapatnam_north,0,0,0,0,0,0,0,0,0,0,0,0,0,0,0,0,0,0,0,0
6CW8vxD30K0,2023-01-18,0.998400866985321,1780.0,TV9,306.0,1.0,vishakapatnam_north.png,Ganta Srinivasarao,TDP,vishakapatnam_north,0,0,0,0,0,0,0,0,0,0,0,0,0,0,0,0,0,0,0,0
uwF9FYlJPfk,2023-01-18,0.9564987421035768,2169.0,TV9,184.0,1.0,vishakapatnam_north.png,Ganta Srinivasarao,TDP,vishakapatnam_north,0,0,0,1,0,0,0,0,0,0,0,0,0,0,0,0,0,0,0,0
tnTZRieyKmA,2023-01-18,-0.9911333918571472,2336.0,ABN,402.0,25.0,vishakapatnam_north.png,Ganta Srinivasarao,TDP,vishakapatnam_north,0,0,0,0,0,0,0,0,0,0,0,0,0,0,0,0,0,0,0,0
SxxTQ5mY58Q,2023-01-18,-0.9829949736595154,2140.0,TV9,98.0,5.0,vishakapatnam_north.png,Ganta Srinivasarao,TDP,vishakapatnam_north,0,0,0,0,0,0,0,0,0,0,0,0,0,0,0,0,0,0,0,0
ZJz2HbdYXLU,2023-01-20,0.9830421209335328,24056.0,TV9,517.0,8.0,vishakapatnam_north.png,Ganta Srinivasarao,TDP,vishakapatnam_north,0,0,0,0,0,0,0,0,0,0,0,0,0,0,0,0,0,0,0,0
s47aeCfnsEg,2023-01-20,0.9649443626403807,80056.0,TV9,439.0,47.0,vishakapatnam_north.png,Ganta Srinivasarao,TDP,vishakapatnam_north,1,0,0,0,0,0,0,0,0,0,0,0,0,0,0,0,0,0,0,0
XJ409jVHyqg,2023-01-21,0.997191607952118,218829.0,TV9,216.0,76.0,vishakapatnam_north.png,Ganta Srinivasarao,TDP,vishakapatnam_north,1,0,0,0,0,0,0,0,0,0,0,0,1,0,0,0,0,0,0,0
lBE81m-TGsw,2023-01-23,-0.9892149567604064,2860.0,Sakshi,270.0,17.0,vishakapatnam_north.png,Ganta Srinivasarao,TDP,vishakapatnam_north,1,0,0,0,0,0,1,1,0,0,0,0,0,0,0,0,0,0,0,0
DoW9f-mcGF8,2023-01-23,-0.998767912387848,1221.0,TV9,52.0,1.0,vishakapatnam_north.png,Ganta Srinivasarao,TDP,vishakapatnam_north,1,1,1,0,0,1,1,1,1,1,0,0,1,1,1,1,1,0,1,1
jyenEZwI2YI,2023-01-23,-0.994236171245575,799.0,TV9,153.0,2.0,vishakapatnam_north.png,Ganta Srinivasarao,TDP,vishakapatnam_north,1,1,1,1,0,0,0,0,1,1,0,0,1,0,0,1,1,0,1,0
t4D3h9uajIY,2023-01-23,-0.8243867754936218,13451.0,Sakshi,540.0,43.0,vishakapatnam_north.png,Ganta Srinivasarao,TDP,vishakapatnam_north,0,0,0,0,0,0,0,1,0,0,0,0,0,0,0,0,0,0,0,0
cP35OW4I7nI,2023-01-23,0.995971381664276,1040.0,TV9,141.0,0.0,vishakapatnam_north.png,Ganta Srinivasarao,TDP,vishakapatnam_north,0,0,0,0,0,0,0,0,1,0,0,0,0,0,0,0,0,0,0,0
Rlq8x57JLrQ,2023-01-24,-0.9980036616325378,7154.0,TV9,76.0,8.0,vishakapatnam_north.png,Ganta Srinivasarao,TDP,vishakapatnam_north,0,0,0,0,0,0,0,0,1,0,0,0,0,0,0,0,0,1,1,0
IjlmefpysDY,2023-01-25,0.9984525442123412,2660.0,TV9,100.0,10.0,vishakapatnam_north.png,Ganta Srinivasarao,TDP,vishakapatnam_north,0,0,0,0,0,0,0,1,0,0,0,0,0,0,0,0,0,0,0,0
mnG7VYz1Ajc,2023-01-27,-0.9965317845344543,3547.0,TV9,204.0,1.0,vishakapatnam_north.png,Ganta Srinivasarao,TDP,vishakapatnam_north,0,0,0,0,0,0,0,0,0,0,0,0,0,0,0,0,0,0,0,0
ecvF8tb0xtg,2023-01-27,0.9973709583282472,5282.0,Sakshi,508.0,18.0,vishakapatnam_north.png,Ganta Srinivasarao,TDP,vishakapatnam_north,0,0,1,0,0,1,1,1,0,1,0,0,0,0,0,0,0,0,0,0
TWwfpkdEDEs,2023-01-30,-0.9961673617362976,3097.0,TV9,447.0,3.0,vishakapatnam_north.png,Ganta Srinivasarao,TDP,vishakapatnam_north,0,0,0,0,0,0,0,0,0,0,0,0,0,0,0,0,0,0,0,0
htSNP42ST_0,2023-02-02,0.9918032288551332,2507.0,TV9,107.0,7.0,vishakapatnam_north.png,Ganta Srinivasarao,TDP,vishakapatnam_north,0,0,0,1,0,0,0,0,1,0,0,0,0,0,0,0,0,0,1,0
0fwDzceawTs,2023-02-06,-0.9985450506210328,3069.0,TV9,290.0,1.0,vishakapatnam_north.png,Ganta Srinivasarao,TDP,vishakapatnam_north,0,0,0,0,0,0,0,0,0,0,0,0,0,0,0,0,0,0,0,0
n8QtsGLxVlw,2023-02-07,0.997710108757019,801.0,ABN,118.0,1.0,vishakapatnam_north.png,Ganta Srinivasarao,TDP,vishakapatnam_north,0,0,0,0,0,0,0,0,0,0,0,0,0,0,0,0,0,0,0,0
qDzB8_BwrGk,2023-02-07,-0.9976298809051514,1301.0,ABN,134.0,0.0,vishakapatnam_north.png,Ganta Srinivasarao,TDP,vishakapatnam_north,0,0,0,0,0,0,0,0,0,0,0,0,0,0,0,0,0,0,0,0
q8lARzewKZw,2023-02-08,-0.998254120349884,3887.0,Sakshi,500.0,5.0,vishakapatnam_north.png,Ganta Srinivasarao,TDP,vishakapatnam_north,0,1,1,1,1,0,0,1,0,1,0,0,0,0,0,0,0,1,1,0
eMdHV8k1zsU,2023-02-14,0.9972800016403198,1748.0,TV9,233.0,0.0,vishakapatnam_north.png,Ganta Srinivasarao,TDP,vishakapatnam_north,0,0,0,0,0,0,0,0,0,0,0,0,0,0,0,0,1,0,0,0
-eIKcyuNgDQ,2023-02-18,-0.9974049925804138,1014.0,TV9,268.0,0.0,vishakapatnam_north.png,Ganta Srinivasarao,TDP,vishakapatnam_north,0,0,0,0,0,0,0,0,1,0,0,0,0,0,0,0,0,0,0,0
RwVTrWPy1Ps,2023-02-19,-0.9940709471702576,79318.0,Sakshi,549.0,76.0,vishakapatnam_north.png,Ganta Srinivasarao,TDP,vishakapatnam_north,0,0,0,0,0,0,0,0,0,0,0,0,0,0,0,0,0,0,0,0
h76ydn2S5A0,2023-02-20,0.9986928105354308,13121.0,Sakshi,314.0,17.0,vishakapatnam_north.png,Ganta Srinivasarao,TDP,vishakapatnam_north,0,1,1,0,1,0,0,0,0,1,0,0,0,0,0,0,0,1,1,0
0SXsox2kpGI,2023-02-20,0.987901210784912,2430.0,Sakshi,454.0,9.0,vishakapatnam_north.png,Ganta Srinivasarao,TDP,vishakapatnam_north,0,0,1,0,1,0,0,0,0,0,0,0,0,0,0,0,0,0,0,0
braxA5L6OJw,2023-02-20,0.9986441731452942,27934.0,Sakshi,166.0,48.0,vishakapatnam_north.png,Ganta Srinivasarao,TDP,vishakapatnam_north,0,1,1,0,1,0,0,0,1,1,1,0,0,0,0,1,0,1,1,0
vJNeHT0OHh4,2023-02-26,-0.9897430539131165,147483.0,ABN,252.0,29.0,vishakapatnam_north.png,Ganta Srinivasarao,TDP,vishakapatnam_north,0,0,0,1,0,0,0,0,0,0,0,0,0,0,0,0,0,0,0,0
O_xc4jflUIM,2023-03-01,0.9785284996032716,27631.0,ABN,335.0,37.0,vishakapatnam_north.png,Ganta Srinivasarao,TDP,vishakapatnam_north,0,1,1,0,0,0,0,0,0,0,0,0,0,0,0,0,0,0,0,0
zLlncqYZKNw,2023-03-01,-0.9989073276519777,6319.0,ABN,195.0,5.0,vishakapatnam_north.png,Ganta Srinivasarao,TDP,vishakapatnam_north,0,0,0,0,0,0,0,0,0,0,0,0,0,0,0,0,0,0,0,0
AHLuO40Tanw,2023-03-02,-0.9984551668167114,6929.0,TV9,261.0,3.0,vishakapatnam_north.png,Ganta Srinivasarao,TDP,vishakapatnam_north,1,0,0,1,0,0,0,0,0,0,0,0,0,0,0,0,0,0,0,0
YhmMFHhNx3Y,2023-03-02,-0.9919465184211732,5328.0,TV9,195.0,10.0,vishakapatnam_north.png,Ganta Srinivasarao,TDP,vishakapatnam_north,1,0,0,1,0,0,0,0,1,0,0,0,0,1,0,0,0,0,0,0
u6r0CXvQ890,2023-03-03,-0.9911220073699952,116687.0,ABN,279.0,120.0,vishakapatnam_north.png,Ganta Srinivasarao,TDP,vishakapatnam_north,0,0,0,0,0,0,0,0,0,0,0,0,0,0,0,0,0,0,0,0
aVhtKryT_Hs,2023-03-05,-0.997974932193756,925.0,TV9,269.0,2.0,vishakapatnam_north.png,Ganta Srinivasarao,TDP,vishakapatnam_north,0,0,0,0,0,0,0,0,0,0,0,0,0,0,0,0,0,0,0,0
SBJEE-stae8,2023-03-05,0.9967615008354188,2588.0,TV9,251.0,7.0,vishakapatnam_north.png,Ganta Srinivasarao,TDP,vishakapatnam_north,0,0,0,0,0,0,0,0,0,0,0,0,0,0,0,0,0,0,0,0
bJaz5YnXhIk,2023-03-05,0.9971728324890136,612.0,TV9,19.0,0.0,vishakapatnam_north.png,Ganta Srinivasarao,TDP,vishakapatnam_north,0,0,0,0,0,0,0,0,0,0,0,0,0,0,0,0,0,0,0,0
8FN0CeKX1Pw,2023-03-05,-0.9994138479232788,2552.0,TV9,188.0,2.0,vishakapatnam_north.png,Ganta Srinivasarao,TDP,vishakapatnam_north,0,0,1,1,0,0,0,0,0,1,0,1,1,1,0,1,1,0,0,1
flKe1XlSWDo,2023-03-05,-0.9941806197166444,1526.0,TV9,270.0,0.0,vishakapatnam_north.png,Ganta Srinivasarao,TDP,vishakapatnam_north,0,0,1,1,0,0,0,0,0,0,0,1,0,0,0,0,0,1,1,0
ooQ5NlyC7-8,2023-03-05,-0.9989317059516908,960.0,TV9,277.0,0.0,vishakapatnam_north.png,Ganta Srinivasarao,TDP,vishakapatnam_north,0,0,0,1,0,0,0,0,0,0,0,1,0,0,0,0,0,0,0,0
3zq_P9SZ6CY,2023-03-07,0.9869540333747864,990.0,TV5,248.0,0.0,vishakapatnam_north.png,Ganta Srinivasarao,TDP,vishakapatnam_north,0,0,0,0,0,0,0,0,0,0,0,0,0,0,0,0,0,1,0,1
8dswKV69WQk,2023-03-07,0.9877203106880188,60086.0,TV5,303.0,29.0,vishakapatnam_north.png,Ganta Srinivasarao,TDP,vishakapatnam_north,1,1,1,0,0,0,0,0,0,1,0,0,0,0,0,0,0,0,0,1
-scaXvd2hLE,2023-03-10,0.9949359893798828,4897.0,TV9,199.0,11.0,vishakapatnam_north.png,Ganta Srinivasarao,TDP,vishakapatnam_north,0,0,0,0,0,1,0,0,0,0,0,0,0,0,0,0,0,0,0,0
Qjyy_U_BLXA,2023-03-13,0.998701810836792,15115.0,TV9,182.0,13.0,vishakapatnam_north.png,Ganta Srinivasarao,TDP,vishakapatnam_north,0,0,0,0,0,0,0,0,0,0,1,0,0,0,0,0,0,0,1,0
KOOswJvdg4c,2023-03-17,-0.9986326098442078,5403.0,TV9,303.0,8.0,vishakapatnam_north.png,Ganta Srinivasarao,TDP,vishakapatnam_north,0,0,0,0,0,0,0,0,0,0,0,0,0,0,0,0,0,0,0,0
n2mSgXx4fSo,2023-03-17,-0.993837296962738,10675.0,TV9,283.0,17.0,vishakapatnam_north.png,Ganta Srinivasarao,TDP,vishakapatnam_north,0,0,0,0,0,1,0,0,0,0,0,0,0,0,0,0,0,0,0,0
URwYTg_BFXE,2023-03-17,0.9969987869262696,14939.0,TV9,235.0,21.0,vishakapatnam_north.png,Ganta Srinivasarao,TDP,vishakapatnam_north,1,0,0,1,0,0,0,0,0,0,0,0,1,0,0,0,1,1,1,0
yREbzNg3h1Y,2023-03-17,-0.9606441855430604,5253.0,TV5,119.0,13.0,vishakapatnam_north.png,Ganta Srinivasarao,TDP,vishakapatnam_north,1,0,1,0,0,0,1,0,0,1,1,0,1,1,0,1,0,0,0,1
yq8bUUNEY4s,2023-03-17,-0.9976715445518494,3503.0,TV5,150.0,5.0,vishakapatnam_north.png,Ganta Srinivasarao,TDP,vishakapatnam_north,1,1,1,0,0,1,0,0,0,0,0,0,0,0,1,1,0,0,1,1
RQFyW9_opWE,2023-03-23,-0.8415473699569702,27153.0,Sakshi,241.0,30.0,vishakapatnam_north.png,Ganta Srinivasarao,TDP,vishakapatnam_north,0,0,0,0,1,0,0,0,0,1,0,0,0,1,0,1,0,0,1,1
e8x1C_swvGE,2023-04-01,0.998604953289032,4397.0,TV9,260.0,9.0,vishakapatnam_north.png,Ganta Srinivasarao,TDP,vishakapatnam_north,0,0,0,0,0,0,0,0,0,0,0,0,0,0,0,0,0,0,0,0
nYpruVahQoU,2023-04-01,0.9951169490814208,2840.0,TV9,120.0,3.0,vishakapatnam_north.png,Ganta Srinivasarao,TDP,vishakapatnam_north,0,1,1,0,0,0,0,0,1,0,1,0,0,0,0,0,0,0,1,0
8rZbmkVYDkA,2023-04-04,0.9983264803886414,3863.0,Sakshi,172.0,2.0,vishakapatnam_north.png,Ganta Srinivasarao,TDP,vishakapatnam_north,0,0,0,0,0,1,0,0,0,0,0,1,0,0,0,0,0,0,0,0
zCBzVrl0hKQ,2023-04-05,0.9983421564102172,2391.0,Sakshi,307.0,4.0,vishakapatnam_north.png,Ganta Srinivasarao,TDP,vishakapatnam_north,0,1,1,0,1,0,0,1,0,1,0,0,0,0,0,0,0,1,0,0
CKoPAoxOFv8,2023-04-06,-0.997797966003418,3100.0,TV9,289.0,6.0,vishakapatnam_north.png,Ganta Srinivasarao,TDP,vishakapatnam_north,1,0,0,1,0,0,0,0,0,0,0,0,0,0,0,0,0,1,0,0
C0ISlFLb0Qc,2023-04-14,0.9969664216041564,1093.0,TV9,225.0,0.0,vishakapatnam_north.png,Ganta Srinivasarao,TDP,vishakapatnam_north,0,0,0,0,0,0,0,0,0,0,0,0,0,0,0,0,0,0,1,0
mMHh9umxCvQ,2023-04-14,0.9955958724021912,1257.0,TV9,148.0,4.0,vishakapatnam_north.png,Ganta Srinivasarao,TDP,vishakapatnam_north,0,0,0,0,0,0,0,0,0,0,0,0,0,0,0,0,0,0,0,0
jOpmrECTwbE,2023-04-14,0.99787700176239,2066.0,TV9,184.0,2.0,vishakapatnam_north.png,Ganta Srinivasarao,TDP,vishakapatnam_north,0,0,0,0,0,0,0,0,0,0,0,0,0,0,0,0,0,0,0,0
qdhi6N2k0hs,2023-04-14,0.997869610786438,1575.0,TV9,206.0,5.0,vishakapatnam_north.png,Ganta Srinivasarao,TDP,vishakapatnam_north,0,0,0,0,0,0,0,0,0,0,0,0,0,0,0,0,0,0,1,0
N1LQjEIN9Sw,2023-04-14,0.9984000325202942,1866.0,TV9,218.0,1.0,vishakapatnam_north.png,Ganta Srinivasarao,TDP,vishakapatnam_north,0,0,0,0,0,0,0,0,0,0,0,0,0,0,0,0,0,0,1,0
Kk00IVOZgRY,2023-04-15,0.996122181415558,1107.0,TV9,261.0,0.0,vishakapatnam_north.png,Ganta Srinivasarao,TDP,vishakapatnam_north,0,0,0,0,0,0,0,0,0,0,0,0,0,0,0,0,0,0,0,0
