ids,upload_date,sentiment,view_count,uploader,duration,comment_count,f_id,name,party,constituency,tdp,ycp,ysrcp,schemes,cm jagan,chandrababu,pawan kalyan,nara lokesh,AP ,yuvagalam,amaravati,YS Viveka Case,Kuppam,ap employees,Sajjala ,ap assembly session today,high court,alliance,polavaram,visakha
9wLTOhNkr2Y,2019-12-23,-0.9978647828102112,1172.0,Sakshi,92.0,4.0,addanki.png,Gottipati Ravikumar,TDP,Addanki,0,1,1,0,1,0,0,0,1,0,0,0,0,0,0,0,0,0,0,0
hHJXcJ0eTFY,2020-03-03,0.9964595437049866,4819.0,Sakshi,332.0,1.0,addanki.png,Gottipati Ravikumar,TDP,Addanki,0,0,0,0,0,0,0,0,0,0,0,0,0,0,0,0,0,1,0,0
wHWJ1Y5Tydg,2020-03-06,-0.9753771424293518,466.0,Sakshi,202.0,0.0,addanki.png,Gottipati Ravikumar,TDP,Addanki,0,0,0,0,0,0,0,0,0,0,0,0,0,0,0,0,0,0,0,0
63BPTmkM9wQ,2020-03-06,-0.9982362985610962,1897.0,Sakshi,296.0,1.0,addanki.png,Gottipati Ravikumar,TDP,Addanki,1,0,1,0,1,1,0,0,1,0,0,0,0,0,0,0,1,0,0,0
sokk8iYR1v8,2020-03-08,0.9860737323760986,3919.0,Sakshi,370.0,3.0,addanki.png,Gottipati Ravikumar,TDP,Addanki,1,1,1,0,1,1,0,0,1,0,0,0,0,0,0,0,1,0,0,0
GTjBbhzW-cY,2020-03-10,-0.9991832375526428,334390.0,Sakshi,408.0,91.0,addanki.png,Gottipati Ravikumar,TDP,Addanki,0,0,1,0,0,1,0,0,1,0,0,0,0,0,0,0,0,0,0,0
S6TPYeXmMQQ,2020-03-14,-0.9940349459648132,2602.0,Sakshi,239.0,4.0,addanki.png,Gottipati Ravikumar,TDP,Addanki,0,0,0,0,0,0,0,0,1,0,0,0,0,1,0,0,0,0,0,0
pPMu-1eGboI,2020-03-14,0.96278578042984,2771.0,Sakshi,290.0,0.0,addanki.png,Gottipati Ravikumar,TDP,Addanki,0,0,0,0,0,0,0,0,0,0,0,0,0,0,0,0,0,0,0,0
u9OSA-f-wkw,2020-03-17,-0.9992369413375854,2071.0,Sakshi,546.0,4.0,addanki.png,Gottipati Ravikumar,TDP,Addanki,0,0,1,0,0,1,0,0,1,0,0,0,0,0,0,0,0,0,0,0
myxLlJ8vRW0,2021-02-16,0.9917044639587402,1474.0,Sakshi,200.0,0.0,addanki.png,Gottipati Ravikumar,TDP,Addanki,0,0,1,0,0,1,1,1,0,1,1,0,1,0,0,0,0,0,1,1
uY7OWVTA6Kg,2021-02-17,0.9952928423881532,10268.0,Sakshi,518.0,2.0,addanki.png,Gottipati Ravikumar,TDP,Addanki,0,0,0,0,0,0,0,0,0,0,0,0,0,0,0,0,0,0,0,0
wcNH4CBc-YE,2021-02-17,-0.9948487877845764,73404.0,Sakshi,168.0,92.0,addanki.png,Gottipati Ravikumar,TDP,Addanki,1,0,0,0,1,1,0,0,0,0,0,0,1,0,0,0,0,0,0,0
hqgFt48ELLw,2021-02-20,0.99690979719162,3114.0,Sakshi,167.0,3.0,addanki.png,Gottipati Ravikumar,TDP,Addanki,0,1,1,0,0,0,0,0,0,1,1,0,0,0,0,0,0,1,0,1
SoIaT2Lj6bc,2021-07-30,0.9982751607894896,3087.0,Sakshi,142.0,7.0,addanki.png,Gottipati Ravikumar,TDP,Addanki,0,1,1,0,0,0,0,0,1,0,0,0,0,0,0,0,0,0,0,0
LOSfbt_ZToQ,2021-11-14,0.998336136341095,17725.0,Sakshi,233.0,72.0,addanki.png,Gottipati Ravikumar,TDP,Addanki,0,1,1,0,1,0,0,0,1,1,0,0,0,0,0,0,0,1,0,1
26bsU5o3ErQ,2021-11-16,0.9936255216598512,17845.0,Sakshi,475.0,91.0,addanki.png,Gottipati Ravikumar,TDP,Addanki,0,0,0,0,0,1,0,0,0,0,0,0,0,0,0,0,0,0,0,0
fb1OdRIGBko,2021-11-17,-0.999416708946228,3755.0,Sakshi,348.0,29.0,addanki.png,Gottipati Ravikumar,TDP,Addanki,0,1,1,0,0,0,0,0,1,1,1,0,1,0,0,0,1,0,0,0
lFSbkEqaWko,2021-11-25,0.9566534161567688,680.0,Sakshi,121.0,4.0,addanki.png,Gottipati Ravikumar,TDP,Addanki,0,1,1,1,0,0,0,0,1,0,0,0,0,0,0,1,0,0,0,1
xCeZnj-YZv0,2021-11-26,-0.98127543926239,4189.0,Sakshi,433.0,12.0,addanki.png,Gottipati Ravikumar,TDP,Addanki,0,0,0,0,1,1,0,0,1,0,0,0,0,0,0,0,0,0,0,0
NwLnYFquGAw,2021-12-06,0.9957905411720276,3788.0,Sakshi,555.0,17.0,addanki.png,Gottipati Ravikumar,TDP,Addanki,0,0,0,0,0,0,0,0,0,0,0,0,0,0,1,0,0,0,0,0
aWClWmemUNs,2021-12-06,0.9961332082748412,4766.0,Sakshi,379.0,14.0,addanki.png,Gottipati Ravikumar,TDP,Addanki,0,0,0,0,0,0,0,0,0,0,0,0,0,0,1,0,0,0,0,0
ahZxvv4al7o,2021-12-06,0.992397964000702,2528.0,Sakshi,394.0,10.0,addanki.png,Gottipati Ravikumar,TDP,Addanki,0,0,0,0,0,1,0,0,0,0,0,0,0,0,1,0,0,0,0,0
yfrHRWHH0WE,2021-12-11,-0.9940993785858154,2759.0,Sakshi,341.0,7.0,addanki.png,Gottipati Ravikumar,TDP,Addanki,1,0,1,0,0,1,0,0,0,0,1,0,0,0,0,1,0,0,0,0
A4AGR3Q9uR0,2022-01-25,-0.9978383183479308,228294.0,Sakshi,331.0,181.0,addanki.png,Gottipati Ravikumar,TDP,Addanki,1,0,0,1,0,1,0,1,0,0,0,0,0,0,0,0,0,0,0,0
ZZHZOgfLmkg,2022-01-31,0.9937491416931152,19578.0,Sakshi,71.0,45.0,addanki.png,Gottipati Ravikumar,TDP,Addanki,1,0,0,0,0,0,0,0,0,0,0,0,0,0,0,0,0,0,0,0
VUUpGJBzgTg,2022-02-02,-0.9956654906272888,10358.0,Sakshi,536.0,55.0,addanki.png,Gottipati Ravikumar,TDP,Addanki,0,0,0,0,0,0,0,0,1,0,0,0,0,1,1,0,0,0,0,0
lXD-7Pqpqns,2022-02-02,-0.9994902610778807,8137.0,Sakshi,225.0,60.0,addanki.png,Gottipati Ravikumar,TDP,Addanki,0,0,0,0,0,0,0,0,0,0,0,0,0,1,1,0,0,0,0,0
m-6rDsuJk4g,2022-02-03,0.996238112449646,10752.0,Sakshi,362.0,86.0,addanki.png,Gottipati Ravikumar,TDP,Addanki,0,0,0,0,0,0,0,0,0,0,0,0,0,1,1,0,0,1,0,0
lBxcK47EUAE,2022-02-03,0.9958220720291138,5355.0,Sakshi,498.0,36.0,addanki.png,Gottipati Ravikumar,TDP,Addanki,0,0,0,0,0,0,0,0,0,0,0,0,0,0,0,0,0,0,0,0
u62iTAgs3L8,2022-02-06,0.998161256313324,21092.0,Sakshi,278.0,78.0,addanki.png,Gottipati Ravikumar,TDP,Addanki,0,0,0,0,0,0,0,0,1,0,0,0,0,0,1,0,0,0,0,0
-FYzI0LouIw,2022-02-06,-0.9949937462806702,3143.0,Sakshi,386.0,33.0,addanki.png,Gottipati Ravikumar,TDP,Addanki,0,0,0,0,0,0,0,0,0,0,0,0,0,1,1,0,0,0,0,0
UamNFa4UxaA,2022-02-07,0.9895917773246764,7748.0,Sakshi,534.0,34.0,addanki.png,Gottipati Ravikumar,TDP,Addanki,0,0,0,0,1,0,0,0,0,0,0,0,0,1,1,0,0,0,0,0
0BO89Pn5FnI,2022-02-17,0.9883672595024108,7603.0,Sakshi,479.0,5.0,addanki.png,Gottipati Ravikumar,TDP,Addanki,0,0,0,0,1,0,0,0,1,0,0,0,0,0,0,0,0,0,0,0
ihsSN-PzrhU,2022-03-03,-0.9902196526527404,65782.0,Sakshi,285.0,420.0,addanki.png,Gottipati Ravikumar,TDP,Addanki,0,0,0,0,0,0,0,0,0,0,1,0,0,0,0,0,1,0,0,0
6s9RoYi3OFg,2022-03-07,-0.990336537361145,4216.0,Sakshi,486.0,9.0,addanki.png,Gottipati Ravikumar,TDP,Addanki,0,0,0,0,0,0,0,0,0,0,0,0,0,0,0,0,0,0,0,0
31ITM7pYJnA,2022-04-01,0.993171215057373,23835.0,Sakshi,348.0,19.0,addanki.png,Gottipati Ravikumar,TDP,Addanki,1,0,0,0,0,1,0,0,0,0,0,0,0,0,0,0,0,0,0,1
qb_RyvZj1wc,2022-04-21,0.9977325201034546,3447.0,Sakshi,448.0,2.0,addanki.png,Gottipati Ravikumar,TDP,Addanki,0,0,0,0,1,0,0,0,0,0,0,0,0,0,0,0,0,0,0,0
qz6DwjVNvLs,2022-06-09,-0.9819421172142028,225741.0,Sakshi,146.0,333.0,addanki.png,Gottipati Ravikumar,TDP,Addanki,0,0,0,0,1,0,0,0,1,0,0,0,0,0,0,0,0,0,0,1
78NRScYn1TE,2022-06-14,-0.9918925762176514,471262.0,Sakshi,84.0,237.0,addanki.png,Gottipati Ravikumar,TDP,Addanki,0,1,1,0,1,0,0,0,1,0,0,0,0,0,0,0,0,0,0,0
u4ODEcaPInk,2022-06-15,-0.9930856227874756,12575.0,Sakshi,364.0,20.0,addanki.png,Gottipati Ravikumar,TDP,Addanki,0,0,0,0,1,0,0,0,0,0,0,0,0,0,0,0,0,0,0,0
4AJzF2oD6r0,2022-06-25,0.9971297383308412,893.0,Sakshi,439.0,0.0,addanki.png,Gottipati Ravikumar,TDP,Addanki,0,0,0,0,0,0,0,0,0,0,0,0,0,0,0,0,0,0,0,0
3pvlcgacwdE,2022-06-26,0.9978971481323242,3774.0,Sakshi,317.0,8.0,addanki.png,Gottipati Ravikumar,TDP,Addanki,0,1,1,1,0,1,0,0,0,0,0,0,0,0,0,0,0,0,0,0
u1RkHYXS4qA,2022-06-29,0.9894040822982788,989.0,Sakshi,510.0,0.0,addanki.png,Gottipati Ravikumar,TDP,Addanki,0,1,1,0,0,0,0,0,0,0,0,0,0,0,0,0,0,0,0,1
db4vYmHqnXI,2022-07-01,-0.9979020357131958,12596.0,Sakshi,386.0,41.0,addanki.png,Gottipati Ravikumar,TDP,Addanki,0,0,0,0,1,1,0,0,0,0,0,0,0,0,1,0,0,0,0,0
rwTRK8IThuA,2022-07-02,-0.9987717270851136,39360.0,Sakshi,411.0,109.0,addanki.png,Gottipati Ravikumar,TDP,Addanki,0,1,1,0,0,1,1,1,0,0,0,0,0,0,0,0,0,0,0,0
_X-H0laKpBE,2022-07-07,0.9974702596664428,2638.0,Sakshi,249.0,3.0,addanki.png,Gottipati Ravikumar,TDP,Addanki,0,1,1,0,1,0,0,0,1,1,0,0,0,0,0,0,0,0,0,0
WCjK9RyZjjI,2022-07-08,0.9952215552330016,2447.0,Sakshi,340.0,0.0,addanki.png,Gottipati Ravikumar,TDP,Addanki,0,0,1,0,0,0,0,0,0,0,0,0,0,0,0,0,0,0,0,0
jhY2U-63yHg,2022-07-09,0.9975690245628356,1819.0,Sakshi,593.0,4.0,addanki.png,Gottipati Ravikumar,TDP,Addanki,0,0,1,0,0,0,0,0,0,0,0,0,0,0,0,0,0,0,0,0
dWlw9rUf3Mw,2022-07-14,-0.9882657527923584,919.0,Sakshi,251.0,0.0,addanki.png,Gottipati Ravikumar,TDP,Addanki,0,1,1,1,1,0,0,0,0,0,0,0,0,0,0,1,0,0,0,1
P8_OntL5PIs,2022-07-16,-0.9448382258415222,18697.0,Sakshi,150.0,39.0,addanki.png,Gottipati Ravikumar,TDP,Addanki,0,1,1,0,1,0,0,0,0,0,0,0,0,0,1,0,0,0,0,0
GQ1ZT0v-sVU,2022-07-21,0.991885542869568,2851.0,Sakshi,455.0,2.0,addanki.png,Gottipati Ravikumar,TDP,Addanki,0,1,1,1,1,0,0,0,0,0,0,0,0,0,0,0,0,0,0,0
1WKsJHsQQpU,2022-07-25,-0.9872273206710817,4181.0,Sakshi,401.0,15.0,addanki.png,Gottipati Ravikumar,TDP,Addanki,0,0,0,0,1,0,0,0,0,0,0,0,0,0,0,0,0,0,0,0
eZLCCCKnIJU,2022-07-27,-0.9967251420021056,210378.0,Sakshi,204.0,244.0,addanki.png,Gottipati Ravikumar,TDP,Addanki,0,0,0,0,1,1,0,0,0,0,0,0,0,0,0,0,0,1,0,0
wY6FC7klKS0,2022-07-27,-0.8801581859588623,25183.0,Sakshi,203.0,29.0,addanki.png,Gottipati Ravikumar,TDP,Addanki,0,0,0,0,1,0,0,0,0,0,0,0,0,0,0,0,0,0,0,0
F60IiYaThN4,2022-08-02,0.9954826831817628,22211.0,Sakshi,329.0,53.0,addanki.png,Gottipati Ravikumar,TDP,Addanki,0,1,1,1,1,0,0,0,1,0,0,0,0,0,0,0,0,0,0,0
2HizxWI0Qwk,2022-08-09,0.9522041082382202,15207.0,Sakshi,167.0,72.0,addanki.png,Gottipati Ravikumar,TDP,Addanki,1,0,0,0,1,1,0,1,0,0,0,0,0,0,0,0,0,0,0,0
qL3VCN0Dz-I,2022-08-12,0.9966849684715272,1908.0,Sakshi,425.0,1.0,addanki.png,Gottipati Ravikumar,TDP,Addanki,0,0,1,1,1,0,0,0,0,0,0,0,1,0,0,1,0,0,0,0
4R-WNIVKAXQ,2022-08-26,-0.9962050318717957,6595.0,TV5,345.0,5.0,addanki.png,Gottipati Ravikumar,TDP,Addanki,1,1,1,1,1,0,0,0,0,0,0,0,0,1,0,1,0,0,0,0
U7IXTnFPdv0,2022-08-26,0.9960862398147584,1470.0,TV5,299.0,0.0,addanki.png,Gottipati Ravikumar,TDP,Addanki,1,0,0,0,0,0,0,0,0,0,0,0,0,0,0,0,0,0,0,0
C0GaNHZG8p0,2022-09-04,0.9976859092712402,804.0,TV5,199.0,2.0,addanki.png,Gottipati Ravikumar,TDP,Addanki,1,0,0,0,0,0,0,0,0,0,0,0,0,0,0,0,0,0,0,0
fJ62aQp2BIU,2022-09-12,0.9951983094215392,1827.0,TV5,467.0,5.0,addanki.png,Gottipati Ravikumar,TDP,Addanki,0,0,0,0,0,0,0,0,0,0,0,0,0,0,0,0,0,0,0,0
whmXw2aFB7k,2022-09-16,-0.9974453449249268,8434.0,TV5,323.0,8.0,addanki.png,Gottipati Ravikumar,TDP,Addanki,1,1,1,0,0,0,0,0,0,0,0,0,0,0,0,0,0,1,0,0
TrbOaSq_rUQ,2022-09-17,-0.9935125708580016,4091.0,Sakshi,170.0,1.0,addanki.png,Gottipati Ravikumar,TDP,Addanki,1,0,1,0,0,0,0,0,0,0,0,0,0,0,0,1,0,0,0,0
Lc-3fL9EMn4,2022-09-18,0.9978232383728028,10340.0,Sakshi,339.0,21.0,addanki.png,Gottipati Ravikumar,TDP,Addanki,0,1,1,0,1,0,0,0,1,0,0,0,0,1,0,0,0,0,0,0
eeNc95NUTu0,2022-09-19,0.9973161816596984,3866.0,Sakshi,145.0,15.0,addanki.png,Gottipati Ravikumar,TDP,Addanki,0,0,0,0,1,1,0,0,0,0,0,0,0,0,0,0,0,0,0,0
wYRWgXGdeDg,2022-09-20,-0.9919223785400392,5665.0,Sakshi,267.0,16.0,addanki.png,Gottipati Ravikumar,TDP,Addanki,0,0,0,0,1,0,0,0,0,0,0,0,1,0,0,0,0,1,0,0
I4YNiwiejuw,2022-09-20,-0.9966936111450196,10396.0,TV5,334.0,11.0,addanki.png,Gottipati Ravikumar,TDP,Addanki,0,1,1,0,1,0,0,0,0,0,0,0,0,0,0,0,0,0,0,0
W0W3FX3bk5Y,2022-09-22,-0.9976361989974976,2614.0,Sakshi,297.0,15.0,addanki.png,Gottipati Ravikumar,TDP,Addanki,0,1,1,0,1,1,0,0,1,0,0,0,0,0,1,1,0,0,0,0
Nk_Wzr-higY,2022-09-22,-0.9913853406906128,293701.0,Sakshi,322.0,0.0,addanki.png,Gottipati Ravikumar,TDP,Addanki,0,1,0,1,1,1,0,0,0,0,0,0,0,0,0,0,0,0,0,1
JhyKktgldKM,2022-09-22,-0.9930580854415894,895.0,TV5,310.0,2.0,addanki.png,Gottipati Ravikumar,TDP,Addanki,1,1,0,0,0,0,0,0,0,0,0,0,0,0,0,0,0,0,0,0
dLMi6H93L88,2022-09-26,-0.9902598261833192,5465.0,TV5,428.0,5.0,addanki.png,Gottipati Ravikumar,TDP,Addanki,0,0,0,0,0,0,0,0,1,0,0,0,0,0,0,0,0,0,0,0
c048AytAls8,2022-09-30,0.988658845424652,19678.0,Sakshi,529.0,88.0,addanki.png,Gottipati Ravikumar,TDP,Addanki,0,0,0,0,0,0,0,0,0,0,0,0,0,0,1,0,0,0,0,0
xSFDEp_wf_w,2022-09-30,0.9982506632804872,3374.0,Sakshi,258.0,10.0,addanki.png,Gottipati Ravikumar,TDP,Addanki,0,1,1,0,1,0,0,0,0,0,0,0,0,0,1,0,0,0,0,0
VZqVQraxpio,2022-09-30,0.979791224002838,79009.0,Sakshi,86.0,126.0,addanki.png,Gottipati Ravikumar,TDP,Addanki,0,1,1,0,0,0,0,0,1,0,0,0,0,0,1,0,0,0,0,0
gZ9CMECe-VI,2022-10-11,-0.9982131719589232,2855.0,ABN,450.0,2.0,addanki.png,Gottipati Ravikumar,TDP,Addanki,0,0,0,0,0,0,0,0,0,0,0,0,0,0,0,0,0,0,0,0
-adufcMpqac,2022-10-12,-0.9963098168373108,38770.0,Sakshi,400.0,82.0,addanki.png,Gottipati Ravikumar,TDP,Addanki,1,1,1,1,1,1,1,1,1,1,1,0,0,1,0,1,1,1,1,1
-pzodNL1k1k,2022-10-14,-0.9980376362800598,20296.0,TV5,240.0,25.0,addanki.png,Gottipati Ravikumar,TDP,Addanki,1,0,1,0,1,0,0,0,1,0,0,0,0,0,0,1,1,0,0,0
v2hxQfMu9N8,2022-10-14,-0.9933696985244752,8239.0,TV5,315.0,7.0,addanki.png,Gottipati Ravikumar,TDP,Addanki,0,0,0,0,0,1,0,0,0,0,0,0,0,0,0,0,0,0,0,0
r7pu6hBl74E,2022-10-14,-0.9868767261505128,2212.0,TV5,351.0,9.0,addanki.png,Gottipati Ravikumar,TDP,Addanki,1,1,1,0,0,1,0,0,0,0,0,0,0,1,0,0,0,1,0,0
GuEH8bJjKSA,2022-10-14,-0.9992557168006896,1013.0,TV5,165.0,7.0,addanki.png,Gottipati Ravikumar,TDP,Addanki,1,0,1,0,1,1,0,0,0,0,0,0,0,0,0,0,0,1,1,0
4SVeQxXz-bc,2022-10-14,0.9809767603874208,1716.0,TV5,200.0,0.0,addanki.png,Gottipati Ravikumar,TDP,Addanki,1,0,0,0,0,1,0,0,1,0,1,0,1,0,0,0,0,0,1,0
6TwBgfZjk58,2022-10-14,-0.9878488779067992,1462.0,TV5,280.0,3.0,addanki.png,Gottipati Ravikumar,TDP,Addanki,1,0,0,0,0,1,0,0,1,0,0,0,0,0,0,0,0,0,0,0
cHUqS1X4r_4,2022-10-14,-0.9980254173278807,3847.0,TV5,221.0,10.0,addanki.png,Gottipati Ravikumar,TDP,Addanki,0,0,0,0,0,1,0,0,1,0,1,0,0,0,0,0,0,0,0,0
T_6aM5HDPHI,2022-10-14,-0.9974851608276368,2291.0,TV5,275.0,5.0,addanki.png,Gottipati Ravikumar,TDP,Addanki,1,0,0,0,0,1,0,0,1,0,1,0,0,0,0,0,0,0,0,0
ugKDn-WcTgQ,2022-10-14,-0.9923743605613708,678.0,TV5,220.0,0.0,addanki.png,Gottipati Ravikumar,TDP,Addanki,0,0,0,0,0,1,0,0,0,0,0,0,0,0,0,1,0,0,0,0
ak2k3c38vKo,2022-10-14,-0.9987163543701172,2438.0,TV5,210.0,0.0,addanki.png,Gottipati Ravikumar,TDP,Addanki,1,0,1,0,0,1,0,0,0,0,0,0,0,0,0,0,0,0,0,0
Dl13idt8q_o,2022-10-14,-0.9338392615318298,2158.0,ABN,250.0,4.0,addanki.png,Gottipati Ravikumar,TDP,Addanki,0,0,0,0,0,1,0,0,0,0,0,0,0,0,0,0,0,0,0,0
os_irjdcgto,2022-10-14,-0.9683010578155518,338227.0,TV5,335.0,115.0,addanki.png,Gottipati Ravikumar,TDP,Addanki,1,0,0,0,0,1,0,0,1,0,0,1,0,0,0,1,1,0,0,0
aF5ccI46WXo,2022-10-14,-0.9912505149841307,4292.0,TV5,190.0,11.0,addanki.png,Gottipati Ravikumar,TDP,Addanki,1,0,0,1,0,1,0,0,0,0,0,0,0,0,0,0,0,0,0,0
g4mCQV-ZMHM,2022-10-15,0.9972891807556152,704.0,ABN,238.0,0.0,addanki.png,Gottipati Ravikumar,TDP,Addanki,0,0,0,0,0,0,0,0,0,0,0,0,0,0,0,0,0,0,0,0
WTog03Q6Egc,2022-10-19,0.9932115077972412,2339.0,ABN,432.0,3.0,addanki.png,Gottipati Ravikumar,TDP,Addanki,0,0,0,0,0,0,0,0,0,0,0,0,0,0,0,0,0,0,0,0
kkQpAIFFMc8,2022-10-23,0.9983518123626708,690.0,TV5,207.0,1.0,addanki.png,Gottipati Ravikumar,TDP,Addanki,0,0,0,0,0,0,0,0,0,0,0,0,0,0,0,0,0,0,0,0
mxjYRLZSz3Y,2022-10-24,0.993296444416046,3975.0,Sakshi,540.0,8.0,addanki.png,Gottipati Ravikumar,TDP,Addanki,0,0,0,0,0,1,0,0,0,0,0,0,0,0,0,0,0,0,0,0
aXnLpipihVk,2022-10-25,0.9987969398498536,13392.0,Sakshi,408.0,37.0,addanki.png,Gottipati Ravikumar,TDP,Addanki,0,0,0,0,0,0,0,0,0,0,1,0,0,0,0,0,0,0,0,0
h0QE7nRsmZw,2022-10-28,-0.9972683191299438,1626.0,ABN,351.0,0.0,addanki.png,Gottipati Ravikumar,TDP,Addanki,0,1,0,0,0,0,0,0,1,0,1,0,0,1,0,0,1,0,0,0
CvKJQY5gGj4,2022-10-30,-0.9994138479232788,3543.0,ABN,360.0,8.0,addanki.png,Gottipati Ravikumar,TDP,Addanki,0,0,0,0,0,0,0,0,0,0,0,0,0,0,0,0,0,1,0,0
shEQDV9Gn18,2022-11-01,-0.9992276430130004,20450.0,ABN,583.0,3.0,addanki.png,Gottipati Ravikumar,TDP,Addanki,0,0,0,0,0,0,0,0,0,0,0,0,0,0,0,0,0,0,0,0
jh5vUzsjdkw,2022-11-01,0.991067349910736,34910.0,TV5,417.0,93.0,addanki.png,Gottipati Ravikumar,TDP,Addanki,0,0,0,0,0,0,0,0,0,0,0,0,0,0,0,0,0,0,0,0
6snoiavZ1LI,2022-11-01,0.9930976033210754,1427.0,Sakshi,494.0,16.0,addanki.png,Gottipati Ravikumar,TDP,Addanki,0,0,0,0,0,0,0,0,0,0,0,0,0,0,0,0,0,0,0,0
YvhZFGuY5RA,2022-11-03,-0.9994755387306212,1898.0,ABN,270.0,0.0,addanki.png,Gottipati Ravikumar,TDP,Addanki,0,0,0,0,0,1,0,0,0,0,0,0,0,0,0,0,0,0,0,0
VJ8y0M6FSfQ,2022-11-03,-0.9982969164848328,1087.0,ABN,215.0,0.0,addanki.png,Gottipati Ravikumar,TDP,Addanki,0,0,0,0,0,1,0,0,0,0,0,0,0,0,0,0,0,0,0,0
A1HgkfjFzvc,2022-11-04,-0.9963079690933228,2003.0,TV5,93.0,6.0,addanki.png,Gottipati Ravikumar,TDP,Addanki,0,0,1,0,0,0,0,0,0,1,0,0,0,0,0,0,0,0,0,0
1PC_vqgwiGw,2022-11-05,-0.9974575638771056,1901.0,ABN,495.0,1.0,addanki.png,Gottipati Ravikumar,TDP,Addanki,0,0,0,0,0,0,0,0,0,0,0,0,0,0,0,0,0,0,0,0
SFh3aw4G3AI,2022-11-12,-0.997740626335144,5046.0,Sakshi,483.0,18.0,addanki.png,Gottipati Ravikumar,TDP,Addanki,0,0,0,0,1,1,1,0,0,0,0,0,0,0,0,0,0,0,0,1
tErDwKNfBOc,2022-11-12,-0.9980852603912354,5355.0,Sakshi,494.0,28.0,addanki.png,Gottipati Ravikumar,TDP,Addanki,0,0,0,0,0,0,1,0,0,0,0,0,0,0,0,0,0,0,0,0
q7JGRUgKNJI,2022-11-12,-0.9981942772865297,10585.0,ABN,340.0,28.0,addanki.png,Gottipati Ravikumar,TDP,Addanki,0,0,0,0,0,0,0,0,1,0,0,0,0,0,0,0,0,0,0,0
nd0vA0U_Qok,2022-11-13,0.9932039976119996,1804.0,Sakshi,519.0,1.0,addanki.png,Gottipati Ravikumar,TDP,Addanki,0,0,1,0,1,0,0,0,0,0,0,0,0,0,0,0,0,0,0,0
HIVu0A2o_cU,2022-11-14,-0.9899543523788452,704.0,Sakshi,489.0,3.0,addanki.png,Gottipati Ravikumar,TDP,Addanki,0,0,0,0,0,0,0,0,0,0,0,0,0,1,0,0,0,0,0,0
NdbZe8E2hRQ,2022-11-14,0.9959622025489808,5564.0,Sakshi,548.0,21.0,addanki.png,Gottipati Ravikumar,TDP,Addanki,0,0,0,0,0,0,1,0,0,0,0,0,0,0,0,0,0,0,0,0
EAYxKnhw6xU,2022-11-16,0.978644609451294,53287.0,TV5,294.0,69.0,addanki.png,Gottipati Ravikumar,TDP,Addanki,0,0,0,0,0,0,0,0,1,0,0,0,0,0,0,0,1,0,0,0
vhMzHcjR-U8,2022-11-17,0.9874365329742432,5497.0,ABN,411.0,8.0,addanki.png,Gottipati Ravikumar,TDP,Addanki,0,0,0,0,0,0,0,0,0,0,0,0,0,0,0,0,0,0,0,0
TyAOQRgppvY,2022-11-17,-0.9957916736602784,45410.0,TV5,375.0,93.0,addanki.png,Gottipati Ravikumar,TDP,Addanki,1,0,1,0,0,1,0,0,1,0,0,0,0,1,0,0,0,0,0,0
6brv_VCvGko,2022-11-17,-0.9847393035888672,5625.0,Sakshi,202.0,16.0,addanki.png,Gottipati Ravikumar,TDP,Addanki,0,0,0,0,0,1,0,0,0,0,0,0,0,0,0,0,0,0,0,0
kgt0C86X_2I,2022-11-18,-0.9947267174720764,1776.0,TV9,336.0,1.0,addanki.png,Gottipati Ravikumar,TDP,Addanki,0,0,0,0,0,0,0,0,0,0,0,0,0,0,0,0,0,0,0,0
J1tqOQRbvX8,2022-11-18,-0.9984000325202942,1899.0,TV9,234.0,2.0,addanki.png,Gottipati Ravikumar,TDP,Addanki,1,1,0,0,0,1,0,0,0,0,0,0,0,0,0,0,0,0,0,0
n8hydQI6TM0,2022-11-18,-0.9882827401161194,22916.0,ABN,270.0,29.0,addanki.png,Gottipati Ravikumar,TDP,Addanki,0,0,0,0,0,0,0,0,0,0,0,0,0,0,0,0,0,0,0,0
29EsyWGUhEI,2022-11-18,-0.9942996501922609,2221.0,TV9,306.0,8.0,addanki.png,Gottipati Ravikumar,TDP,Addanki,0,0,0,0,0,0,0,0,0,0,0,0,0,0,0,0,0,0,0,0
9Pe3konePUA,2022-11-20,-0.9988019466400146,2259.0,ABN,80.0,1.0,addanki.png,Gottipati Ravikumar,TDP,Addanki,1,0,0,0,0,0,0,0,0,0,0,0,0,0,0,0,0,0,0,0
URHc47PmO6I,2022-11-20,-0.9942949414253236,2325.0,TV9,531.0,0.0,addanki.png,Gottipati Ravikumar,TDP,Addanki,0,0,0,0,0,0,0,0,0,0,0,0,0,0,0,0,0,0,0,0
os2xDgTbWSk,2022-11-21,-0.9975948929786682,14556.0,ABN,255.0,27.0,addanki.png,Gottipati Ravikumar,TDP,Addanki,0,0,0,0,0,0,0,0,0,0,0,0,0,0,0,0,0,0,0,0
3teR2oTvaLc,2022-11-21,-0.9983805418014526,636.0,TV9,117.0,0.0,addanki.png,Gottipati Ravikumar,TDP,Addanki,0,0,0,0,0,0,0,0,0,0,0,0,0,0,0,0,0,0,0,0
rMI8jyrM8So,2022-11-21,0.9956874251365662,1832.0,TV9,241.0,2.0,addanki.png,Gottipati Ravikumar,TDP,Addanki,0,0,0,0,0,0,0,0,0,0,0,0,0,0,0,0,0,0,0,0
X85IxxhATQ8,2022-11-21,-0.999461591243744,2238.0,TV9,127.0,0.0,addanki.png,Gottipati Ravikumar,TDP,Addanki,0,0,0,0,0,0,0,0,0,0,0,0,0,0,0,0,0,0,0,0
pBvH6uqMEu0,2022-11-21,-0.990685760974884,33269.0,TV9,240.0,9.0,addanki.png,Gottipati Ravikumar,TDP,Addanki,0,0,0,0,0,0,0,0,0,0,0,0,0,0,0,0,0,0,0,0
sNCFMEQZNAk,2022-11-21,-0.9922686219215392,22664.0,TV9,437.0,59.0,addanki.png,Gottipati Ravikumar,TDP,Addanki,0,0,0,0,0,0,0,0,0,0,0,0,0,0,0,0,0,0,0,0
71aNw_tD_Pc,2022-11-22,-0.998791515827179,2312.0,TV9,221.0,4.0,addanki.png,Gottipati Ravikumar,TDP,Addanki,0,0,0,0,0,0,0,0,0,0,0,0,0,0,0,0,0,1,0,0
jkwik__UMNM,2022-11-22,0.9782260060310364,2687.0,TV9,460.0,1.0,addanki.png,Gottipati Ravikumar,TDP,Addanki,0,0,0,0,0,0,0,0,0,0,0,0,0,0,0,0,0,0,0,0
EYoPD2mmZRY,2022-11-22,-0.9962368011474608,11735.0,TV9,191.0,22.0,addanki.png,Gottipati Ravikumar,TDP,Addanki,0,0,0,0,0,0,0,0,0,0,0,0,0,0,0,0,1,0,0,0
NCh2Bv-NbAQ,2022-11-22,-0.9981600642204284,2563.0,TV9,305.0,1.0,addanki.png,Gottipati Ravikumar,TDP,Addanki,0,0,1,0,0,0,0,0,0,0,0,0,0,0,0,0,0,0,0,0
Eq2XWmpTw0E,2022-11-22,-0.9806383848190308,2528.0,TV9,287.0,2.0,addanki.png,Gottipati Ravikumar,TDP,Addanki,0,0,0,0,0,0,0,0,0,0,0,0,0,0,0,0,0,0,0,0
u_dFh0XYYH4,2022-11-22,-0.9965304732322692,3331.0,TV9,271.0,2.0,addanki.png,Gottipati Ravikumar,TDP,Addanki,0,0,0,0,0,0,0,0,0,0,0,0,0,0,0,0,0,0,0,0
DYCwwTzGIzY,2022-11-22,0.968666672706604,537.0,TV5,445.0,2.0,addanki.png,Gottipati Ravikumar,TDP,Addanki,0,0,0,0,0,0,0,0,0,0,0,0,0,0,0,0,0,0,0,0
6TVNLq4iH1g,2022-11-22,-0.9985114932060242,887.0,TV9,90.0,1.0,addanki.png,Gottipati Ravikumar,TDP,Addanki,0,0,0,0,0,0,0,0,0,0,0,0,0,0,0,0,0,0,0,0
bDQNywFXZtc,2022-11-22,0.9964361190795898,1452.0,TV5,440.0,1.0,addanki.png,Gottipati Ravikumar,TDP,Addanki,0,0,0,0,0,0,0,0,0,0,0,0,0,0,0,0,0,0,0,0
SoKmyI0PxNc,2022-11-22,-0.9941200613975524,1631.0,TV9,187.0,0.0,addanki.png,Gottipati Ravikumar,TDP,Addanki,0,0,0,0,0,0,0,0,0,0,0,0,0,0,0,0,0,0,0,0
izY4-xs9sP4,2022-11-23,-0.9973242282867432,17824.0,TV9,371.0,14.0,addanki.png,Gottipati Ravikumar,TDP,Addanki,0,0,0,0,0,0,0,0,0,0,0,0,0,0,0,0,0,0,0,0
qhK9QU4vAQg,2022-11-23,-0.9978126287460328,6754.0,TV9,327.0,0.0,addanki.png,Gottipati Ravikumar,TDP,Addanki,0,0,0,0,0,0,0,0,0,0,0,0,0,0,0,0,0,1,0,0
J2YjuayMMck,2022-11-23,-0.9994415640830994,65011.0,TV9,219.0,30.0,addanki.png,Gottipati Ravikumar,TDP,Addanki,0,0,0,0,0,0,0,0,0,0,0,0,0,0,0,0,0,0,0,0
hiz1njkxSW0,2022-11-23,0.9982903599739076,3151.0,TV9,170.0,4.0,addanki.png,Gottipati Ravikumar,TDP,Addanki,0,0,0,0,0,0,0,0,0,0,0,0,0,0,0,0,0,0,0,0
KXZCdMmTd1c,2022-11-23,0.9055907726287842,2675.0,TV9,184.0,3.0,addanki.png,Gottipati Ravikumar,TDP,Addanki,0,0,0,0,0,0,0,0,0,0,0,0,0,0,0,0,1,0,0,0
3crPg6qWDiU,2022-11-23,-0.994077205657959,3064.0,TV9,343.0,1.0,addanki.png,Gottipati Ravikumar,TDP,Addanki,0,0,0,0,0,0,0,0,0,0,0,0,0,0,0,0,0,0,0,0
9vCe3XmMedw,2022-11-23,-0.9979523420333862,2698.0,TV9,190.0,0.0,addanki.png,Gottipati Ravikumar,TDP,Addanki,0,0,0,0,0,0,0,0,0,0,0,0,0,0,0,0,0,0,0,0
EgjaU6owZC8,2022-11-23,-0.9761061072349548,5227.0,TV9,266.0,10.0,addanki.png,Gottipati Ravikumar,TDP,Addanki,0,0,0,0,0,0,0,0,0,0,0,0,0,0,0,0,0,0,0,0
wweVjcgYXLM,2022-11-23,-0.9929254055023192,1986.0,TV9,154.0,1.0,addanki.png,Gottipati Ravikumar,TDP,Addanki,0,0,0,0,0,0,0,0,0,0,0,0,0,0,0,0,0,0,0,0
eb8HNYYzgeQ,2022-11-23,-0.9971561431884766,2367.0,ABN,394.0,3.0,addanki.png,Gottipati Ravikumar,TDP,Addanki,0,0,0,0,0,0,0,0,0,0,0,0,0,0,0,0,0,0,0,0
oro2toCI398,2022-11-24,0.9945797920227052,1016.0,ABN,265.0,2.0,addanki.png,Gottipati Ravikumar,TDP,Addanki,0,0,0,0,0,1,0,0,0,0,0,0,0,0,0,0,0,0,0,0
mQJEfz_s0gQ,2022-11-24,-0.9954637885093688,1127.0,TV9,186.0,1.0,addanki.png,Gottipati Ravikumar,TDP,Addanki,0,0,0,0,0,0,0,0,0,0,0,0,0,1,0,0,0,0,0,0
r0t5fVqoFUQ,2022-11-24,0.8409091830253601,2487.0,TV9,186.0,0.0,addanki.png,Gottipati Ravikumar,TDP,Addanki,0,0,0,1,0,0,0,0,0,0,0,0,0,0,0,0,0,1,0,0
WWVpuGpYu0I,2022-11-24,-0.9987805485725404,3089.0,TV5,265.0,10.0,addanki.png,Gottipati Ravikumar,TDP,Addanki,0,1,1,0,1,1,0,0,0,0,0,0,0,0,0,0,0,0,0,0
uWRKlzgLJb8,2022-11-24,-0.996048390865326,17628.0,TV9,160.0,7.0,addanki.png,Gottipati Ravikumar,TDP,Addanki,0,0,0,0,0,0,0,0,0,0,0,0,0,0,0,0,0,0,0,0
ZPxfGc9NPdw,2022-11-24,-0.9989225268363952,1489.0,TV9,203.0,0.0,addanki.png,Gottipati Ravikumar,TDP,Addanki,0,0,0,0,0,0,0,0,0,0,0,0,0,0,0,0,0,0,0,0
H9Ya1dywpv0,2022-11-25,-0.9969297051429749,74853.0,TV9,138.0,40.0,addanki.png,Gottipati Ravikumar,TDP,Addanki,0,0,0,0,0,0,0,0,0,0,0,0,0,0,0,0,1,0,0,0
GTfdvFx9_H8,2022-11-25,-0.9978011250495912,5058.0,TV9,243.0,2.0,addanki.png,Gottipati Ravikumar,TDP,Addanki,0,0,0,1,0,0,0,0,0,0,0,0,0,0,0,0,0,0,0,0
e02X5bfhY7c,2022-11-25,0.9857611060142516,731.0,TV9,250.0,0.0,addanki.png,Gottipati Ravikumar,TDP,Addanki,0,0,0,0,0,0,0,0,0,0,0,0,0,0,0,0,0,0,0,0
69EulhzNOhQ,2022-11-25,-0.9931371212005616,1614.0,TV9,322.0,0.0,addanki.png,Gottipati Ravikumar,TDP,Addanki,0,0,0,0,0,0,0,0,0,0,0,0,0,0,0,0,1,0,0,0
ef-2XP1KJKY,2022-11-25,0.9864218235015868,1136.0,TV9,176.0,0.0,addanki.png,Gottipati Ravikumar,TDP,Addanki,0,0,0,0,0,0,0,0,0,0,0,0,0,0,0,0,0,0,0,0
ozal07dR7q8,2022-11-25,0.9966670870780944,1080.0,TV9,188.0,0.0,addanki.png,Gottipati Ravikumar,TDP,Addanki,0,1,0,0,0,0,0,0,0,0,0,0,0,0,1,0,0,0,0,0
um090OJ1wYA,2022-11-25,-0.9957931041717528,5758.0,TV9,468.0,3.0,addanki.png,Gottipati Ravikumar,TDP,Addanki,0,0,0,0,0,0,0,0,0,0,0,0,0,0,0,0,0,0,0,0
izgzYu5fnQU,2022-11-25,-0.9935176372528076,2138.0,TV5,254.0,3.0,addanki.png,Gottipati Ravikumar,TDP,Addanki,1,0,1,1,0,0,0,0,0,0,0,0,0,0,0,1,0,1,0,0
bJ6VwXSHGqg,2022-11-26,-0.996800184249878,2379.0,TV9,386.0,0.0,addanki.png,Gottipati Ravikumar,TDP,Addanki,0,0,0,0,0,0,0,0,0,0,0,0,0,0,0,0,0,0,0,0
dNZB9r6_mtg,2022-11-26,-0.9969834685325624,1629.0,TV9,118.0,3.0,addanki.png,Gottipati Ravikumar,TDP,Addanki,0,0,0,0,0,0,0,0,0,0,0,0,0,0,0,0,0,0,0,0
QNgDyu24nm4,2022-11-27,-0.9981648325920104,2193.0,TV9,142.0,10.0,addanki.png,Gottipati Ravikumar,TDP,Addanki,0,1,1,0,0,0,0,0,0,0,0,0,0,0,0,0,0,0,0,0
shphVBHYWME,2022-11-27,-0.9987329840660096,4034.0,TV9,328.0,17.0,addanki.png,Gottipati Ravikumar,TDP,Addanki,0,1,0,0,0,0,0,0,0,0,0,0,0,0,0,0,0,0,0,0
HUQIKGhAg34,2022-11-28,0.9953818917274476,3920.0,TV9,326.0,1.0,addanki.png,Gottipati Ravikumar,TDP,Addanki,0,0,0,0,0,0,0,0,0,0,0,0,0,0,0,1,1,0,0,0
MZsCpNgyAwY,2022-11-28,0.9911664128303528,5769.0,TV9,428.0,13.0,addanki.png,Gottipati Ravikumar,TDP,Addanki,0,0,0,0,0,0,0,0,1,0,0,0,0,0,1,0,0,0,0,0
C_MW8gbYaZs,2022-11-29,0.9879911541938782,2798.0,TV9,155.0,0.0,addanki.png,Gottipati Ravikumar,TDP,Addanki,0,0,0,0,0,0,0,0,0,0,0,0,0,0,0,0,1,0,0,0
9Obaz4YbIyM,2022-11-29,-0.6240699291229248,1288.0,TV9,460.0,1.0,addanki.png,Gottipati Ravikumar,TDP,Addanki,0,0,0,0,0,0,0,0,0,0,0,0,0,0,0,0,0,0,0,0
6SdB4tN9y2Y,2022-11-29,0.9970887303352356,1508.0,TV9,184.0,0.0,addanki.png,Gottipati Ravikumar,TDP,Addanki,0,0,0,0,0,0,0,0,0,0,0,0,0,0,0,0,0,0,0,0
T05nDaoQoBM,2022-11-29,-0.9980453252792358,16684.0,TV9,161.0,5.0,addanki.png,Gottipati Ravikumar,TDP,Addanki,0,0,0,0,0,0,0,0,0,0,0,0,0,0,0,0,0,0,0,0
U2O8NQlLh2A,2022-11-29,-0.9852765202522278,2322.0,ABN,430.0,7.0,addanki.png,Gottipati Ravikumar,TDP,Addanki,0,0,0,0,0,0,0,0,0,0,0,0,0,0,0,0,0,0,0,0
NLaip_cGymo,2022-11-30,-0.9935935139656068,1672.0,TV9,429.0,1.0,addanki.png,Gottipati Ravikumar,TDP,Addanki,0,0,0,0,0,0,0,0,0,0,0,0,0,0,0,0,1,0,0,0
wFLgxq8kBQI,2022-12-01,0.9980840682983398,988.0,TV9,174.0,0.0,addanki.png,Gottipati Ravikumar,TDP,Addanki,0,0,0,0,0,0,0,0,0,0,0,0,0,0,0,0,1,0,0,0
lfKbahc9TFE,2022-12-01,-0.9237165451049804,7473.0,TV9,123.0,18.0,addanki.png,Gottipati Ravikumar,TDP,Addanki,1,0,1,0,0,0,0,0,0,1,0,0,0,0,0,0,0,0,0,1
t4h695JphCE,2022-12-01,-0.9978558421134948,2583.0,TV9,430.0,5.0,addanki.png,Gottipati Ravikumar,TDP,Addanki,0,0,0,0,0,0,0,0,0,0,0,0,0,0,0,0,0,0,0,0
FLO_aMD1b2U,2022-12-02,-0.9946674108505248,5114.0,TV9,531.0,7.0,addanki.png,Gottipati Ravikumar,TDP,Addanki,0,0,0,0,0,0,0,0,0,0,0,0,0,0,0,0,0,0,0,0
LHDfyh6cICM,2022-12-02,0.779045820236206,2168.0,TV5,298.0,2.0,addanki.png,Gottipati Ravikumar,TDP,Addanki,1,0,0,0,0,0,0,0,0,0,0,0,0,0,0,0,0,1,0,0
7jDHLjLbqMk,2022-12-03,-0.9973403811454772,2923.0,TV9,384.0,4.0,addanki.png,Gottipati Ravikumar,TDP,Addanki,0,0,0,0,0,0,0,0,0,0,0,0,0,0,0,0,0,0,0,0
VEEi0W2BchU,2022-12-03,0.9954698085784912,2209.0,TV9,224.0,1.0,addanki.png,Gottipati Ravikumar,TDP,Addanki,0,0,0,0,0,0,0,0,0,0,0,0,0,0,0,0,0,1,0,0
NG9qNZVskGg,2022-12-03,-0.9963939785957336,1647.0,ABN,535.0,3.0,addanki.png,Gottipati Ravikumar,TDP,Addanki,0,0,0,0,0,0,0,0,0,0,0,0,0,0,0,0,0,0,0,0
fkd_-8c4oc8,2022-12-03,0.9922642707824708,1986.0,ABN,215.0,9.0,addanki.png,Gottipati Ravikumar,TDP,Addanki,0,0,1,0,0,0,0,0,0,0,0,0,0,0,0,0,0,0,0,0
Q-gsbLdbDcM,2022-12-03,-0.991550087928772,3326.0,TV9,265.0,3.0,addanki.png,Gottipati Ravikumar,TDP,Addanki,0,0,0,0,0,0,0,0,0,0,0,0,0,0,0,0,0,1,0,0
UWdwVcFb2rw,2022-12-04,-0.9962561130523682,813.0,TV9,264.0,0.0,addanki.png,Gottipati Ravikumar,TDP,Addanki,0,0,0,1,0,0,0,0,0,0,0,0,0,0,0,0,0,0,0,0
Dpjedqjg5Pw,2022-12-04,0.9896841049194336,19089.0,ABN,283.0,50.0,addanki.png,Gottipati Ravikumar,TDP,Addanki,0,0,0,0,0,0,0,0,0,0,0,0,0,0,0,0,0,0,0,0
FRV-HMc0WTc,2022-12-04,-0.9879469275474548,2628.0,ABN,264.0,1.0,addanki.png,Gottipati Ravikumar,TDP,Addanki,0,0,0,0,0,0,0,0,0,0,0,0,0,0,0,0,0,0,0,0
ER2rRHASDts,2022-12-06,0.9942069053649902,1331.0,Sakshi,235.0,2.0,addanki.png,Gottipati Ravikumar,TDP,Addanki,0,1,1,1,1,1,0,0,0,0,0,0,0,0,0,0,0,0,0,0
W_bB4xcy1LU,2022-12-06,0.9884757995605468,1661.0,Sakshi,441.0,4.0,addanki.png,Gottipati Ravikumar,TDP,Addanki,0,0,1,0,0,1,0,0,0,0,0,0,0,0,0,0,0,0,0,0
HS9iw4QTMyU,2022-12-06,-0.9828197956085204,655.0,Sakshi,339.0,2.0,addanki.png,Gottipati Ravikumar,TDP,Addanki,0,0,1,0,0,1,0,0,0,0,0,0,0,0,0,0,0,0,0,0
gWeGbTrBAfM,2022-12-06,-0.9985752105712892,3678.0,TV9,172.0,0.0,addanki.png,Gottipati Ravikumar,TDP,Addanki,0,0,0,0,0,0,0,0,0,0,0,0,0,0,0,0,0,0,0,0
CxB31OQhM98,2022-12-07,-0.9750829935073853,406.0,TV9,105.0,0.0,addanki.png,Gottipati Ravikumar,TDP,Addanki,0,0,0,1,0,0,0,0,0,0,0,0,0,1,0,0,0,0,0,0
djaf5UDqGzY,2022-12-08,-0.998166024684906,8378.0,ABN,231.0,15.0,addanki.png,Gottipati Ravikumar,TDP,Addanki,0,0,0,0,0,0,0,0,0,0,0,0,0,0,1,0,0,0,0,0
MxhVRyURtO4,2022-12-08,0.9974101185798644,16930.0,TV5,255.0,2.0,addanki.png,Gottipati Ravikumar,TDP,Addanki,0,0,0,0,0,0,0,0,0,0,0,0,0,0,0,0,0,0,0,0
zhK50PsuNSc,2022-12-09,0.99602073431015,171363.0,TV9,228.0,24.0,addanki.png,Gottipati Ravikumar,TDP,Addanki,0,0,0,0,0,0,0,0,0,0,0,0,0,0,0,0,0,0,0,0
NZuLDTEXaXU,2022-12-10,-0.990451157093048,5333.0,TV9,231.0,2.0,addanki.png,Gottipati Ravikumar,TDP,Addanki,0,0,0,0,0,0,0,0,0,0,0,0,0,0,0,0,0,0,0,0
XntUd454rVE,2022-12-11,-0.996943175792694,3212.0,TV9,342.0,3.0,addanki.png,Gottipati Ravikumar,TDP,Addanki,0,0,0,0,0,0,0,0,0,0,0,0,0,0,0,0,0,0,0,0
fRpXCu6tSUg,2022-12-11,-0.9977174997329712,3448.0,TV9,252.0,1.0,addanki.png,Gottipati Ravikumar,TDP,Addanki,0,0,0,0,0,0,0,0,0,0,0,0,0,0,0,0,0,0,0,0
R7ycwUo9APY,2022-12-11,0.9878888726234436,2299.0,TV9,502.0,0.0,addanki.png,Gottipati Ravikumar,TDP,Addanki,0,0,0,0,0,0,0,0,0,0,0,0,0,0,0,0,0,0,0,0
ZbvSNHFjEdI,2022-12-11,0.9920487999916076,9629.0,TV9,550.0,3.0,addanki.png,Gottipati Ravikumar,TDP,Addanki,0,0,0,0,0,0,0,0,0,0,0,0,0,0,0,0,0,0,0,0
u86w0o63nEw,2022-12-11,-0.999484658241272,4592.0,TV9,454.0,5.0,addanki.png,Gottipati Ravikumar,TDP,Addanki,0,0,0,0,0,0,0,0,0,0,0,0,0,0,0,0,0,0,0,0
CWWW_Vv0Y0w,2022-12-11,-0.9830159544944764,1495.0,TV9,344.0,0.0,addanki.png,Gottipati Ravikumar,TDP,Addanki,0,0,0,0,0,0,0,0,0,0,0,0,0,0,0,0,0,0,0,0
eT-2X_b5ZU8,2022-12-11,-0.99871826171875,10783.0,TV9,282.0,2.0,addanki.png,Gottipati Ravikumar,TDP,Addanki,0,0,0,0,0,0,0,0,0,1,0,0,0,0,0,0,0,1,1,0
_M-Xfc_jNe0,2022-12-12,0.9946014881134032,58393.0,TV9,102.0,43.0,addanki.png,Gottipati Ravikumar,TDP,Addanki,0,0,0,0,0,0,0,0,1,0,0,0,0,0,1,0,0,0,0,0
z9gy0rJ5HxA,2022-12-13,0.9856131672859192,4340.0,Sakshi,324.0,11.0,addanki.png,Gottipati Ravikumar,TDP,Addanki,0,1,1,0,0,0,1,0,0,0,0,0,0,0,1,0,0,1,0,0
Mzl91-WnCYc,2022-12-13,-0.9980126619338988,335.0,Sakshi,133.0,2.0,addanki.png,Gottipati Ravikumar,TDP,Addanki,0,1,0,1,1,1,0,0,0,0,0,0,0,0,0,0,0,0,0,0
jVH67acT_GU,2022-12-14,-0.9987395405769348,2819.0,TV9,187.0,0.0,addanki.png,Gottipati Ravikumar,TDP,Addanki,0,0,0,0,0,0,0,0,0,0,0,0,0,0,0,0,1,0,0,0
SIFUmKtJN0E,2022-12-15,-0.9934205412864684,6656.0,ABN,231.0,0.0,addanki.png,Gottipati Ravikumar,TDP,Addanki,0,0,0,0,0,0,0,0,0,0,0,0,0,0,0,0,0,0,0,0
ITai9Km-qHs,2022-12-15,-0.9982568621635436,1477.0,TV9,183.0,2.0,addanki.png,Gottipati Ravikumar,TDP,Addanki,0,0,1,0,0,0,0,0,0,0,0,0,0,0,0,0,0,0,0,0
uqTIrDRKPIw,2022-12-15,-0.9994231462478638,2414.0,ABN,450.0,14.0,addanki.png,Gottipati Ravikumar,TDP,Addanki,0,0,0,0,0,0,0,0,0,0,0,0,0,0,0,0,0,0,0,0
RWNjXTc3BAs,2022-12-15,-0.9959920048713684,13635.0,ABN,290.0,17.0,addanki.png,Gottipati Ravikumar,TDP,Addanki,0,0,0,0,0,0,0,0,0,0,0,0,0,0,0,0,0,0,0,0
Jopiy20uHyo,2022-12-16,-0.99788099527359,5953.0,TV9,391.0,9.0,addanki.png,Gottipati Ravikumar,TDP,Addanki,0,0,0,0,0,0,0,0,0,0,0,0,0,0,0,0,0,0,0,0
hEGKsF86RfQ,2022-12-17,0.998542308807373,441.0,TV9,117.0,0.0,addanki.png,Gottipati Ravikumar,TDP,Addanki,0,0,0,0,0,0,0,0,0,0,0,0,0,0,0,0,0,0,0,0
OiWJMLknpU4,2022-12-18,-0.9974936246871948,55404.0,TV9,444.0,89.0,addanki.png,Gottipati Ravikumar,TDP,Addanki,0,0,0,0,0,0,0,0,0,0,0,0,0,0,0,0,0,0,0,0
8IdycZYM2Go,2022-12-19,-0.9977599382400512,1886.0,TV9,373.0,0.0,addanki.png,Gottipati Ravikumar,TDP,Addanki,0,0,0,0,0,0,0,0,0,0,0,0,0,0,0,0,0,0,0,0
wUHE-VfYUOM,2022-12-19,-0.9978942275047302,2721.0,TV9,364.0,1.0,addanki.png,Gottipati Ravikumar,TDP,Addanki,0,0,0,0,0,0,0,0,0,0,0,0,0,0,0,0,0,0,0,0
D3370KTCpmY,2022-12-19,-0.9967612624168396,2591.0,TV9,241.0,2.0,addanki.png,Gottipati Ravikumar,TDP,Addanki,0,0,0,0,0,0,0,0,0,0,0,0,0,0,0,0,0,0,0,0
zRT40JMKSO4,2022-12-19,0.994672954082489,7203.0,TV9,461.0,6.0,addanki.png,Gottipati Ravikumar,TDP,Addanki,0,0,0,0,0,0,0,0,0,0,0,0,0,0,0,0,0,0,0,0
WmOBfaR9n2s,2022-12-19,-0.992649495601654,6692.0,TV9,464.0,0.0,addanki.png,Gottipati Ravikumar,TDP,Addanki,0,0,0,0,0,0,0,0,0,0,0,0,0,0,0,0,0,0,0,0
AbXJpQ6EP6E,2022-12-19,-0.9956178665161132,964.0,TV9,550.0,0.0,addanki.png,Gottipati Ravikumar,TDP,Addanki,0,0,0,0,0,0,0,0,0,0,0,0,0,0,0,0,0,0,0,0
W4lMzhx3eh4,2022-12-19,-0.9969733953475952,1467.0,TV9,358.0,1.0,addanki.png,Gottipati Ravikumar,TDP,Addanki,0,0,0,0,0,0,0,0,0,0,0,0,0,1,0,0,0,0,0,0
pNziMcRNN0g,2022-12-20,-0.9926849603652954,5217.0,TV9,366.0,2.0,addanki.png,Gottipati Ravikumar,TDP,Addanki,0,0,0,0,0,0,0,0,0,0,0,0,0,0,0,0,0,0,0,0
w8vn7CBd55I,2022-12-20,-0.9931986927986144,2842.0,TV9,418.0,0.0,addanki.png,Gottipati Ravikumar,TDP,Addanki,0,0,0,0,0,0,0,0,0,0,0,0,0,0,0,0,0,0,0,0
FLZ6VUbqUnI,2022-12-20,-0.9978031516075134,601.0,TV9,153.0,0.0,addanki.png,Gottipati Ravikumar,TDP,Addanki,0,0,0,0,0,0,0,0,0,0,0,0,0,0,0,0,0,0,0,0
zTjHzarP5bY,2022-12-22,-0.9990736246109008,8447.0,TV9,424.0,5.0,addanki.png,Gottipati Ravikumar,TDP,Addanki,0,0,0,0,0,0,0,0,0,0,0,0,0,0,0,0,0,0,0,0
AIcM019Rzcc,2022-12-22,-0.9838196635246276,793.0,TV9,117.0,0.0,addanki.png,Gottipati Ravikumar,TDP,Addanki,0,0,0,0,0,0,0,0,0,0,0,0,0,0,0,0,0,0,0,0
gw-E24nmJyc,2022-12-22,-0.996248185634613,4357.0,ABN,520.0,1.0,addanki.png,Gottipati Ravikumar,TDP,Addanki,0,0,0,0,0,0,0,0,0,0,0,0,0,0,0,0,0,0,0,0
qg6BcX6EIzw,2022-12-23,0.9902319312095642,2208.0,ABN,140.0,0.0,addanki.png,Gottipati Ravikumar,TDP,Addanki,0,0,0,0,0,0,0,0,0,0,0,0,0,0,0,0,0,0,0,0
ZuftFEjhMWI,2022-12-24,-0.9956811666488647,1191.0,TV9,305.0,4.0,addanki.png,Gottipati Ravikumar,TDP,Addanki,0,0,0,0,0,1,0,0,0,0,0,0,0,0,0,0,0,0,0,0
c_V33yMz_zQ,2022-12-25,-0.990882396697998,3685.0,TV9,517.0,0.0,addanki.png,Gottipati Ravikumar,TDP,Addanki,0,0,0,0,0,0,0,0,0,0,0,0,0,0,0,0,0,0,0,0
idIhHBG-Grc,2022-12-25,0.997534990310669,7632.0,TV9,276.0,7.0,addanki.png,Gottipati Ravikumar,TDP,Addanki,0,0,0,0,0,0,0,0,0,0,0,0,0,0,0,0,0,1,0,0
yDa_usnJNTc,2022-12-26,-0.9970167875289916,3782.0,TV9,291.0,3.0,addanki.png,Gottipati Ravikumar,TDP,Addanki,0,0,0,0,0,0,0,0,0,0,0,0,0,0,0,0,1,1,0,0
FSxBlF0SbUk,2022-12-26,-0.9992449283599854,871.0,TV9,250.0,0.0,addanki.png,Gottipati Ravikumar,TDP,Addanki,0,0,0,0,0,0,0,0,0,0,0,0,0,0,0,0,1,1,0,0
bf538yP8z0g,2022-12-26,-0.995843470096588,1474.0,TV9,400.0,6.0,addanki.png,Gottipati Ravikumar,TDP,Addanki,0,0,0,0,0,0,0,0,0,0,0,0,0,0,0,0,0,0,0,0
Y0krrOU3szk,2022-12-26,0.99296373128891,1993.0,TV9,369.0,5.0,addanki.png,Gottipati Ravikumar,TDP,Addanki,0,0,0,0,0,0,0,0,0,0,0,0,0,0,0,0,1,0,0,0
pg7InAxMozQ,2022-12-26,-0.9974691867828368,2126.0,TV9,264.0,2.0,addanki.png,Gottipati Ravikumar,TDP,Addanki,0,0,0,1,0,0,0,0,0,0,0,0,0,0,0,0,1,0,1,1
LZuzcnidMgg,2022-12-26,-0.9858044385910034,980.0,TV9,527.0,0.0,addanki.png,Gottipati Ravikumar,TDP,Addanki,0,0,0,0,0,0,0,0,0,0,0,0,0,0,0,0,0,0,0,0
ErMl_qWeGWY,2022-12-26,-0.9916018843650818,4285.0,TV9,250.0,1.0,addanki.png,Gottipati Ravikumar,TDP,Addanki,0,0,0,0,0,0,0,0,0,0,0,0,0,0,0,0,0,0,0,0
v22iQUb76gk,2022-12-27,-0.9957351684570312,1152.0,TV9,165.0,0.0,addanki.png,Gottipati Ravikumar,TDP,Addanki,0,0,0,0,0,0,0,0,0,0,0,0,0,0,0,0,1,0,0,0
tuslsxvFzTo,2022-12-27,-0.9925276041030884,552.0,TV9,134.0,0.0,addanki.png,Gottipati Ravikumar,TDP,Addanki,0,0,0,0,0,0,0,0,0,0,0,0,0,0,0,0,0,0,0,0
mnebA9NK2bU,2022-12-28,-0.9845284819602966,721.0,TV5,210.0,0.0,addanki.png,Gottipati Ravikumar,TDP,Addanki,0,0,0,0,0,0,0,0,0,0,0,0,0,0,0,0,0,0,0,0
JseAvZUEVng,2022-12-29,-0.9935855269432068,2198.0,Sakshi,341.0,5.0,addanki.png,Gottipati Ravikumar,TDP,Addanki,0,0,0,0,0,1,0,1,0,0,0,0,0,0,0,0,0,0,0,0
4H2B3OGsD3Y,2022-12-30,-0.997702181339264,23309.0,TV9,299.0,46.0,addanki.png,Gottipati Ravikumar,TDP,Addanki,0,0,1,0,0,0,0,0,0,0,0,0,0,0,0,0,0,0,0,0
C-zi5QHYiPU,2022-12-31,0.9886334538459778,12053.0,TV9,243.0,19.0,addanki.png,Gottipati Ravikumar,TDP,Addanki,0,0,0,0,0,0,0,0,0,0,0,0,0,0,0,0,0,1,0,0
h4wpvBmGPKA,2022-12-31,-0.9994797110557556,1746.0,TV9,284.0,4.0,addanki.png,Gottipati Ravikumar,TDP,Addanki,0,0,0,0,0,1,0,0,0,0,0,0,0,0,0,0,0,0,0,0
0kPTAOz8EZE,2022-12-31,-0.998230755329132,663.0,TV9,308.0,0.0,addanki.png,Gottipati Ravikumar,TDP,Addanki,0,0,0,0,0,0,0,0,0,0,0,0,0,0,0,0,0,0,0,0
IX0Q9S7SusY,2023-01-02,-0.9948623776435852,1091.0,TV9,142.0,0.0,addanki.png,Gottipati Ravikumar,TDP,Addanki,0,0,0,0,0,0,0,0,0,0,0,0,0,0,0,0,0,0,0,0
H7re0JeRUEw,2023-01-03,-0.9747442603111268,2897.0,TV5,285.0,2.0,addanki.png,Gottipati Ravikumar,TDP,Addanki,0,1,1,0,0,0,0,0,0,0,0,0,0,0,0,0,0,0,0,0
Pav8rqa8sj4,2023-01-04,0.99871826171875,784.0,TV9,275.0,4.0,addanki.png,Gottipati Ravikumar,TDP,Addanki,0,0,0,0,0,0,0,0,0,0,0,0,0,0,0,0,0,0,0,0
rOvwCNaTF1I,2023-01-04,-0.9952757358551024,1866.0,TV9,219.0,2.0,addanki.png,Gottipati Ravikumar,TDP,Addanki,0,0,0,0,0,0,0,0,0,0,0,0,0,0,0,0,1,0,0,0
IGkiFLK-n0I,2023-01-04,0.9866141676902772,3902.0,TV9,560.0,5.0,addanki.png,Gottipati Ravikumar,TDP,Addanki,0,0,0,0,0,0,0,0,0,0,0,0,0,0,0,0,0,0,0,0
CFG7liTn9XY,2023-01-05,-0.9955092668533324,398.0,TV9,244.0,0.0,addanki.png,Gottipati Ravikumar,TDP,Addanki,0,0,0,1,0,0,0,0,0,0,0,0,0,1,0,0,0,1,0,0
UnzUzuzLNes,2023-01-06,-0.9980939030647278,1148.0,TV9,189.0,1.0,addanki.png,Gottipati Ravikumar,TDP,Addanki,0,0,0,0,0,0,0,0,0,0,0,0,0,0,0,0,1,0,0,0
bopkckOrgz0,2023-01-06,0.996286392211914,3803.0,TV9,421.0,9.0,addanki.png,Gottipati Ravikumar,TDP,Addanki,0,0,0,0,0,0,0,0,0,0,0,0,0,0,0,0,0,0,0,0
OhGwfot1JwQ,2023-01-07,-0.9812961220741272,603.0,TV9,377.0,1.0,addanki.png,Gottipati Ravikumar,TDP,Addanki,0,0,0,0,0,0,0,0,0,0,0,0,0,0,0,0,0,0,0,0
SfxympeuhNA,2023-01-07,0.9934592247009276,1500.0,TV9,538.0,1.0,addanki.png,Gottipati Ravikumar,TDP,Addanki,0,0,0,0,0,0,0,0,0,0,0,0,0,0,0,0,0,0,0,0
CRxzhWvEHiE,2023-01-07,-0.9906359314918518,1745.0,TV5,300.0,0.0,addanki.png,Gottipati Ravikumar,TDP,Addanki,0,0,0,0,0,0,0,0,0,0,0,0,0,0,0,0,0,0,0,0
_tjCUT6uhF8,2023-01-07,-0.9986762404441832,785.0,TV9,130.0,0.0,addanki.png,Gottipati Ravikumar,TDP,Addanki,0,0,0,0,0,0,0,0,0,0,0,0,0,0,0,0,0,0,0,0
nQN4yQ753ec,2023-01-09,-0.9872213006019592,8156.0,TV5,275.0,19.0,addanki.png,Gottipati Ravikumar,TDP,Addanki,0,1,0,0,1,1,1,0,0,0,0,0,0,0,0,0,0,0,0,0
8DxcT5exTPk,2023-01-09,-0.9719618558883668,366.0,TV9,333.0,0.0,addanki.png,Gottipati Ravikumar,TDP,Addanki,0,0,0,0,0,0,0,0,0,0,0,0,0,0,0,0,0,0,0,0
rP_fPmwa5mQ,2023-01-09,-0.9893632531166076,5335.0,TV5,103.0,8.0,addanki.png,Gottipati Ravikumar,TDP,Addanki,1,1,1,0,1,1,1,0,0,0,0,0,0,0,0,0,0,1,0,0
2p3tZYXzB7U,2023-01-09,-0.9984322190284728,4914.0,TV9,298.0,13.0,addanki.png,Gottipati Ravikumar,TDP,Addanki,1,0,0,0,0,1,1,0,0,0,0,0,0,0,1,0,0,1,0,0
4E3Sez19zVI,2023-01-10,-0.9974719882011414,2028.0,TV9,253.0,1.0,addanki.png,Gottipati Ravikumar,TDP,Addanki,0,0,0,0,0,0,0,0,1,0,0,0,0,0,0,0,1,0,0,0
oAfz96FW4R4,2023-01-10,0.998760223388672,3378.0,TV9,306.0,11.0,addanki.png,Gottipati Ravikumar,TDP,Addanki,0,0,0,1,1,1,0,0,0,0,0,0,0,0,0,0,0,1,0,0
O4tkTYZ9RiI,2023-01-10,-0.9978402853012084,3146.0,TV9,323.0,1.0,addanki.png,Gottipati Ravikumar,TDP,Addanki,1,0,0,0,0,0,0,0,0,0,0,0,0,0,0,0,0,0,0,0
ZeVbG6Z9Q3M,2023-01-10,-0.9896683692932128,4915.0,TV9,183.0,0.0,addanki.png,Gottipati Ravikumar,TDP,Addanki,0,0,0,0,0,0,0,0,0,0,0,0,0,0,0,0,0,0,0,0
PZ8lMrm-Zo0,2023-01-10,0.9903808236122132,3170.0,TV9,391.0,3.0,addanki.png,Gottipati Ravikumar,TDP,Addanki,0,0,0,0,0,0,0,0,0,0,0,0,0,0,0,0,0,0,0,0
MjUKznUB7Uw,2023-01-10,-0.998596727848053,3036.0,TV9,270.0,8.0,addanki.png,Gottipati Ravikumar,TDP,Addanki,1,1,1,1,1,0,1,1,0,1,1,1,1,1,0,1,1,1,1,1
1pPIeUeFeks,2023-01-10,0.993372917175293,2722.0,Sakshi,248.0,5.0,addanki.png,Gottipati Ravikumar,TDP,Addanki,0,1,1,0,1,1,0,0,0,1,0,0,0,0,0,0,0,0,0,1
_rG1iiJ3Z-0,2023-01-11,-0.9990781545639038,995.0,ABN,212.0,11.0,addanki.png,Gottipati Ravikumar,TDP,Addanki,0,0,0,0,0,0,0,0,0,0,0,0,0,0,0,0,0,0,0,0
K5hxUhB88v0,2023-01-11,-0.9993290901184082,1032.0,ABN,344.0,0.0,addanki.png,Gottipati Ravikumar,TDP,Addanki,0,0,0,0,0,0,0,0,0,0,0,0,0,0,0,0,0,0,0,0
u6Gdfy1RyNE,2023-01-12,0.9873823523521424,4341.0,TV9,175.0,8.0,addanki.png,Gottipati Ravikumar,TDP,Addanki,0,0,0,1,1,0,0,0,1,0,0,0,0,1,0,0,0,0,0,0
AG6NPAZzhTA,2023-01-12,0.9957948923110962,3096.0,TV9,425.0,2.0,addanki.png,Gottipati Ravikumar,TDP,Addanki,0,0,0,0,0,0,0,0,1,0,0,0,0,0,0,0,0,0,0,0
ZqDyNxbOo1Y,2023-01-13,0.9983589053153992,455.0,ABN,264.0,0.0,addanki.png,Gottipati Ravikumar,TDP,Addanki,0,0,0,1,0,0,0,0,0,0,0,0,0,0,0,0,0,1,0,0
_2O0qFlsOgI,2023-01-17,0.9933717250823976,2330.0,TV9,498.0,0.0,addanki.png,Gottipati Ravikumar,TDP,Addanki,0,0,0,0,0,0,0,0,0,0,0,0,0,0,0,0,0,0,0,0
mI3ztikudQo,2023-01-17,0.9985722303390504,892.0,ABN,328.0,0.0,addanki.png,Gottipati Ravikumar,TDP,Addanki,0,0,0,1,0,0,0,0,0,0,0,0,0,0,0,0,0,1,0,0
L39asGnOnyI,2023-01-17,-0.99550062417984,4255.0,ABN,235.0,11.0,addanki.png,Gottipati Ravikumar,TDP,Addanki,0,0,0,1,0,0,0,0,1,0,0,0,0,0,0,0,0,0,0,0
-vByAyXKD9g,2023-01-19,-0.9930256605148317,4465.0,TV9,303.0,0.0,addanki.png,Gottipati Ravikumar,TDP,Addanki,0,0,0,0,0,0,0,0,0,0,0,0,0,0,0,0,0,0,0,0
nWWr6x_AytA,2023-01-19,-0.996810257434845,754.0,TV9,275.0,3.0,addanki.png,Gottipati Ravikumar,TDP,Addanki,0,0,0,0,0,1,0,0,1,0,0,0,0,0,0,0,0,0,0,0
mb3qKUiH1AE,2023-01-19,-0.9993508458137512,10042.0,ABN,207.0,4.0,addanki.png,Gottipati Ravikumar,TDP,Addanki,1,1,1,0,0,1,0,0,0,0,0,0,0,0,0,0,0,0,0,0
dodH_v1EEE4,2023-01-19,0.9924333095550536,1158.0,TV5,330.0,9.0,addanki.png,Gottipati Ravikumar,TDP,Addanki,0,0,1,0,0,0,0,0,0,0,0,0,1,0,0,0,0,0,0,0
G5EBtJ7Pz08,2023-01-19,0.994904398918152,1432.0,Sakshi,546.0,7.0,addanki.png,Gottipati Ravikumar,TDP,Addanki,0,0,0,0,0,0,0,0,1,0,0,0,0,0,1,0,0,0,0,0
UkF_xKKphKY,2023-01-20,-0.9980329871177672,5042.0,Sakshi,92.0,7.0,addanki.png,Gottipati Ravikumar,TDP,Addanki,0,0,0,0,0,1,0,0,1,0,0,0,0,0,0,0,0,0,0,0
El551WJ1qPU,2023-01-20,0.7857764363288879,4327.0,TV9,261.0,0.0,addanki.png,Gottipati Ravikumar,TDP,Addanki,0,0,0,0,0,0,0,0,0,0,0,0,0,0,0,0,0,0,0,0
IMJYFw8in3s,2023-01-21,-0.9989564418792723,3008.0,TV9,402.0,4.0,addanki.png,Gottipati Ravikumar,TDP,Addanki,0,0,0,0,0,0,0,0,0,0,0,0,0,0,0,0,0,0,0,0
hCprlqk9C9k,2023-01-22,-0.9983651041984558,27023.0,Sakshi,396.0,78.0,addanki.png,Gottipati Ravikumar,TDP,Addanki,0,0,0,0,0,0,0,0,0,0,0,0,0,0,0,0,0,0,0,0
N1yArQ1DsT4,2023-01-22,-0.984975516796112,8923.0,TV9,264.0,0.0,addanki.png,Gottipati Ravikumar,TDP,Addanki,0,0,0,0,0,0,0,0,0,0,0,0,0,0,0,0,0,0,0,0
cTIl1x1jZFk,2023-01-22,0.9973893761634828,4031.0,TV9,565.0,2.0,addanki.png,Gottipati Ravikumar,TDP,Addanki,0,0,0,0,0,0,0,0,0,0,0,0,0,0,0,0,0,0,0,0
KjZL-HaHHpU,2023-01-23,0.9984148740768432,24466.0,TV5,246.0,37.0,addanki.png,Gottipati Ravikumar,TDP,Addanki,1,0,0,0,0,0,0,1,0,0,0,0,0,0,0,0,0,0,0,0
ABhTLVoeBSk,2023-01-23,-0.9976304769515992,2884.0,TV9,218.0,2.0,addanki.png,Gottipati Ravikumar,TDP,Addanki,0,0,0,0,0,0,0,0,0,0,0,0,0,0,0,0,0,0,0,0
Sn8UrhbU0z8,2023-01-23,-0.9987210631370544,855.0,TV9,106.0,1.0,addanki.png,Gottipati Ravikumar,TDP,Addanki,0,0,0,0,0,0,0,0,1,0,0,0,0,0,0,0,0,0,0,0
7SQ1V3SLKpM,2023-01-24,0.9938390851020812,774.0,TV5,189.0,1.0,addanki.png,Gottipati Ravikumar,TDP,Addanki,0,0,0,0,0,0,0,0,0,0,0,0,0,0,0,0,0,0,0,0
jJQGD21KBZU,2023-01-24,-0.99788898229599,2997.0,TV9,354.0,0.0,addanki.png,Gottipati Ravikumar,TDP,Addanki,0,0,0,0,0,0,0,0,0,0,0,0,0,0,0,0,0,0,0,0
c3tBe_-hxto,2023-01-24,0.9947311878204346,6833.0,Sakshi,317.0,19.0,addanki.png,Gottipati Ravikumar,TDP,Addanki,0,1,1,1,0,0,0,0,0,0,0,0,0,0,0,0,0,0,0,0
1krUIlo16rI,2023-01-24,-0.9983237385749816,1936.0,TV9,331.0,0.0,addanki.png,Gottipati Ravikumar,TDP,Addanki,0,0,0,0,0,0,0,0,0,0,0,0,0,0,0,0,0,0,0,0
iSvGZgph0Zo,2023-01-25,-0.9966082572937012,682.0,TV9,297.0,0.0,addanki.png,Gottipati Ravikumar,TDP,Addanki,0,0,0,0,0,0,0,0,1,0,0,0,0,0,0,0,0,0,0,0
wLLDAmhpVy0,2023-01-26,0.9922261238098145,1618.0,TV9,226.0,4.0,addanki.png,Gottipati Ravikumar,TDP,Addanki,0,0,0,0,1,0,0,0,0,0,0,0,0,0,1,0,0,0,0,0
d2f_Swa4BUg,2023-01-26,0.9758934378623962,1581.0,TV9,330.0,4.0,addanki.png,Gottipati Ravikumar,TDP,Addanki,0,0,0,0,0,0,0,0,0,0,0,0,0,0,0,0,0,0,0,0
sMEOr0UucHs,2023-01-26,-0.998648464679718,3138.0,TV9,220.0,21.0,addanki.png,Gottipati Ravikumar,TDP,Addanki,1,0,0,0,0,0,1,0,0,0,0,0,0,0,0,0,0,0,0,0
jBvHWOQkHjo,2023-01-26,0.994629442691803,824.0,TV9,325.0,1.0,addanki.png,Gottipati Ravikumar,TDP,Addanki,0,0,0,0,0,0,0,0,0,0,0,0,0,0,0,0,0,0,0,0
-yqqmpHn1Os,2023-01-26,0.9968132376670836,592.0,TV9,344.0,0.0,addanki.png,Gottipati Ravikumar,TDP,Addanki,0,0,0,1,0,0,0,0,1,0,0,0,0,0,0,0,0,0,0,0
R-VXFDCfMKo,2023-01-26,0.9749833941459656,1847.0,TV9,232.0,3.0,addanki.png,Gottipati Ravikumar,TDP,Addanki,0,0,0,0,0,1,0,0,0,0,0,0,0,0,1,0,0,1,0,0
KUs23mQqXNg,2023-01-26,-0.997209370136261,3039.0,TV9,327.0,20.0,addanki.png,Gottipati Ravikumar,TDP,Addanki,0,0,0,0,0,0,0,0,0,0,0,0,0,0,0,0,0,0,0,0
F1WPvdBnkMg,2023-01-26,-0.9910480380058287,2181.0,TV9,325.0,5.0,addanki.png,Gottipati Ravikumar,TDP,Addanki,0,0,0,0,0,0,0,0,0,0,0,0,0,0,0,0,0,0,0,0
FIBnhGfcg08,2023-01-26,0.9947962164878844,8057.0,TV9,36.0,6.0,addanki.png,Gottipati Ravikumar,TDP,Addanki,0,0,0,1,0,0,1,0,0,0,0,0,0,0,1,0,0,1,0,0
v94fQpoDE5c,2023-01-26,-0.9987974166870116,1338.0,ABN,91.0,4.0,addanki.png,Gottipati Ravikumar,TDP,Addanki,0,0,0,0,0,0,1,0,0,0,0,0,0,0,1,0,0,1,0,0
r9C9aB2oSRs,2023-01-27,-0.9907129406929016,5719.0,TV9,387.0,6.0,addanki.png,Gottipati Ravikumar,TDP,Addanki,0,0,0,0,0,0,0,0,0,0,0,0,0,0,0,0,0,0,0,0
-XHXC48HTJ0,2023-01-27,-0.9994431138038636,737.0,ABN,180.0,3.0,addanki.png,Gottipati Ravikumar,TDP,Addanki,1,1,1,0,0,0,0,0,0,0,0,0,0,0,0,1,0,0,0,0
-yuklm_8kpo,2023-01-27,-0.9994083642959596,2736.0,ABN,480.0,6.0,addanki.png,Gottipati Ravikumar,TDP,Addanki,0,0,0,0,0,0,0,0,1,0,0,0,0,0,0,0,0,0,0,0
egTIp-41Mek,2023-01-27,0.9958598017692566,729.0,TV9,175.0,0.0,addanki.png,Gottipati Ravikumar,TDP,Addanki,0,0,0,0,0,0,0,0,0,0,0,0,0,0,0,0,0,0,0,0
1CMzGX1Z0Tk,2023-01-28,0.99676251411438,828.0,TV9,277.0,0.0,addanki.png,Gottipati Ravikumar,TDP,Addanki,0,0,0,1,0,0,0,0,0,0,0,0,0,0,0,0,0,0,0,0
rDx3B5_oaFI,2023-01-28,-0.9970614314079284,8410.0,ABN,231.0,9.0,addanki.png,Gottipati Ravikumar,TDP,Addanki,0,1,1,0,0,0,0,0,0,1,0,0,0,0,0,0,0,0,0,0
LTkrhPbeBdI,2023-01-28,-0.9942821264266968,4432.0,TV9,153.0,3.0,addanki.png,Gottipati Ravikumar,TDP,Addanki,0,0,0,0,0,0,0,0,0,0,0,0,0,0,0,0,0,0,0,0
QzDbpm48vRc,2023-01-30,-0.9978448152542114,917.0,TV9,334.0,4.0,addanki.png,Gottipati Ravikumar,TDP,Addanki,0,0,0,1,0,0,0,0,0,0,0,0,0,0,0,0,0,0,0,0
gfxq4RWRj2U,2023-01-31,0.9970077872276306,38348.0,TV9,452.0,81.0,addanki.png,Gottipati Ravikumar,TDP,Addanki,0,0,0,0,1,0,0,0,1,0,0,0,0,0,0,0,0,0,0,1
6k5KHMAJaf0,2023-01-31,0.9753720164299012,4584.0,TV5,102.0,18.0,addanki.png,Gottipati Ravikumar,TDP,Addanki,0,0,0,0,0,0,0,0,0,0,0,0,0,0,0,0,0,0,0,0
HDMvp_kxZQc,2023-01-31,0.9979841709136964,1905.0,TV9,522.0,2.0,addanki.png,Gottipati Ravikumar,TDP,Addanki,0,0,0,0,0,0,0,0,0,0,0,0,0,0,0,0,0,0,0,0
oH_w1_IEVzY,2023-01-31,0.991818904876709,2777.0,Sakshi,141.0,5.0,addanki.png,Gottipati Ravikumar,TDP,Addanki,0,1,0,1,1,0,0,0,0,0,0,0,0,0,0,0,0,0,0,0
de4XkSzr-Q8,2023-02-01,-0.9968990087509156,311.0,ABN,230.0,1.0,addanki.png,Gottipati Ravikumar,TDP,Addanki,1,1,1,0,1,0,1,0,1,0,0,0,0,0,0,0,0,0,0,0
6-opEMbQalI,2023-02-01,-0.997585654258728,18407.0,TV9,340.0,19.0,addanki.png,Gottipati Ravikumar,TDP,Addanki,0,0,0,0,0,0,0,0,0,0,0,0,0,0,0,0,0,0,0,0
rjzVGPS_LZY,2023-02-01,-0.9994658827781676,2030.0,TV9,186.0,3.0,addanki.png,Gottipati Ravikumar,TDP,Addanki,0,0,0,0,0,0,0,0,0,0,0,0,0,0,0,0,0,0,0,0
Rz98S10cc9E,2023-02-01,0.998760461807251,1416.0,TV9,166.0,3.0,addanki.png,Gottipati Ravikumar,TDP,Addanki,0,0,0,0,0,0,0,0,0,0,0,0,0,0,0,0,0,0,0,0
KpMSnEXepX8,2023-02-01,-0.9984899759292604,4439.0,TV9,273.0,2.0,addanki.png,Gottipati Ravikumar,TDP,Addanki,0,0,0,0,0,0,0,0,0,0,0,0,0,0,0,0,0,0,0,0
-xK670mzrsk,2023-02-01,-0.9984266757965088,8154.0,ABN,355.0,4.0,addanki.png,Gottipati Ravikumar,TDP,Addanki,0,1,1,0,1,0,0,0,1,0,0,0,0,0,0,0,0,0,0,0
p7_ZbNlT1aI,2023-02-02,-0.9936093091964722,1669.0,TV9,189.0,1.0,addanki.png,Gottipati Ravikumar,TDP,Addanki,0,0,0,0,0,0,0,0,0,0,0,0,0,0,0,0,0,0,0,0
GY63AzAHVt4,2023-02-02,-0.9793608784675598,2632.0,TV9,154.0,3.0,addanki.png,Gottipati Ravikumar,TDP,Addanki,0,0,0,0,0,0,0,0,0,0,0,0,0,0,0,0,0,0,0,0
Bamz_7DbYew,2023-02-02,-0.9898424744606018,1649.0,TV9,346.0,2.0,addanki.png,Gottipati Ravikumar,TDP,Addanki,0,0,0,1,0,0,0,0,0,0,0,0,0,0,0,0,0,0,0,0
nLQ9AwsTh-s,2023-02-02,-0.9949797987937928,2331.0,TV9,258.0,0.0,addanki.png,Gottipati Ravikumar,TDP,Addanki,0,1,0,1,0,0,0,0,0,0,0,0,0,0,0,0,0,0,0,0
0EfSpxJ5uAg,2023-02-02,-0.9979189038276672,1684.0,TV9,550.0,1.0,addanki.png,Gottipati Ravikumar,TDP,Addanki,0,0,0,1,0,0,0,0,0,0,0,0,0,0,0,0,0,0,0,0
8kCS8fo1RW8,2023-02-02,0.9949578642845154,1796.0,TV9,314.0,4.0,addanki.png,Gottipati Ravikumar,TDP,Addanki,0,0,0,0,0,0,0,0,0,0,0,0,0,0,0,0,0,0,0,0
hL6_3tsnBl4,2023-02-03,-0.9880967140197754,647.0,TV9,52.0,0.0,addanki.png,Gottipati Ravikumar,TDP,Addanki,0,0,0,0,0,0,0,0,0,0,0,0,0,0,0,0,0,0,0,0
-zQ2p8xqmew,2023-02-03,-0.9897080659866332,2115.0,TV5,264.0,0.0,addanki.png,Gottipati Ravikumar,TDP,Addanki,0,0,0,0,0,0,1,0,0,0,0,0,0,0,0,0,0,0,0,0
U1yeTctmWBM,2023-02-05,0.9978263974189758,4954.0,TV9,233.0,1.0,addanki.png,Gottipati Ravikumar,TDP,Addanki,0,0,0,0,0,0,0,0,0,0,0,0,0,0,0,0,0,0,0,0
TuMmWkwezx4,2023-02-05,-0.9824665784835817,357.0,TV9,403.0,0.0,addanki.png,Gottipati Ravikumar,TDP,Addanki,0,0,0,0,0,0,0,0,0,0,0,0,0,0,0,0,0,0,0,0
PXJoRB-Ydmo,2023-02-05,0.9884013533592224,2631.0,TV9,234.0,3.0,addanki.png,Gottipati Ravikumar,TDP,Addanki,0,0,0,0,0,0,0,0,0,0,0,0,0,0,0,0,0,0,0,0
A57SA4dSv2I,2023-02-05,-0.9937826991081238,3591.0,TV9,272.0,2.0,addanki.png,Gottipati Ravikumar,TDP,Addanki,0,0,0,1,0,0,0,0,0,0,0,0,0,0,0,0,0,0,0,0
hRoQo2NMgEo,2023-02-06,0.9945899248123168,3053.0,Sakshi,256.0,2.0,addanki.png,Gottipati Ravikumar,TDP,Addanki,0,0,0,0,0,1,0,0,0,0,0,0,0,0,0,0,0,0,0,0
pHC31SQmovE,2023-02-06,-0.9839030504226683,3318.0,TV9,265.0,0.0,addanki.png,Gottipati Ravikumar,TDP,Addanki,0,0,0,0,0,0,0,0,0,0,0,0,0,0,0,0,0,0,0,0
qU9ADjIY-BM,2023-02-07,-0.9937858581542968,5824.0,ABN,107.0,78.0,addanki.png,Gottipati Ravikumar,TDP,Addanki,0,0,0,1,0,1,1,0,0,0,0,0,0,0,0,0,0,0,0,0
M61_QTL9oF4,2023-02-07,-0.9770010113716124,19952.0,TV9,560.0,41.0,addanki.png,Gottipati Ravikumar,TDP,Addanki,0,0,0,0,0,0,0,0,0,0,0,0,0,0,0,0,0,0,0,0
_GEpeDEj2ww,2023-02-08,-0.9958802461624146,2088.0,TV9,172.0,0.0,addanki.png,Gottipati Ravikumar,TDP,Addanki,0,0,0,0,0,0,0,0,0,0,0,0,0,0,0,0,0,0,0,0
lSBZw9EF5EA,2023-02-10,-0.9994636178016664,1260.0,ABN,220.0,1.0,addanki.png,Gottipati Ravikumar,TDP,Addanki,0,0,0,1,0,0,0,0,0,0,0,0,0,0,0,1,0,0,0,0
mBMIW-znGJ8,2023-02-10,-0.997095227241516,1212.0,TV5,297.0,0.0,addanki.png,Gottipati Ravikumar,TDP,Addanki,0,1,1,0,0,0,0,0,0,0,0,0,0,0,0,0,0,0,0,0
O1W-67JvngI,2023-02-10,0.9848669171333312,5053.0,TV9,257.0,7.0,addanki.png,Gottipati Ravikumar,TDP,Addanki,0,1,0,0,0,0,0,0,0,0,0,1,0,0,0,0,0,0,0,0
nO29-7NTL_Q,2023-02-11,-0.9985507130622864,506.0,Sakshi,91.0,0.0,addanki.png,Gottipati Ravikumar,TDP,Addanki,0,0,0,1,0,1,0,0,0,0,0,0,0,0,0,0,0,0,0,0
PZuQb1iAvME,2023-02-11,-0.9983750581741332,2038.0,Sakshi,308.0,6.0,addanki.png,Gottipati Ravikumar,TDP,Addanki,0,0,0,0,1,1,0,1,0,1,0,0,0,0,0,0,0,0,0,0
E61L0uPHJH8,2023-02-11,-0.998314619064331,47834.0,ABN,365.0,69.0,addanki.png,Gottipati Ravikumar,TDP,Addanki,0,0,0,0,0,1,0,1,0,0,1,0,0,0,0,0,0,0,0,0
0mXKeNbizoA,2023-02-12,-0.980113923549652,14497.0,TV9,394.0,19.0,addanki.png,Gottipati Ravikumar,TDP,Addanki,1,0,0,0,0,0,0,0,0,0,0,0,0,0,0,0,0,0,0,0
FX2nS0Bt7ts,2023-02-12,0.9972845315933228,663.0,TV9,80.0,0.0,addanki.png,Gottipati Ravikumar,TDP,Addanki,0,0,0,0,0,0,0,0,0,0,0,0,0,0,0,0,0,0,0,0
n2_bih7dJs0,2023-02-15,-0.9911275506019592,938.0,TV9,545.0,5.0,addanki.png,Gottipati Ravikumar,TDP,Addanki,0,0,0,0,0,0,0,1,0,1,0,0,0,0,0,0,0,0,0,0
iGDZTPjTRx4,2023-02-15,0.9978354573249816,24697.0,TV9,275.0,3.0,addanki.png,Gottipati Ravikumar,TDP,Addanki,0,0,0,0,0,0,0,0,0,0,0,0,0,0,0,0,0,0,0,0
IEQEpcVEFXY,2023-02-15,-0.995050847530365,1504.0,TV9,252.0,0.0,addanki.png,Gottipati Ravikumar,TDP,Addanki,0,0,0,0,0,0,0,0,0,0,0,0,0,0,0,0,0,0,0,0
9ZJVGRLYkSA,2023-02-15,-0.9891842603683472,10596.0,TV9,154.0,6.0,addanki.png,Gottipati Ravikumar,TDP,Addanki,0,0,0,0,0,0,0,0,0,0,0,0,0,0,0,0,0,0,0,0
pBxfNPaqBIc,2023-02-15,-0.99739408493042,4337.0,ABN,241.0,16.0,addanki.png,Gottipati Ravikumar,TDP,Addanki,0,0,0,0,0,0,0,0,0,0,0,0,0,0,0,0,0,0,0,0
Rjh6pNJEVIU,2023-02-16,0.9976407289505004,3187.0,TV9,103.0,5.0,addanki.png,Gottipati Ravikumar,TDP,Addanki,0,1,1,0,0,0,0,0,1,1,0,0,0,0,0,0,0,0,1,1
95zMIq3aQ7Y,2023-02-18,-0.9986889958381652,2921.0,ABN,215.0,3.0,addanki.png,Gottipati Ravikumar,TDP,Addanki,0,0,0,0,1,0,0,0,0,0,0,0,0,0,0,0,1,0,0,0
zYpJ5QbVklA,2023-02-18,0.9984676241874696,434.0,TV5,190.0,0.0,addanki.png,Gottipati Ravikumar,TDP,Addanki,0,0,0,0,0,0,0,0,0,0,0,0,0,0,0,0,0,0,0,0
kf5UENOZkHY,2023-02-18,-0.9891021251678468,10491.0,TV9,364.0,16.0,addanki.png,Gottipati Ravikumar,TDP,Addanki,0,0,0,0,0,0,0,0,0,0,0,0,0,0,0,0,0,0,0,0
UOKJE5m1IaE,2023-02-18,0.9897163510322572,5091.0,TV9,341.0,0.0,addanki.png,Gottipati Ravikumar,TDP,Addanki,0,0,0,0,0,0,0,0,0,0,0,0,0,0,0,0,0,0,0,0
2jAcE0n3efI,2023-02-20,-0.9946820139884948,742.0,TV9,74.0,0.0,addanki.png,Gottipati Ravikumar,TDP,Addanki,0,0,0,0,0,0,0,0,0,0,0,0,0,0,0,0,0,0,0,0
cXzoW4NYqMc,2023-02-20,-0.9983423948287964,3463.0,ABN,263.0,14.0,addanki.png,Gottipati Ravikumar,TDP,Addanki,0,1,1,0,1,0,0,0,0,1,0,0,0,0,0,0,0,1,0,0
-_6pSnDalLQ,2023-02-20,-0.9917793869972228,894.0,TV9,136.0,0.0,addanki.png,Gottipati Ravikumar,TDP,Addanki,0,0,0,0,0,0,0,0,0,0,0,0,0,0,0,0,0,0,0,0
8msdZqmPCCY,2023-02-21,0.9979263544082642,461.0,TV5,277.0,0.0,addanki.png,Gottipati Ravikumar,TDP,Addanki,0,0,0,0,0,0,0,0,0,0,0,0,0,0,0,0,0,1,0,0
Y-e18y49FPg,2023-02-22,-0.998570680618286,5010.0,TV9,291.0,17.0,addanki.png,Gottipati Ravikumar,TDP,Addanki,0,0,0,0,0,1,0,0,0,0,0,0,0,0,1,0,0,1,0,0
VTZY_2uYt7g,2023-02-24,-0.99667090177536,2192.0,TV9,297.0,14.0,addanki.png,Gottipati Ravikumar,TDP,Addanki,0,0,1,1,0,0,0,0,0,0,0,1,0,0,1,0,0,0,0,0
_pUWtWdUjG4,2023-02-24,-0.9989786148071288,5934.0,TV9,252.0,54.0,addanki.png,Gottipati Ravikumar,TDP,Addanki,0,1,1,0,0,1,0,0,1,0,0,1,0,1,1,0,0,0,0,0
SQebQ5rMYdg,2023-02-25,0.9936075210571288,2914.0,TV5,186.0,0.0,addanki.png,Gottipati Ravikumar,TDP,Addanki,0,0,0,0,0,0,0,0,0,0,0,0,0,0,0,0,0,0,0,0
sQPgrLowUOk,2023-02-26,0.9969186782836914,1028.0,TV9,211.0,2.0,addanki.png,Gottipati Ravikumar,TDP,Addanki,0,0,0,0,0,0,0,0,1,0,0,0,0,0,0,0,0,0,0,1
xpoRloiFfX4,2023-02-27,0.9964818954467772,567.0,TV9,264.0,1.0,addanki.png,Gottipati Ravikumar,TDP,Addanki,0,0,0,0,0,0,0,0,0,0,0,0,0,0,0,0,0,0,0,0
ezGLiKEk_2M,2023-03-01,-0.9853686690330504,3677.0,TV9,136.0,0.0,addanki.png,Gottipati Ravikumar,TDP,Addanki,0,0,0,0,0,0,0,0,0,0,0,0,0,0,0,0,0,0,0,0
FXq0GCJaeg8,2023-03-01,0.9951483607292176,171250.0,TV9,328.0,142.0,addanki.png,Gottipati Ravikumar,TDP,Addanki,0,0,1,0,0,0,0,0,0,0,0,0,0,0,0,0,0,0,0,0
pqfOmft53m8,2023-03-02,-0.9980103373527528,2310.0,TV9,333.0,9.0,addanki.png,Gottipati Ravikumar,TDP,Addanki,1,1,1,0,0,0,0,0,0,0,0,0,0,0,0,0,0,0,0,0
xOtDln_f474,2023-03-04,-0.9979996085166932,11737.0,Sakshi,137.0,6.0,addanki.png,Gottipati Ravikumar,TDP,Addanki,1,0,0,0,1,0,0,0,0,0,0,0,0,0,0,0,0,0,0,0
rEifrGmLAUY,2023-03-04,0.9987531900405884,877.0,TV9,158.0,0.0,addanki.png,Gottipati Ravikumar,TDP,Addanki,0,0,0,0,0,0,0,0,0,0,0,0,0,0,0,0,0,0,0,0
l8mLu3LGLKU,2023-03-05,0.9935762286186218,342.0,TV9,37.0,0.0,addanki.png,Gottipati Ravikumar,TDP,Addanki,0,0,0,0,0,0,0,0,0,0,0,0,0,0,0,0,0,0,0,0
0QOVwXto9N0,2023-03-05,0.9985320568084716,3748.0,TV9,217.0,4.0,addanki.png,Gottipati Ravikumar,TDP,Addanki,1,0,0,0,0,0,0,0,0,0,0,0,0,0,0,0,0,1,0,0
5EjSOFv7x5Y,2023-03-05,0.9987316727638244,1370.0,TV9,213.0,0.0,addanki.png,Gottipati Ravikumar,TDP,Addanki,0,0,0,0,0,0,0,0,0,0,0,0,0,0,0,0,0,0,0,0
TWQNcdItdpQ,2023-03-06,0.9980394244194032,999.0,TV9,133.0,3.0,addanki.png,Gottipati Ravikumar,TDP,Addanki,0,1,1,1,0,1,0,0,1,0,0,0,0,0,0,0,0,0,0,0
nzleavC7WoE,2023-03-06,-0.9986668825149536,1917.0,TV9,69.0,7.0,addanki.png,Gottipati Ravikumar,TDP,Addanki,0,0,0,0,0,0,1,0,0,0,0,0,0,0,0,0,0,0,0,0
ZAQkSOR9ExM,2023-03-08,0.9840490818023682,1135.0,TV9,301.0,1.0,addanki.png,Gottipati Ravikumar,TDP,Addanki,0,0,0,0,0,0,0,0,0,0,0,1,0,0,0,0,0,0,0,0
Tp-tAYY6xeE,2023-03-08,-0.9983736276626588,2118.0,TV9,285.0,1.0,addanki.png,Gottipati Ravikumar,TDP,Addanki,0,0,0,1,0,0,0,0,0,0,0,0,0,0,0,0,0,0,0,0
qZH_6OSktGk,2023-03-08,0.9961491823196412,1692.0,TV9,267.0,2.0,addanki.png,Gottipati Ravikumar,TDP,Addanki,0,0,0,1,0,0,0,0,0,0,0,0,0,0,0,0,1,0,0,0
N_D4DO3ae0g,2023-03-08,0.9964877367019652,4260.0,TV9,268.0,1.0,addanki.png,Gottipati Ravikumar,TDP,Addanki,0,0,0,0,0,0,0,0,0,0,0,0,0,0,0,0,0,1,0,0
ONIzmnckRyQ,2023-03-09,-0.9975538849830629,1551.0,TV9,221.0,0.0,addanki.png,Gottipati Ravikumar,TDP,Addanki,0,0,0,0,0,0,0,0,0,0,0,0,0,0,0,0,0,1,0,0
c-JjQEuYaSs,2023-03-09,0.9768153429031372,4899.0,TV9,110.0,3.0,addanki.png,Gottipati Ravikumar,TDP,Addanki,0,0,0,0,0,0,0,0,1,0,1,0,0,1,0,0,0,0,0,0
NABwmJqDphA,2023-03-09,-0.9984562397003174,1023.0,TV9,313.0,0.0,addanki.png,Gottipati Ravikumar,TDP,Addanki,0,0,0,0,0,0,0,0,0,0,0,0,0,0,0,0,0,0,0,0
EIeOm83bUg0,2023-03-09,-0.9971184730529784,845.0,TV9,267.0,3.0,addanki.png,Gottipati Ravikumar,TDP,Addanki,0,0,0,0,0,0,0,0,0,0,0,0,0,0,0,0,0,0,0,0
WOS45QQ6W0A,2023-03-09,0.9775570034980774,3475.0,TV9,287.0,4.0,addanki.png,Gottipati Ravikumar,TDP,Addanki,0,0,0,1,0,0,0,0,0,0,0,0,0,0,0,0,0,0,0,0
tX1DFJslRu4,2023-03-10,0.987046480178833,2295.0,TV9,301.0,1.0,addanki.png,Gottipati Ravikumar,TDP,Addanki,0,0,0,1,0,0,0,0,1,0,0,0,0,0,0,0,0,0,0,0
w7smkr9kfDw,2023-03-10,0.9951133131980896,1556.0,Sakshi,124.0,0.0,addanki.png,Gottipati Ravikumar,TDP,Addanki,0,1,0,0,1,0,0,0,0,0,0,0,0,0,0,0,0,0,0,0
7Qgdsxn7568,2023-03-11,-0.9994717240333556,4521.0,TV9,296.0,0.0,addanki.png,Gottipati Ravikumar,TDP,Addanki,0,0,0,0,0,0,0,0,0,0,0,0,0,0,0,0,0,0,0,0
sZE5JFC5qKg,2023-03-11,-0.6549779176712036,4410.0,TV9,327.0,3.0,addanki.png,Gottipati Ravikumar,TDP,Addanki,0,0,0,0,0,0,0,0,0,0,0,0,0,0,0,0,0,0,0,0
bnuKiwoe0j0,2023-03-11,-0.9981436729431152,10860.0,TV9,249.0,0.0,addanki.png,Gottipati Ravikumar,TDP,Addanki,0,0,0,0,0,0,0,0,0,0,0,0,0,0,0,0,0,0,0,0
3JLiOLi1EDw,2023-03-11,-0.9941301941871644,2478.0,TV9,283.0,3.0,addanki.png,Gottipati Ravikumar,TDP,Addanki,0,0,0,1,0,0,0,0,0,0,0,0,0,0,0,0,0,0,0,0
BNDniocHdeo,2023-03-11,-0.9982149600982666,2155.0,TV9,291.0,2.0,addanki.png,Gottipati Ravikumar,TDP,Addanki,0,0,0,0,0,0,0,0,0,0,0,0,0,0,0,0,0,0,0,0
1szn_YygIDo,2023-03-12,-0.9978445768356324,555.0,TV9,290.0,0.0,addanki.png,Gottipati Ravikumar,TDP,Addanki,0,0,0,0,0,0,0,0,0,0,0,0,0,0,0,0,0,0,0,0
F1Av7zRYJOA,2023-03-14,-0.9966662526130676,18222.0,TV9,350.0,30.0,addanki.png,Gottipati Ravikumar,TDP,Addanki,0,0,0,0,0,0,0,0,0,0,0,0,0,0,0,0,0,0,0,0
ggVQmuACiFY,2023-03-14,0.9808737635612488,1129.0,TV9,199.0,0.0,addanki.png,Gottipati Ravikumar,TDP,Addanki,0,0,0,0,0,0,0,0,0,0,0,0,0,0,0,0,0,0,0,0
2z8t5rModS4,2023-03-15,0.9988081455230712,439.0,TV9,317.0,0.0,addanki.png,Gottipati Ravikumar,TDP,Addanki,0,0,0,0,0,0,0,0,0,0,0,0,0,0,0,0,0,0,0,0
oPwEkjizuQI,2023-03-16,-0.9975345134735109,4220.0,TV9,245.0,0.0,addanki.png,Gottipati Ravikumar,TDP,Addanki,0,0,0,0,0,0,0,0,0,0,0,0,0,0,0,0,0,0,0,0
9WYkd-ILIr0,2023-03-16,0.9923918843269348,61696.0,TV9,264.0,20.0,addanki.png,Gottipati Ravikumar,TDP,Addanki,0,0,0,0,0,0,0,0,1,0,0,0,0,0,0,0,0,0,0,0
Dkrqs9E01Wc,2023-03-16,-0.9897108674049376,2437.0,TV9,169.0,1.0,addanki.png,Gottipati Ravikumar,TDP,Addanki,0,0,0,0,0,0,0,0,0,0,0,0,0,0,0,0,0,0,0,0
GKyJCrDwxeM,2023-03-16,-0.9916059970855712,1970.0,ABN,240.0,0.0,addanki.png,Gottipati Ravikumar,TDP,Addanki,0,0,0,0,0,0,0,0,0,0,0,0,0,0,0,0,0,0,0,0
KJ0Xegi1clI,2023-03-16,-0.9900376796722412,8642.0,TV9,283.0,5.0,addanki.png,Gottipati Ravikumar,TDP,Addanki,0,0,0,0,0,0,0,0,0,0,0,0,0,0,0,0,0,0,0,0
qyLJc37ok94,2023-03-16,-0.990875482559204,3044.0,TV9,314.0,1.0,addanki.png,Gottipati Ravikumar,TDP,Addanki,0,0,0,0,0,0,0,0,0,0,0,0,0,0,0,0,0,0,0,0
sTiizCAjXw4,2023-03-17,-0.994265615940094,11615.0,TV9,215.0,9.0,addanki.png,Gottipati Ravikumar,TDP,Addanki,0,0,0,0,0,0,0,0,0,0,0,0,0,0,0,0,0,0,0,0
15qi3URHKzU,2023-03-18,-0.9935600757598876,1247.0,TV9,180.0,0.0,addanki.png,Gottipati Ravikumar,TDP,Addanki,0,0,0,0,0,0,0,0,0,0,0,0,0,0,0,0,0,0,0,0
l4rutDArLCg,2023-03-19,0.9988310933113098,240.0,TV9,60.0,0.0,addanki.png,Gottipati Ravikumar,TDP,Addanki,0,1,1,0,0,0,0,0,0,0,0,0,0,0,0,0,0,0,0,0
jH1_t0n0mkM,2023-03-20,-0.9988393187522888,2761.0,TV9,229.0,0.0,addanki.png,Gottipati Ravikumar,TDP,Addanki,0,0,0,0,0,0,0,0,0,0,0,0,0,0,0,0,0,0,0,0
CYXPeLPaX4Y,2023-03-20,-0.9738250374794006,10614.0,TV9,338.0,8.0,addanki.png,Gottipati Ravikumar,TDP,Addanki,0,0,0,0,0,0,0,0,0,0,0,0,0,0,0,0,0,0,0,0
w6Pv9ceB67Q,2023-03-20,0.9885795712471008,3400.0,TV9,237.0,2.0,addanki.png,Gottipati Ravikumar,TDP,Addanki,0,0,0,0,0,0,0,0,0,0,0,0,1,0,0,0,0,1,0,0
76YXVcToYCM,2023-03-20,-0.9991884827613832,4184.0,TV9,225.0,1.0,addanki.png,Gottipati Ravikumar,TDP,Addanki,0,0,0,1,0,0,0,0,0,0,0,0,0,0,0,0,0,0,0,0
bQ7JMgvc_l4,2023-03-21,-0.9803059101104736,1851.0,TV9,246.0,5.0,addanki.png,Gottipati Ravikumar,TDP,Addanki,0,0,1,1,0,0,0,0,0,0,0,0,0,0,0,0,0,1,1,1
UaurxKayA5E,2023-03-21,-0.9988168478012084,2436.0,TV9,354.0,2.0,addanki.png,Gottipati Ravikumar,TDP,Addanki,0,0,0,0,0,0,0,0,0,0,0,0,0,0,0,0,0,0,0,0
rFZKqF4WyKw,2023-03-21,0.9803857803344728,17493.0,TV9,254.0,10.0,addanki.png,Gottipati Ravikumar,TDP,Addanki,0,0,0,0,0,0,0,0,0,0,0,0,0,0,0,0,0,0,0,0
S_IVIu4kFY4,2023-03-23,-0.9970242381095886,2952.0,TV9,347.0,1.0,addanki.png,Gottipati Ravikumar,TDP,Addanki,0,0,0,0,0,0,0,0,0,0,0,0,0,0,0,0,0,0,0,0
vWWezsbxpSE,2023-03-23,-0.998488426208496,8253.0,TV9,357.0,21.0,addanki.png,Gottipati Ravikumar,TDP,Addanki,0,1,0,0,0,0,0,0,0,0,0,0,0,0,0,0,0,0,0,0
k6TV9NcfUC4,2023-03-23,0.998505473136902,7658.0,TV9,269.0,22.0,addanki.png,Gottipati Ravikumar,TDP,Addanki,0,0,0,0,0,0,0,0,0,0,0,0,0,0,0,0,0,0,0,0
2z8rBuk838Y,2023-03-24,0.9934577345848083,3641.0,TV9,337.0,6.0,addanki.png,Gottipati Ravikumar,TDP,Addanki,1,1,1,0,1,1,0,0,1,1,0,0,0,0,0,0,0,0,0,0
k-kaqvBxvWw,2023-03-26,-0.9943654537200928,2721.0,TV9,217.0,2.0,addanki.png,Gottipati Ravikumar,TDP,Addanki,1,1,1,0,0,1,0,0,1,0,0,0,0,0,0,0,0,0,0,1
-GpHTXAXMew,2023-03-27,-0.99285227060318,4824.0,TV9,291.0,3.0,addanki.png,Gottipati Ravikumar,TDP,Addanki,1,0,1,1,0,0,0,0,1,0,0,0,0,0,0,0,0,0,0,0
MjhwEsz10CI,2023-03-28,-0.9968236684799194,1044.0,TV9,190.0,0.0,addanki.png,Gottipati Ravikumar,TDP,Addanki,0,0,0,0,0,0,0,0,0,0,0,0,0,0,0,0,0,0,0,0
7VbRU3WKrBI,2023-03-28,0.9909624457359314,333.0,TV5,209.0,0.0,addanki.png,Gottipati Ravikumar,TDP,Addanki,1,1,1,0,0,0,0,0,0,0,0,0,0,0,0,0,0,0,0,0
4yRjExi_Ijg,2023-03-29,-0.9922875165939332,979.0,TV9,177.0,0.0,addanki.png,Gottipati Ravikumar,TDP,Addanki,1,0,0,0,0,0,0,0,0,0,0,0,0,0,0,0,0,0,0,0
5_ew1jmCYWE,2023-03-29,0.970654308795929,3139.0,ABN,230.0,0.0,addanki.png,Gottipati Ravikumar,TDP,Addanki,0,0,0,0,0,0,0,0,0,0,0,0,0,0,0,0,1,0,0,0
FPL43V1uH0E,2023-03-29,0.996736466884613,5039.0,TV9,227.0,2.0,addanki.png,Gottipati Ravikumar,TDP,Addanki,0,1,1,0,0,0,0,0,0,1,0,1,0,1,0,0,1,0,0,0
fDGKl_rZauA,2023-03-29,-0.9948490262031556,14076.0,TV5,145.0,27.0,addanki.png,Gottipati Ravikumar,TDP,Addanki,1,1,1,0,1,1,0,0,0,1,1,0,1,0,0,1,0,0,0,1
ncZaGdU_lpY,2023-03-30,-0.9983394145965576,638.0,TV9,332.0,3.0,addanki.png,Gottipati Ravikumar,TDP,Addanki,0,0,0,1,1,0,0,0,0,0,0,0,0,0,0,0,0,0,0,0
g00zeAOUvy4,2023-03-30,0.9961526989936828,2543.0,TV9,311.0,2.0,addanki.png,Gottipati Ravikumar,TDP,Addanki,0,0,0,0,0,0,0,0,0,0,0,0,0,0,0,0,0,0,0,0
fDQyLzLR0Zg,2023-03-31,-0.9985828399658204,2007.0,TV9,208.0,8.0,addanki.png,Gottipati Ravikumar,TDP,Addanki,0,0,0,0,0,0,0,0,1,0,1,0,0,0,1,0,0,0,0,0
GlikUz_EC88,2023-03-31,-0.9983447790145874,2603.0,TV9,233.0,10.0,addanki.png,Gottipati Ravikumar,TDP,Addanki,0,0,0,0,0,1,0,0,0,0,1,0,0,0,1,1,0,0,0,0
7SXq74_CfLQ,2023-03-31,-0.9925029277801514,5965.0,Sakshi,178.0,43.0,addanki.png,Gottipati Ravikumar,TDP,Addanki,0,1,0,0,1,1,0,1,0,0,1,0,0,0,1,0,0,0,0,0
5PsM-AG6wB8,2023-04-01,-0.9992477893829346,1209.0,TV9,162.0,7.0,addanki.png,Gottipati Ravikumar,TDP,Addanki,0,0,0,1,0,0,0,0,0,0,1,0,0,0,0,0,0,0,0,0
FVz_52Cjgqg,2023-04-01,0.96837717294693,1954.0,TV9,304.0,4.0,addanki.png,Gottipati Ravikumar,TDP,Addanki,0,0,0,0,0,0,0,0,0,0,0,0,0,0,0,0,0,0,0,0
bPLFHxY0T4Q,2023-04-01,-0.9968979358673096,3198.0,TV9,206.0,3.0,addanki.png,Gottipati Ravikumar,TDP,Addanki,0,1,1,0,1,0,0,0,1,0,1,0,0,0,0,0,0,0,0,0
flBVEio6jnI,2023-04-01,-0.999398708343506,2581.0,TV9,168.0,8.0,addanki.png,Gottipati Ravikumar,TDP,Addanki,0,0,1,0,0,0,0,0,0,1,0,0,0,0,0,0,0,0,0,0
KI3qSma4rXY,2023-04-04,-0.9569712281227112,24381.0,TV9,157.0,39.0,addanki.png,Gottipati Ravikumar,TDP,Addanki,0,0,0,0,0,0,0,0,0,0,0,0,0,0,0,0,0,0,0,0
QkRW-SZimoA,2023-04-04,-0.9989153146743774,2920.0,TV9,273.0,5.0,addanki.png,Gottipati Ravikumar,TDP,Addanki,0,0,1,0,0,0,0,0,0,0,0,0,0,0,0,0,0,0,0,0
Ybqb7KjP068,2023-04-04,0.9894586801528932,730.0,TV9,321.0,2.0,addanki.png,Gottipati Ravikumar,TDP,Addanki,0,0,0,0,0,0,0,0,0,0,0,0,0,0,0,0,0,0,0,0
9S4b5FbIk5A,2023-04-05,0.997654378414154,1942.0,TV9,338.0,12.0,addanki.png,Gottipati Ravikumar,TDP,Addanki,1,0,0,0,0,1,0,0,0,0,0,0,0,0,0,0,0,0,0,0
Lz9d8Jy-izE,2023-04-05,0.9827760457992554,3166.0,TV9,142.0,1.0,addanki.png,Gottipati Ravikumar,TDP,Addanki,0,0,0,0,0,0,0,0,0,0,0,0,0,0,0,0,0,0,0,0
zCBzVrl0hKQ,2023-04-05,0.9983421564102172,2391.0,Sakshi,307.0,4.0,addanki.png,Gottipati Ravikumar,TDP,Addanki,0,1,1,0,1,0,0,1,0,1,0,0,0,0,0,0,0,0,0,0
5HjGMVXHgAc,2023-04-05,-0.9988960027694702,1350.0,TV9,328.0,0.0,addanki.png,Gottipati Ravikumar,TDP,Addanki,0,0,0,0,0,0,0,0,0,0,0,0,0,0,0,0,0,0,0,0
_GtC1Qlbq_8,2023-04-06,0.998834788799286,1138.0,TV9,247.0,3.0,addanki.png,Gottipati Ravikumar,TDP,Addanki,0,0,0,0,0,0,0,0,0,0,0,0,0,0,1,0,0,0,0,0
nLeEXPkDAcU,2023-04-06,-0.9943775534629822,894.0,TV9,340.0,1.0,addanki.png,Gottipati Ravikumar,TDP,Addanki,0,0,0,0,0,0,0,0,0,0,0,0,0,0,0,0,0,0,0,0
IZy48kMukBE,2023-04-06,-0.9989063739776612,2244.0,TV9,261.0,3.0,addanki.png,Gottipati Ravikumar,TDP,Addanki,0,0,0,0,0,0,0,0,0,0,0,0,0,0,0,0,1,0,0,0
-3fP486p0Kw,2023-04-07,0.99616938829422,14267.0,Sakshi,142.0,16.0,addanki.png,Gottipati Ravikumar,TDP,Addanki,0,0,0,0,0,0,0,0,0,0,0,0,0,0,0,0,0,0,0,0
NKlCHxXfp3I,2023-04-07,-0.999293088912964,4506.0,Sakshi,219.0,15.0,addanki.png,Gottipati Ravikumar,TDP,Addanki,0,1,1,0,0,1,0,0,0,0,0,0,0,0,0,0,0,0,0,0
x_3LORcehgU,2023-04-10,-0.9984952211380004,4898.0,TV9,152.0,3.0,addanki.png,Gottipati Ravikumar,TDP,Addanki,0,0,0,0,0,0,0,0,0,0,0,0,0,0,0,0,1,0,0,0
E91ACWVcP88,2023-04-10,-0.988515555858612,11802.0,TV9,193.0,5.0,addanki.png,Gottipati Ravikumar,TDP,Addanki,0,0,1,0,0,0,0,0,0,0,0,0,0,0,0,0,1,0,0,0
67TmFfvLkTE,2023-04-11,-0.998504877090454,2009.0,TV9,242.0,0.0,addanki.png,Gottipati Ravikumar,TDP,Addanki,1,0,1,0,0,0,0,0,0,0,0,0,0,0,0,0,1,0,0,0
4gNrGrt-UHw,2023-04-11,-0.998449444770813,4993.0,TV9,262.0,6.0,addanki.png,Gottipati Ravikumar,TDP,Addanki,0,0,0,0,0,1,0,0,1,0,0,0,0,0,1,0,0,0,0,0
4cGI28CMh4I,2023-04-13,0.9984001517295836,11424.0,TV5,212.0,5.0,addanki.png,Gottipati Ravikumar,TDP,Addanki,1,1,1,0,1,1,0,0,0,1,0,0,0,0,0,0,0,0,0,0
dDeWwN_mMQY,2023-04-14,0.9988657236099244,522.0,TV9,208.0,0.0,addanki.png,Gottipati Ravikumar,TDP,Addanki,0,0,0,1,0,0,0,0,0,0,0,0,0,1,0,0,0,1,0,0
Ezff0BCl2xU,2023-04-16,-0.9981120824813844,952.0,TV9,169.0,2.0,addanki.png,Gottipati Ravikumar,TDP,Addanki,0,0,0,1,0,0,0,0,0,0,0,0,0,0,0,0,0,0,1,0
YQSu6BDrqkY,2023-04-17,0.987294852733612,2748.0,TV5,310.0,0.0,addanki.png,Gottipati Ravikumar,TDP,Addanki,0,0,0,1,0,0,0,0,0,0,0,1,0,1,0,1,0,0,0,0
kll3anK1pW4,2023-04-17,-0.9740619659423828,3855.0,TV9,293.0,7.0,addanki.png,Gottipati Ravikumar,TDP,Addanki,0,1,1,0,0,0,0,0,0,1,0,1,0,0,0,0,1,1,0,1
_EfzyZ7xQLc,2023-04-18,-0.995734930038452,2504.0,TV9,328.0,0.0,addanki.png,Gottipati Ravikumar,TDP,Addanki,0,1,1,1,0,0,0,0,0,1,0,1,0,0,0,0,1,1,0,1
zlZ3MXr6vmg,2023-04-19,-0.994915246963501,1815.0,TV9,258.0,1.0,addanki.png,Gottipati Ravikumar,TDP,Addanki,0,0,0,1,0,0,0,0,0,0,0,0,0,0,0,0,0,0,0,0
lBC4EDrhz3U,2023-04-21,0.9683818817138672,1464.0,TV9,267.0,0.0,addanki.png,Gottipati Ravikumar,TDP,Addanki,0,0,1,0,0,0,0,0,0,0,0,0,0,0,0,0,0,0,0,0
DiLFK6fKong,2023-04-22,0.9980964064598083,23665.0,Sakshi,42897.0,7.0,addanki.png,Gottipati Ravikumar,TDP,Addanki,0,0,1,0,0,1,0,1,0,0,0,0,0,0,0,0,0,0,0,0
