ids,upload_date,sentiment,view_count,uploader,duration,comment_count,f_id,name,party,constituency,tdp,ycp,ysrcp,schemes,cm jagan,chandrababu,nara lokesh,AP ,yuvagalam,amaravati,tdp pattabhi,ap employees,ap assembly session today,alliance,Peddireddy ,visakha
-3OBYcEUXSw,2019-06-30,0.9986299276351928,12468.0,Sakshi,54.0,0.0,tadipatri.png,K. Pedda Reddy,YSRCP,Tadipatri,1,1,1,1,0,0,0,0,0,0,0,0,0,0,1,0
RcNF8oNPrcc,2020-03-04,-0.991260588169098,1160339.0,Sakshi,362.0,326.0,tadipatri.png,K. Pedda Reddy,YSRCP,Tadipatri,0,0,0,0,0,0,0,0,0,0,0,0,0,0,0,0
zF3vEpljxzs,2020-03-04,-0.9982535243034364,910.0,Sakshi,220.0,2.0,tadipatri.png,K. Pedda Reddy,YSRCP,Tadipatri,0,1,1,0,0,1,0,0,1,1,0,0,0,0,0,0
63BPTmkM9wQ,2020-03-06,-0.9982362985610962,1897.0,Sakshi,296.0,1.0,tadipatri.png,K. Pedda Reddy,YSRCP,Tadipatri,1,0,1,0,1,1,0,1,0,0,0,0,0,0,0,0
2gyU8DeBWlk,2021-10-24,-0.9942805767059326,3431.0,Sakshi,195.0,9.0,tadipatri.png,K. Pedda Reddy,YSRCP,Tadipatri,0,0,1,1,1,0,0,0,0,0,0,0,0,0,0,0
vK8Whd07NrE,2021-10-26,-0.9979801774024964,734.0,Sakshi,523.0,0.0,tadipatri.png,K. Pedda Reddy,YSRCP,Tadipatri,0,0,1,0,0,0,0,0,0,0,0,0,0,0,0,0
DEOMKvYdKMc,2021-12-15,0.9987772107124328,9005.0,Sakshi,205.0,31.0,tadipatri.png,K. Pedda Reddy,YSRCP,Tadipatri,1,0,1,1,0,1,0,0,1,1,0,0,0,0,1,1
jtkXhAuxUJA,2022-02-03,-0.9971006512641908,14388.0,Sakshi,494.0,137.0,tadipatri.png,K. Pedda Reddy,YSRCP,Tadipatri,0,0,0,0,0,0,0,1,0,0,0,1,0,0,0,0
4t-rfIHrT08,2022-02-08,0.9982182383537292,8041.0,Sakshi,375.0,20.0,tadipatri.png,K. Pedda Reddy,YSRCP,Tadipatri,0,0,0,0,1,0,0,0,0,0,0,0,0,0,0,1
68L3yGAQMt0,2022-03-01,0.9950504899024964,3950.0,Sakshi,210.0,14.0,tadipatri.png,K. Pedda Reddy,YSRCP,Tadipatri,0,0,0,0,1,0,0,0,0,0,0,0,0,1,0,1
oNOc7m5gvsQ,2022-03-10,0.9885546565055848,3733.0,Sakshi,470.0,7.0,tadipatri.png,K. Pedda Reddy,YSRCP,Tadipatri,0,0,0,0,1,0,0,1,0,0,0,0,0,0,0,0
9KaNLRK2AYg,2022-03-12,0.9986180067062378,4463.0,Sakshi,129.0,7.0,tadipatri.png,K. Pedda Reddy,YSRCP,Tadipatri,0,1,1,0,0,0,0,0,0,0,0,0,0,0,0,0
-n84XSSeeJY,2022-03-12,0.998387336730957,2619.0,Sakshi,195.0,3.0,tadipatri.png,K. Pedda Reddy,YSRCP,Tadipatri,0,1,1,0,0,0,0,0,0,0,0,0,0,0,0,0
CQ6meSBHexw,2022-03-12,0.9988119602203368,1864.0,Sakshi,144.0,2.0,tadipatri.png,K. Pedda Reddy,YSRCP,Tadipatri,0,1,1,1,1,0,0,1,0,0,0,0,0,0,0,0
9qJrkeNezN8,2022-03-15,0.9937106370925904,2625.0,Sakshi,393.0,5.0,tadipatri.png,K. Pedda Reddy,YSRCP,Tadipatri,0,0,0,0,1,0,0,0,0,0,0,0,0,0,0,0
k_Mxb95f7f4,2022-03-21,-0.9926097989082336,5237.0,Sakshi,83.0,10.0,tadipatri.png,K. Pedda Reddy,YSRCP,Tadipatri,0,0,0,0,0,1,1,1,0,0,0,0,1,0,0,0
adjILOdtsL4,2022-03-21,0.9927720427513124,1185.0,Sakshi,486.0,5.0,tadipatri.png,K. Pedda Reddy,YSRCP,Tadipatri,0,0,0,0,0,0,0,0,0,0,0,0,0,0,0,0
D8r0nfv9oU8,2022-03-23,-0.9890214800834656,1361.0,Sakshi,167.0,0.0,tadipatri.png,K. Pedda Reddy,YSRCP,Tadipatri,0,0,1,1,0,0,0,1,0,0,0,0,1,0,0,0
-w2w2Ntw0Fk,2022-03-23,0.9932841062545776,803.0,Sakshi,458.0,2.0,tadipatri.png,K. Pedda Reddy,YSRCP,Tadipatri,0,0,0,0,0,0,0,0,0,0,0,0,1,0,0,0
flqZfvGi4i4,2022-03-25,0.9966811537742616,569.0,Sakshi,361.0,0.0,tadipatri.png,K. Pedda Reddy,YSRCP,Tadipatri,1,0,0,1,1,0,0,0,0,0,0,0,1,0,0,0
4VAligHq_to,2022-03-31,-0.998233437538147,48165.0,Sakshi,342.0,44.0,tadipatri.png,K. Pedda Reddy,YSRCP,Tadipatri,1,0,0,0,0,0,0,0,0,0,1,0,0,0,1,0
Gl7ZG7jPQfs,2022-04-15,-0.9984194040298462,3757.0,Sakshi,325.0,3.0,tadipatri.png,K. Pedda Reddy,YSRCP,Tadipatri,0,0,0,1,0,0,0,0,0,0,0,0,0,0,0,0
P2U3hkwr0bk,2022-05-28,0.9941456317901612,40350.0,Sakshi,246.0,77.0,tadipatri.png,K. Pedda Reddy,YSRCP,Tadipatri,0,1,1,0,0,0,0,0,0,0,0,0,0,0,0,0
ML1SdsoJroA,2022-05-30,0.9982630610466005,20329.0,Sakshi,387.0,42.0,tadipatri.png,K. Pedda Reddy,YSRCP,Tadipatri,0,0,0,0,1,0,0,0,0,0,0,0,0,0,0,0
BAPB1z6fa8k,2022-06-08,-0.994617760181427,13485.0,Sakshi,526.0,49.0,tadipatri.png,K. Pedda Reddy,YSRCP,Tadipatri,0,0,1,0,1,1,0,0,0,0,0,0,0,0,0,0
sUY3abHq5Qk,2022-06-11,-0.8947923183441162,9789.0,Sakshi,275.0,45.0,tadipatri.png,K. Pedda Reddy,YSRCP,Tadipatri,0,1,1,1,1,0,0,1,0,0,0,0,0,1,0,0
GWXj4LYHwoQ,2022-06-15,-0.9970762729644777,43448.0,Sakshi,332.0,148.0,tadipatri.png,K. Pedda Reddy,YSRCP,Tadipatri,1,0,0,0,1,1,0,0,0,0,1,0,0,0,0,0
sqxp__ECAFw,2022-06-17,0.9923526644706726,26438.0,Sakshi,244.0,25.0,tadipatri.png,K. Pedda Reddy,YSRCP,Tadipatri,0,1,1,0,0,0,0,1,0,0,0,0,0,0,0,0
Rh3uOPk0EEc,2022-06-29,0.9982348680496216,1657.0,Sakshi,199.0,0.0,tadipatri.png,K. Pedda Reddy,YSRCP,Tadipatri,0,1,1,1,1,0,0,0,0,0,0,0,0,1,0,1
8D5S75pWUpA,2022-07-26,0.9981127977371216,281026.0,Sakshi,521.0,418.0,tadipatri.png,K. Pedda Reddy,YSRCP,Tadipatri,0,0,0,0,1,0,0,1,0,0,0,0,0,0,0,0
4su0PPSAlow,2022-08-05,0.9982831478118896,26021.0,Sakshi,337.0,79.0,tadipatri.png,K. Pedda Reddy,YSRCP,Tadipatri,0,0,1,0,1,0,0,0,0,0,0,0,0,0,0,0
CxDhlMd2G8M,2022-08-12,-0.9942983984947203,14506.0,Sakshi,316.0,54.0,tadipatri.png,K. Pedda Reddy,YSRCP,Tadipatri,0,0,0,0,0,1,0,0,0,0,0,0,1,0,0,0
wSGB_3u8zW0,2022-08-16,0.976028859615326,9452.0,Sakshi,370.0,5.0,tadipatri.png,K. Pedda Reddy,YSRCP,Tadipatri,0,1,1,1,1,0,0,1,1,0,0,0,0,1,0,0
uNtNIKIkhug,2022-08-18,0.9932439923286438,46669.0,Sakshi,537.0,137.0,tadipatri.png,K. Pedda Reddy,YSRCP,Tadipatri,0,0,0,0,1,0,0,1,0,0,0,0,0,0,0,0
ldY102yVBSg,2022-08-22,-0.9980416297912598,2322.0,TV5,295.0,0.0,tadipatri.png,K. Pedda Reddy,YSRCP,Tadipatri,0,1,0,0,0,0,1,0,0,0,0,0,0,0,0,0
kJA1mADKvj4,2022-08-26,0.9859698414802552,1624.0,TV5,356.0,0.0,tadipatri.png,K. Pedda Reddy,YSRCP,Tadipatri,1,0,1,0,0,0,0,0,0,0,0,0,0,0,0,0
fUlf_E3cb14,2022-09-02,0.9964816570281982,7835.0,Sakshi,134.0,9.0,tadipatri.png,K. Pedda Reddy,YSRCP,Tadipatri,0,0,0,0,1,0,0,0,0,0,0,0,0,0,0,0
3knfqvu12OE,2022-09-05,-0.9991470575332642,3432.0,TV5,241.0,6.0,tadipatri.png,K. Pedda Reddy,YSRCP,Tadipatri,1,0,0,0,0,0,0,0,0,0,0,0,0,0,0,0
Eid8_dBozsk,2022-09-06,-0.9979947805404664,12055.0,TV5,335.0,34.0,tadipatri.png,K. Pedda Reddy,YSRCP,Tadipatri,0,0,0,0,0,0,0,0,0,0,0,0,0,0,0,0
QSobuFBjvKU,2022-09-06,-0.9993701577186584,1414.0,TV5,135.0,3.0,tadipatri.png,K. Pedda Reddy,YSRCP,Tadipatri,0,1,1,1,0,0,0,1,0,0,0,1,0,0,0,0
aqGm0OOeK6U,2022-09-06,-0.9984520673751832,902.0,TV5,309.0,2.0,tadipatri.png,K. Pedda Reddy,YSRCP,Tadipatri,0,0,0,0,0,0,0,0,0,0,0,0,0,0,0,0
1H0ZydUFcSk,2022-09-08,0.9985081553459167,3480.0,Sakshi,133.0,1.0,tadipatri.png,K. Pedda Reddy,YSRCP,Tadipatri,0,0,0,0,0,0,0,0,0,0,0,0,0,1,0,1
cOK_BuZLdZs,2022-09-15,-0.8004226088523865,13617.0,TV5,425.0,23.0,tadipatri.png,K. Pedda Reddy,YSRCP,Tadipatri,0,0,0,0,0,0,0,0,0,0,0,0,0,0,0,0
n_Qr3t4fIQ0,2022-09-15,-0.9994310736656188,1713.0,TV5,222.0,2.0,tadipatri.png,K. Pedda Reddy,YSRCP,Tadipatri,1,1,1,0,0,0,0,0,0,0,0,0,1,0,0,0
t5_4LPO5zOQ,2022-09-15,-0.9984227418899536,2347.0,TV5,256.0,4.0,tadipatri.png,K. Pedda Reddy,YSRCP,Tadipatri,1,0,1,0,1,0,0,0,0,0,0,0,0,0,0,0
snorSIrrg8g,2022-09-15,-0.9849684834480286,34158.0,TV5,185.0,85.0,tadipatri.png,K. Pedda Reddy,YSRCP,Tadipatri,1,0,0,0,0,1,0,1,0,1,0,0,1,0,0,0
3qeLdKZVl9s,2022-09-15,-0.9284350872039796,2151.0,TV5,108.0,4.0,tadipatri.png,K. Pedda Reddy,YSRCP,Tadipatri,1,1,1,0,0,0,0,1,0,0,0,1,1,0,0,0
s0uQttCcQb0,2022-09-15,-0.9986203908920288,4511.0,Sakshi,156.0,6.0,tadipatri.png,K. Pedda Reddy,YSRCP,Tadipatri,1,0,1,0,0,1,0,1,0,0,0,0,1,0,0,0
mdba6OsF13k,2022-09-20,-0.985082983970642,4881.0,TV5,95.0,4.0,tadipatri.png,K. Pedda Reddy,YSRCP,Tadipatri,0,0,0,0,0,1,0,0,0,0,0,0,1,0,0,0
sI94eGKe6wU,2022-09-20,0.9971430897712708,17488.0,TV5,350.0,1.0,tadipatri.png,K. Pedda Reddy,YSRCP,Tadipatri,1,1,1,0,0,0,0,0,0,0,0,0,1,0,0,0
CJWXU67Vgdg,2022-09-21,-0.9982132911682128,12623.0,TV5,185.0,38.0,tadipatri.png,K. Pedda Reddy,YSRCP,Tadipatri,1,1,0,0,1,1,0,0,0,0,0,0,1,0,0,0
w0uYxVWFBDE,2022-09-21,0.99653959274292,5337.0,TV5,239.0,27.0,tadipatri.png,K. Pedda Reddy,YSRCP,Tadipatri,1,0,1,0,0,1,0,1,0,1,0,0,1,0,0,0
osBgEr3YB4E,2022-09-21,-0.99433171749115,6223.0,Sakshi,209.0,5.0,tadipatri.png,K. Pedda Reddy,YSRCP,Tadipatri,0,0,0,1,1,1,0,1,0,0,0,0,1,0,0,0
t_r5j1TFCOI,2022-09-23,-0.9973577857017516,1372.0,TV5,467.0,0.0,tadipatri.png,K. Pedda Reddy,YSRCP,Tadipatri,0,0,0,0,0,0,0,0,0,0,0,0,0,0,0,0
52gHtpCIEfk,2022-09-26,-0.9976093769073486,1739.0,TV5,252.0,6.0,tadipatri.png,K. Pedda Reddy,YSRCP,Tadipatri,1,0,0,0,0,0,0,1,0,1,0,1,0,0,0,0
h0c0PGpEA78,2022-09-26,0.9089624285697936,3493.0,Sakshi,173.0,9.0,tadipatri.png,K. Pedda Reddy,YSRCP,Tadipatri,0,0,0,0,1,0,0,1,0,1,0,0,0,0,0,1
ZSJlhskD-Hc,2022-09-27,0.988989531993866,2035.0,Sakshi,115.0,0.0,tadipatri.png,K. Pedda Reddy,YSRCP,Tadipatri,0,0,1,0,1,0,0,0,0,0,0,0,0,1,0,0
g7rTh1vEfbU,2022-09-28,0.9988155364990234,38367.0,TV5,190.0,41.0,tadipatri.png,K. Pedda Reddy,YSRCP,Tadipatri,1,0,0,0,0,0,0,0,0,0,0,0,0,0,0,0
aH9RPVa9Rzo,2022-09-28,-0.9910504817962646,30586.0,TV5,350.0,62.0,tadipatri.png,K. Pedda Reddy,YSRCP,Tadipatri,0,0,0,0,1,0,0,0,0,0,0,0,0,0,0,0
YgaBLp684vs,2022-09-28,-0.9994807839393616,56407.0,TV5,125.0,192.0,tadipatri.png,K. Pedda Reddy,YSRCP,Tadipatri,1,1,1,0,0,0,0,0,0,0,0,0,0,0,0,0
GOs-MzRH4NE,2022-09-29,-0.997425377368927,6680.0,Sakshi,187.0,14.0,tadipatri.png,K. Pedda Reddy,YSRCP,Tadipatri,0,0,0,0,0,1,0,0,0,0,0,0,0,0,0,0
Qnzg6hknbMU,2022-10-02,0.9986691474914552,747.0,TV5,157.0,2.0,tadipatri.png,K. Pedda Reddy,YSRCP,Tadipatri,1,1,1,0,0,0,0,0,0,0,0,0,0,0,0,0
43chL99_T50,2022-10-05,0.9986382126808168,1870.0,Sakshi,457.0,1.0,tadipatri.png,K. Pedda Reddy,YSRCP,Tadipatri,0,0,1,0,1,0,0,0,0,0,0,0,0,0,0,0
qwev0EgOHE8,2022-10-06,-0.9962674975395204,4451.0,Sakshi,184.0,5.0,tadipatri.png,K. Pedda Reddy,YSRCP,Tadipatri,0,0,0,1,0,1,0,0,0,0,0,1,1,0,0,0
_LUVZ61yfHU,2022-10-07,0.9970095157623292,408.0,TV5,215.0,1.0,tadipatri.png,K. Pedda Reddy,YSRCP,Tadipatri,1,0,1,1,0,0,0,0,0,0,0,1,0,0,0,0
EB67n2-Xn98,2022-10-09,-0.9952195286750792,118113.0,TV5,164.0,165.0,tadipatri.png,K. Pedda Reddy,YSRCP,Tadipatri,1,0,1,0,0,0,0,0,0,0,1,0,0,0,0,0
r31SQy24dOc,2022-10-11,-0.9981312155723572,2560.0,TV5,329.0,3.0,tadipatri.png,K. Pedda Reddy,YSRCP,Tadipatri,1,1,1,0,0,0,0,0,0,0,0,0,0,0,0,1
NO1u8KVFPto,2022-10-15,-0.9895400404930116,1451.0,TV5,251.0,3.0,tadipatri.png,K. Pedda Reddy,YSRCP,Tadipatri,1,0,0,0,0,0,0,0,0,0,0,0,0,0,0,1
LSytnAIyIbc,2022-10-16,-0.9974263310432434,5026.0,Sakshi,445.0,11.0,tadipatri.png,K. Pedda Reddy,YSRCP,Tadipatri,0,0,1,0,0,0,0,1,0,1,0,0,0,0,0,1
By89ti9-gvo,2022-10-20,0.99324631690979,1488.0,ABN,550.0,2.0,tadipatri.png,K. Pedda Reddy,YSRCP,Tadipatri,0,0,0,0,0,0,0,0,0,0,0,0,0,0,0,0
_Em7YJgETzE,2022-10-21,0.9775640368461608,56664.0,TV5,369.0,78.0,tadipatri.png,K. Pedda Reddy,YSRCP,Tadipatri,0,1,1,0,1,0,0,0,0,0,0,0,0,0,0,0
eJN-MpC31Og,2022-10-21,0.9881028532981871,670.0,ABN,236.0,0.0,tadipatri.png,K. Pedda Reddy,YSRCP,Tadipatri,1,0,0,0,0,0,0,0,0,0,0,1,0,1,1,0
9pDqE93R2nk,2022-10-24,0.9962521195411682,2522.0,ABN,246.0,6.0,tadipatri.png,K. Pedda Reddy,YSRCP,Tadipatri,0,1,1,0,1,0,0,0,0,0,0,0,0,0,0,0
F7CuQajObkU,2022-10-26,-0.9980837106704712,19779.0,TV5,207.0,13.0,tadipatri.png,K. Pedda Reddy,YSRCP,Tadipatri,0,0,0,0,1,0,0,1,0,0,0,1,0,0,0,0
hshXJTub0fM,2022-10-27,-0.999326229095459,985.0,TV5,148.0,2.0,tadipatri.png,K. Pedda Reddy,YSRCP,Tadipatri,0,0,0,1,0,0,0,0,0,0,0,0,0,0,0,0
hdAj0n6omUA,2022-10-28,0.9944401979446412,1010.0,TV5,195.0,2.0,tadipatri.png,K. Pedda Reddy,YSRCP,Tadipatri,1,1,1,0,1,0,0,0,0,1,1,0,0,0,0,1
HSLrQvLpD7E,2022-10-31,-0.9892886877059937,1959.0,TV5,293.0,0.0,tadipatri.png,K. Pedda Reddy,YSRCP,Tadipatri,0,0,0,1,0,0,0,0,0,0,0,0,0,1,0,0
j_Mv8eHcsww,2022-10-31,-0.9980637431144714,1241.0,ABN,86.0,1.0,tadipatri.png,K. Pedda Reddy,YSRCP,Tadipatri,1,0,0,0,0,0,0,0,0,0,1,0,0,0,0,0
iBpMlxFpFPw,2022-10-31,0.8427220582962036,4240.0,TV5,187.0,1.0,tadipatri.png,K. Pedda Reddy,YSRCP,Tadipatri,1,1,1,1,1,0,0,0,0,0,0,1,0,0,0,0
uMl9jiOyWoo,2022-11-02,-0.9986212253570556,5839.0,ABN,357.0,9.0,tadipatri.png,K. Pedda Reddy,YSRCP,Tadipatri,0,0,0,0,0,0,0,1,0,0,0,0,0,0,0,0
TMmVakVVPno,2022-11-07,0.9985559582710266,2029.0,Sakshi,445.0,2.0,tadipatri.png,K. Pedda Reddy,YSRCP,Tadipatri,0,0,0,0,1,1,0,0,0,0,0,0,0,0,0,0
gxFU48Vo6Z4,2022-11-08,-0.9982750415802002,10630.0,Sakshi,340.0,18.0,tadipatri.png,K. Pedda Reddy,YSRCP,Tadipatri,0,0,0,0,0,0,0,0,0,0,0,1,1,0,1,0
d5hyHCZVUys,2022-11-08,0.9964998960494996,39819.0,ABN,450.0,68.0,tadipatri.png,K. Pedda Reddy,YSRCP,Tadipatri,0,0,0,0,0,0,0,0,0,0,0,0,0,0,0,0
XLZvncvtQRY,2022-11-08,-0.9986246824264526,400.0,ABN,279.0,0.0,tadipatri.png,K. Pedda Reddy,YSRCP,Tadipatri,1,0,1,0,0,0,0,0,1,1,0,0,0,1,0,0
tkb1W73y-F8,2022-11-09,0.9963424801826476,1659.0,Sakshi,494.0,2.0,tadipatri.png,K. Pedda Reddy,YSRCP,Tadipatri,0,0,0,0,0,0,0,0,0,0,0,0,0,1,0,0
dDQ0D-s8KOQ,2022-11-10,0.9986788630485536,12508.0,TV5,372.0,6.0,tadipatri.png,K. Pedda Reddy,YSRCP,Tadipatri,1,0,0,0,0,1,0,0,1,0,0,1,0,1,0,0
7VjJXjTXsxs,2022-11-10,0.9900049567222596,8242.0,TV5,313.0,25.0,tadipatri.png,K. Pedda Reddy,YSRCP,Tadipatri,1,0,0,1,0,1,0,0,0,0,0,0,0,0,0,0
g1zwI0p2tok,2022-11-10,0.9974427223205566,9127.0,TV5,313.0,19.0,tadipatri.png,K. Pedda Reddy,YSRCP,Tadipatri,1,0,1,0,0,0,0,0,0,0,0,0,0,0,0,0
-qOeHMOyfVE,2022-11-11,-0.9902496933937072,4220.0,TV5,97.0,3.0,tadipatri.png,K. Pedda Reddy,YSRCP,Tadipatri,0,0,0,0,1,0,0,1,0,0,0,0,0,0,0,0
T3aYK7qUa-A,2022-11-11,0.997295081615448,2002.0,Sakshi,341.0,6.0,tadipatri.png,K. Pedda Reddy,YSRCP,Tadipatri,0,0,0,0,1,0,0,0,0,0,0,0,0,0,0,0
jPqsqB_zxM0,2022-11-15,0.996581733226776,3046.0,ABN,292.0,1.0,tadipatri.png,K. Pedda Reddy,YSRCP,Tadipatri,0,0,1,1,0,1,0,0,1,0,1,1,1,1,0,0
P-ie12RohQc,2022-11-17,0.9908607006072998,35484.0,ABN,490.0,54.0,tadipatri.png,K. Pedda Reddy,YSRCP,Tadipatri,0,0,0,0,0,0,0,1,0,0,0,0,0,0,0,0
P8MErEFVlfg,2022-11-19,0.9986120462417604,668.0,TV9,432.0,0.0,tadipatri.png,K. Pedda Reddy,YSRCP,Tadipatri,0,0,0,0,0,0,0,0,0,0,0,0,0,0,0,0
9f5owrj915w,2022-11-19,0.9982323050498962,299.0,TV9,292.0,0.0,tadipatri.png,K. Pedda Reddy,YSRCP,Tadipatri,0,1,0,1,0,0,0,0,0,0,0,0,0,0,0,0
IsV4lZqTFCg,2022-11-19,0.9976958632469176,1220.0,TV5,135.0,0.0,tadipatri.png,K. Pedda Reddy,YSRCP,Tadipatri,1,0,1,0,0,1,0,0,0,0,1,0,0,0,0,0
XYUNpKVU-84,2022-11-19,-0.9978931546211244,3111.0,TV5,150.0,4.0,tadipatri.png,K. Pedda Reddy,YSRCP,Tadipatri,1,0,0,1,0,0,0,0,0,0,1,0,0,0,0,0
-mbxZZtQ1fg,2022-11-19,-0.998102605342865,694.0,TV9,133.0,2.0,tadipatri.png,K. Pedda Reddy,YSRCP,Tadipatri,0,0,0,1,0,0,1,0,1,0,0,0,0,0,0,1
9KBlp6AVeo4,2022-11-20,-0.6307870745658875,64873.0,TV9,202.0,8.0,tadipatri.png,K. Pedda Reddy,YSRCP,Tadipatri,0,0,0,0,0,0,0,0,0,0,0,0,0,0,0,0
u2R7Y7Qevtc,2022-11-21,0.9813976287841796,10582.0,TV9,399.0,29.0,tadipatri.png,K. Pedda Reddy,YSRCP,Tadipatri,0,0,0,0,0,0,0,0,0,0,0,0,0,0,0,0
8deHjvyfjoI,2022-11-23,0.9970723390579224,126050.0,TV5,225.0,203.0,tadipatri.png,K. Pedda Reddy,YSRCP,Tadipatri,1,0,0,0,0,0,0,0,0,0,0,0,0,0,0,0
v8XIpSi7CA4,2022-11-23,-0.9916549921035768,5420.0,TV9,174.0,0.0,tadipatri.png,K. Pedda Reddy,YSRCP,Tadipatri,1,1,1,0,0,0,0,0,0,0,1,0,0,0,1,0
nRypunLysVY,2022-11-23,-0.9972559809684752,1936.0,TV9,92.0,0.0,tadipatri.png,K. Pedda Reddy,YSRCP,Tadipatri,1,1,1,0,0,0,0,0,1,0,0,0,0,0,0,0
K3swO12uZM0,2022-11-24,-0.9976457953453064,1626.0,TV9,178.0,0.0,tadipatri.png,K. Pedda Reddy,YSRCP,Tadipatri,1,1,1,0,0,0,0,0,0,0,0,0,0,0,0,0
_CPaPGo5Zyo,2022-11-24,-0.9980602860450744,1248.0,TV9,428.0,0.0,tadipatri.png,K. Pedda Reddy,YSRCP,Tadipatri,0,0,0,0,0,0,0,0,0,0,0,0,0,0,0,0
hUVkxI9pxOo,2022-11-26,-0.9959641695022584,2343.0,TV5,105.0,1.0,tadipatri.png,K. Pedda Reddy,YSRCP,Tadipatri,0,0,0,0,0,0,0,1,0,0,0,0,0,0,0,0
MDIJn2Ip0Lc,2022-11-26,-0.99815171957016,548.0,ABN,214.0,0.0,tadipatri.png,K. Pedda Reddy,YSRCP,Tadipatri,1,0,0,0,0,0,0,0,0,0,0,0,0,0,0,0
8wzDmdAeUG8,2022-11-26,0.9985005855560304,4639.0,TV5,85.0,0.0,tadipatri.png,K. Pedda Reddy,YSRCP,Tadipatri,1,0,1,0,0,0,0,0,0,0,0,0,0,0,0,0
LugSc0jlaXg,2022-11-26,0.9869341850280762,12563.0,Sakshi,379.0,32.0,tadipatri.png,K. Pedda Reddy,YSRCP,Tadipatri,0,0,0,0,0,0,0,0,0,0,0,0,0,0,0,0
OIRym4c-_Bc,2022-11-27,-0.9971941709518432,2690.0,ABN,394.0,15.0,tadipatri.png,K. Pedda Reddy,YSRCP,Tadipatri,0,0,0,0,0,0,0,0,0,0,0,0,0,0,0,0
c-_ab_BVEwc,2022-11-27,0.997795581817627,4338.0,TV5,334.0,11.0,tadipatri.png,K. Pedda Reddy,YSRCP,Tadipatri,1,0,0,1,0,1,0,0,1,0,0,1,0,1,0,0
MibTMEWVIec,2022-11-27,-0.9974572062492372,453.0,TV5,245.0,0.0,tadipatri.png,K. Pedda Reddy,YSRCP,Tadipatri,0,0,0,0,0,0,0,0,0,0,0,0,0,0,0,0
Pa42jLNpt1E,2022-11-27,0.9974230527877808,97577.0,TV5,381.0,163.0,tadipatri.png,K. Pedda Reddy,YSRCP,Tadipatri,0,0,0,0,0,0,0,0,0,0,0,0,0,0,0,0
WZiR-5SQyRY,2022-11-27,0.9921716451644896,5607.0,TV5,372.0,8.0,tadipatri.png,K. Pedda Reddy,YSRCP,Tadipatri,0,0,0,0,0,1,0,0,0,0,0,0,0,0,0,0
Vtcu79A6CV8,2022-11-27,0.9983215928077698,2826.0,TV5,362.0,10.0,tadipatri.png,K. Pedda Reddy,YSRCP,Tadipatri,0,0,0,0,0,1,0,0,0,0,0,0,0,0,0,0
DygbkUj_06M,2022-11-28,-0.9984777569770812,1890.0,TV5,305.0,5.0,tadipatri.png,K. Pedda Reddy,YSRCP,Tadipatri,1,1,1,0,0,1,0,0,0,0,0,0,0,0,0,0
xOfA2eXaT5M,2022-12-02,0.9727954864501952,5606.0,TV5,335.0,0.0,tadipatri.png,K. Pedda Reddy,YSRCP,Tadipatri,1,1,1,0,0,0,0,1,1,0,1,1,0,0,0,0
ZScvQ-6RXvA,2022-12-02,-0.9986739158630372,1857.0,TV5,230.0,2.0,tadipatri.png,K. Pedda Reddy,YSRCP,Tadipatri,0,0,0,0,0,0,0,1,0,0,0,0,0,0,0,0
5ivO5GxHwkk,2022-12-02,-0.9937606453895568,987.0,TV9,230.0,6.0,tadipatri.png,K. Pedda Reddy,YSRCP,Tadipatri,0,0,0,1,0,1,0,0,0,0,0,0,0,1,0,0
3te-4xXHtM4,2022-12-07,0.9961328506469728,521.0,TV5,398.0,6.0,tadipatri.png,K. Pedda Reddy,YSRCP,Tadipatri,0,0,0,0,0,0,0,0,0,0,0,0,0,0,0,0
pJIKw-Z348c,2022-12-08,0.9920702576637268,47497.0,TV5,190.0,53.0,tadipatri.png,K. Pedda Reddy,YSRCP,Tadipatri,0,1,1,0,1,1,0,0,0,0,0,0,0,0,0,0
ClGkJPbJMNk,2022-12-08,-0.9980399012565612,13041.0,TV9,404.0,17.0,tadipatri.png,K. Pedda Reddy,YSRCP,Tadipatri,0,0,0,0,0,0,0,0,0,0,0,0,0,0,0,0
kC2XjDIrRzI,2022-12-08,0.9982014894485474,6108.0,TV9,400.0,1.0,tadipatri.png,K. Pedda Reddy,YSRCP,Tadipatri,0,0,1,0,0,0,0,0,0,0,0,0,0,0,0,1
pFO9L5AYhTc,2022-12-10,0.9979629516601562,911.0,TV9,264.0,0.0,tadipatri.png,K. Pedda Reddy,YSRCP,Tadipatri,0,1,1,0,0,0,0,0,0,0,0,0,0,0,0,1
VnGYcYbguHw,2022-12-12,0.9950188398361206,3121.0,TV5,430.0,9.0,tadipatri.png,K. Pedda Reddy,YSRCP,Tadipatri,0,0,0,0,0,0,0,0,0,0,0,0,0,0,0,0
DrrrqcmkP_k,2022-12-12,-0.9845396876335144,18781.0,ABN,415.0,31.0,tadipatri.png,K. Pedda Reddy,YSRCP,Tadipatri,0,0,0,0,0,0,0,0,0,0,0,0,0,0,0,0
C87XKFRETA8,2022-12-12,-0.993134617805481,2105.0,TV9,161.0,2.0,tadipatri.png,K. Pedda Reddy,YSRCP,Tadipatri,0,0,0,0,0,0,0,0,0,0,0,0,0,0,0,0
HRx-9IlpFlg,2022-12-12,0.9988640546798706,1587.0,Sakshi,260.0,6.0,tadipatri.png,K. Pedda Reddy,YSRCP,Tadipatri,1,1,1,1,1,0,0,0,1,0,0,0,0,1,0,1
JZTWfJ2NdFg,2022-12-12,0.8432700634002686,6856.0,TV5,95.0,24.0,tadipatri.png,K. Pedda Reddy,YSRCP,Tadipatri,1,1,1,0,1,0,0,0,0,0,0,0,0,1,0,0
eaU-ryoDWtE,2022-12-12,-0.9993882179260254,1897.0,TV9,273.0,6.0,tadipatri.png,K. Pedda Reddy,YSRCP,Tadipatri,0,0,0,0,0,0,0,0,0,0,0,0,0,0,0,0
Vgk-BA0A2tQ,2022-12-14,0.9988070726394652,2658.0,TV9,223.0,7.0,tadipatri.png,K. Pedda Reddy,YSRCP,Tadipatri,0,1,1,0,0,0,0,0,0,0,0,1,0,0,0,0
6aIvYVrXOvc,2022-12-14,0.9976623058319092,2662.0,TV9,246.0,3.0,tadipatri.png,K. Pedda Reddy,YSRCP,Tadipatri,0,1,1,0,0,0,0,0,0,0,0,0,0,0,0,0
RWNjXTc3BAs,2022-12-15,-0.9959920048713684,13635.0,ABN,290.0,17.0,tadipatri.png,K. Pedda Reddy,YSRCP,Tadipatri,0,0,0,0,0,0,0,0,0,0,0,0,0,0,0,0
OcEdAkWkHgQ,2022-12-15,0.9901815056800842,2774.0,Sakshi,435.0,2.0,tadipatri.png,K. Pedda Reddy,YSRCP,Tadipatri,0,0,1,0,0,0,0,0,0,0,0,0,0,0,0,0
Z_QI1c6oevg,2022-12-15,0.9955574870109558,6585.0,ABN,205.0,6.0,tadipatri.png,K. Pedda Reddy,YSRCP,Tadipatri,0,0,0,0,0,0,0,0,0,0,0,0,0,0,0,0
KMfzHm9Zkiw,2022-12-15,0.9980668425559998,1376.0,Sakshi,323.0,0.0,tadipatri.png,K. Pedda Reddy,YSRCP,Tadipatri,1,1,1,1,1,1,0,0,0,0,0,0,0,0,0,1
7FbhBMz5T5c,2022-12-17,-0.9973925352096558,3370.0,TV9,118.0,0.0,tadipatri.png,K. Pedda Reddy,YSRCP,Tadipatri,0,1,0,0,0,1,0,0,0,0,0,0,0,0,0,0
Uy0pZWaNUis,2022-12-19,-0.9929583072662354,1861.0,TV9,160.0,1.0,tadipatri.png,K. Pedda Reddy,YSRCP,Tadipatri,1,0,0,0,0,1,0,0,0,0,0,0,0,0,0,0
cenXorBcOzs,2022-12-22,-0.9958674907684326,26113.0,TV9,360.0,42.0,tadipatri.png,K. Pedda Reddy,YSRCP,Tadipatri,0,0,0,0,0,0,0,0,0,0,0,0,0,1,0,0
fAosJdkYG1M,2022-12-22,-0.9959623217582704,1666.0,ABN,565.0,3.0,tadipatri.png,K. Pedda Reddy,YSRCP,Tadipatri,0,0,0,0,0,0,0,1,0,0,0,0,0,0,0,0
mFt9TaI8kPk,2022-12-23,-0.9968904852867126,27652.0,ABN,410.0,35.0,tadipatri.png,K. Pedda Reddy,YSRCP,Tadipatri,0,0,0,0,1,1,0,0,0,0,0,0,0,0,0,0
EtzG_h1jomk,2022-12-27,-0.997562050819397,741.0,ABN,470.0,0.0,tadipatri.png,K. Pedda Reddy,YSRCP,Tadipatri,0,0,0,0,0,0,0,0,0,0,0,0,0,0,0,0
MVYZ4i4ebp0,2022-12-28,0.997697412967682,4999.0,Sakshi,423.0,7.0,tadipatri.png,K. Pedda Reddy,YSRCP,Tadipatri,1,0,0,0,0,1,0,0,0,0,0,0,0,0,0,0
_WAXeCmtUh8,2022-12-29,0.99063640832901,2296.0,TV9,292.0,11.0,tadipatri.png,K. Pedda Reddy,YSRCP,Tadipatri,0,0,0,0,0,0,0,0,0,0,0,0,0,0,0,0
xFrwvwcW-9o,2022-12-29,-0.9944624304771424,1582.0,TV9,181.0,9.0,tadipatri.png,K. Pedda Reddy,YSRCP,Tadipatri,0,0,0,0,0,0,0,0,0,0,0,0,0,0,0,0
2_bIslsAvn8,2022-12-29,0.9964847564697266,660.0,TV9,183.0,0.0,tadipatri.png,K. Pedda Reddy,YSRCP,Tadipatri,0,0,0,1,0,0,0,0,0,0,0,0,0,0,0,0
zJks869rupc,2022-12-30,0.9906356930732728,1496.0,TV9,340.0,2.0,tadipatri.png,K. Pedda Reddy,YSRCP,Tadipatri,0,0,0,1,0,0,0,0,0,0,0,0,0,0,0,0
UMNxiiSEBBA,2022-12-31,-0.9941737055778505,2792.0,TV9,391.0,2.0,tadipatri.png,K. Pedda Reddy,YSRCP,Tadipatri,0,0,0,0,0,0,0,0,0,0,0,0,0,0,0,0
BA0cuulfReU,2022-12-31,0.9977957010269164,55144.0,ABN,310.0,161.0,tadipatri.png,K. Pedda Reddy,YSRCP,Tadipatri,0,0,0,0,0,1,0,0,0,1,0,0,0,0,0,0
P7_arlAn8GQ,2023-01-02,-0.9981622099876404,1754.0,TV9,356.0,3.0,tadipatri.png,K. Pedda Reddy,YSRCP,Tadipatri,0,0,0,0,0,0,0,0,0,0,0,0,0,0,0,0
mfE_ly65sM8,2023-01-03,0.9982591271400452,923.0,TV9,265.0,1.0,tadipatri.png,K. Pedda Reddy,YSRCP,Tadipatri,0,0,0,0,0,0,0,0,0,0,0,0,0,0,0,0
UCvW_jCG738,2023-01-03,-0.9986925721168518,1749.0,ABN,255.0,1.0,tadipatri.png,K. Pedda Reddy,YSRCP,Tadipatri,0,0,0,0,0,0,0,0,0,0,0,0,0,0,0,0
nHMChNUZ5Ck,2023-01-04,-0.996630847454071,776.0,TV5,295.0,0.0,tadipatri.png,K. Pedda Reddy,YSRCP,Tadipatri,0,0,0,1,0,0,0,0,0,0,0,0,0,0,1,0
XXKxeewz7t4,2023-01-05,-0.9951752424240112,1096.0,ABN,109.0,2.0,tadipatri.png,K. Pedda Reddy,YSRCP,Tadipatri,0,0,0,0,0,0,0,0,0,0,0,0,0,0,0,0
yHXtV4BgM_c,2023-01-05,-0.9968475699424744,164406.0,TV9,226.0,30.0,tadipatri.png,K. Pedda Reddy,YSRCP,Tadipatri,1,1,1,0,1,1,1,0,1,1,0,0,0,1,0,1
F8SPUL1uddE,2023-01-06,-0.9779150485992432,1258.0,TV9,426.0,0.0,tadipatri.png,K. Pedda Reddy,YSRCP,Tadipatri,0,0,0,0,0,0,0,0,0,0,0,0,0,0,0,0
6IYj6MbE0Q4,2023-01-06,-0.9990296363830566,2956.0,TV9,578.0,0.0,tadipatri.png,K. Pedda Reddy,YSRCP,Tadipatri,0,0,0,0,0,0,0,0,0,0,0,0,0,0,0,0
3K5Eou0d0Fw,2023-01-07,0.9971619844436646,523.0,Sakshi,207.0,1.0,tadipatri.png,K. Pedda Reddy,YSRCP,Tadipatri,0,0,0,0,0,0,0,0,0,0,0,0,0,0,0,0
fHbwivuOGJY,2023-01-09,-0.9874407052993774,1713.0,ABN,432.0,2.0,tadipatri.png,K. Pedda Reddy,YSRCP,Tadipatri,0,0,0,1,0,0,0,0,0,0,0,1,0,0,0,1
0_KeFDpWezM,2023-01-10,0.9978189468383788,1529.0,Sakshi,157.0,5.0,tadipatri.png,K. Pedda Reddy,YSRCP,Tadipatri,1,1,1,0,1,1,1,0,0,1,0,0,0,1,0,1
v7ActHaGtdI,2023-01-11,0.9978142976760864,3043.0,TV5,244.0,3.0,tadipatri.png,K. Pedda Reddy,YSRCP,Tadipatri,0,0,0,0,0,0,0,0,0,0,0,0,0,0,0,0
uqJ3WsKOEAM,2023-01-12,0.9968851208686828,959.0,TV5,258.0,2.0,tadipatri.png,K. Pedda Reddy,YSRCP,Tadipatri,1,0,0,1,0,1,0,0,0,0,0,0,0,0,0,0
tpgGE6-N3UE,2023-01-12,0.996988832950592,14339.0,TV9,564.0,11.0,tadipatri.png,K. Pedda Reddy,YSRCP,Tadipatri,0,0,0,0,0,0,0,0,0,0,0,0,0,0,0,0
D6kZiIqZ7r0,2023-01-12,0.99587219953537,7761.0,TV5,178.0,15.0,tadipatri.png,K. Pedda Reddy,YSRCP,Tadipatri,1,0,0,0,0,1,0,0,0,0,0,0,0,0,0,0
voYUlyXC-hE,2023-01-13,0.9984877109527588,2016.0,TV5,265.0,0.0,tadipatri.png,K. Pedda Reddy,YSRCP,Tadipatri,0,0,0,0,0,0,0,0,0,0,0,0,0,0,0,0
tReDJVgjjfo,2023-01-14,0.9988309741020204,3077.0,TV9,430.0,7.0,tadipatri.png,K. Pedda Reddy,YSRCP,Tadipatri,0,0,0,0,0,0,0,0,0,0,0,0,0,0,0,0
v2lHAfeCVv4,2023-01-17,0.9920603036880492,4329.0,TV5,169.0,13.0,tadipatri.png,K. Pedda Reddy,YSRCP,Tadipatri,1,0,0,0,0,0,0,0,0,0,0,0,0,1,0,0
F2v4v-nYiDg,2023-01-17,-0.9969847798347472,3784.0,ABN,150.0,2.0,tadipatri.png,K. Pedda Reddy,YSRCP,Tadipatri,0,0,0,1,0,0,0,1,0,0,0,0,0,0,0,0
bRyisOWztb8,2023-01-17,0.9986205101013184,81190.0,ABN,520.0,153.0,tadipatri.png,K. Pedda Reddy,YSRCP,Tadipatri,0,0,0,0,0,0,0,0,0,0,0,0,0,0,0,0
ltlex73NUOw,2023-01-18,-0.9962781071662904,6366.0,Sakshi,78.0,8.0,tadipatri.png,K. Pedda Reddy,YSRCP,Tadipatri,0,0,0,0,0,1,0,0,0,0,0,0,0,0,0,0
Km4-tAk9upU,2023-01-18,-0.9981048107147216,51162.0,Sakshi,79.0,81.0,tadipatri.png,K. Pedda Reddy,YSRCP,Tadipatri,0,0,0,0,0,0,0,1,0,0,0,0,0,0,0,0
qiZyEK3gjOw,2023-01-18,0.998698592185974,3337.0,TV9,341.0,10.0,tadipatri.png,K. Pedda Reddy,YSRCP,Tadipatri,0,0,0,0,0,0,0,0,0,0,0,0,0,0,0,0
gHCrlp5bhTs,2023-01-19,-0.9986491799354552,6310.0,TV9,250.0,0.0,tadipatri.png,K. Pedda Reddy,YSRCP,Tadipatri,0,0,0,1,0,0,0,0,0,0,0,0,0,0,0,0
RLBb3bt7ScI,2023-01-19,-0.9895188212394714,2986.0,TV9,141.0,3.0,tadipatri.png,K. Pedda Reddy,YSRCP,Tadipatri,1,0,0,0,0,0,0,0,0,0,0,0,0,0,0,0
vvVGwHpgiHk,2023-01-19,-0.9979525804519652,2783.0,ABN,105.0,3.0,tadipatri.png,K. Pedda Reddy,YSRCP,Tadipatri,0,0,0,0,0,0,0,0,0,0,0,0,0,0,0,0
wkVvm5z5ykI,2023-01-20,0.9973209500312804,1201.0,ABN,210.0,1.0,tadipatri.png,K. Pedda Reddy,YSRCP,Tadipatri,0,0,0,0,1,0,0,0,0,0,0,0,0,0,0,0
69yXxEqi7DA,2023-01-20,-0.994470238685608,1662.0,ABN,179.0,1.0,tadipatri.png,K. Pedda Reddy,YSRCP,Tadipatri,0,0,0,0,0,0,0,0,0,0,0,0,0,0,0,0
WD1y3Ijs9Ms,2023-01-21,-0.9979257583618164,2341.0,TV9,147.0,2.0,tadipatri.png,K. Pedda Reddy,YSRCP,Tadipatri,0,1,1,0,0,0,0,0,0,0,0,0,0,0,0,0
36hOZjfdaRc,2023-01-21,-0.998440444469452,2409.0,ABN,229.0,1.0,tadipatri.png,K. Pedda Reddy,YSRCP,Tadipatri,1,0,0,0,0,0,0,0,0,0,0,0,0,0,0,0
GXcUraYweGk,2023-01-21,0.9978412389755248,337.0,ABN,266.0,0.0,tadipatri.png,K. Pedda Reddy,YSRCP,Tadipatri,0,0,0,0,0,0,0,0,0,0,0,0,0,0,0,0
Qi4YO5MJIC4,2023-01-21,0.996687352657318,3801.0,Sakshi,570.0,6.0,tadipatri.png,K. Pedda Reddy,YSRCP,Tadipatri,0,0,0,0,0,1,1,0,1,0,0,0,0,0,0,0
8aiww668-bY,2023-01-26,0.9985620379447936,952.0,TV5,377.0,2.0,tadipatri.png,K. Pedda Reddy,YSRCP,Tadipatri,0,0,0,0,0,0,0,0,0,0,0,0,0,0,0,0
qGw6vo3k-X0,2023-01-26,0.9984543323516846,1099.0,TV5,121.0,1.0,tadipatri.png,K. Pedda Reddy,YSRCP,Tadipatri,1,0,0,1,0,0,0,0,1,0,0,0,0,1,0,1
43YhF4kINPk,2023-01-28,0.9964693784713744,91045.0,TV5,400.0,82.0,tadipatri.png,K. Pedda Reddy,YSRCP,Tadipatri,0,1,1,0,0,0,0,0,0,0,0,0,0,1,1,0
rDx3B5_oaFI,2023-01-28,-0.9970614314079284,8410.0,ABN,231.0,9.0,tadipatri.png,K. Pedda Reddy,YSRCP,Tadipatri,0,1,1,0,0,0,0,0,1,0,0,0,0,0,0,0
wZ7cl3uiris,2023-01-28,-0.9980711340904236,9429.0,ABN,260.0,11.0,tadipatri.png,K. Pedda Reddy,YSRCP,Tadipatri,0,0,0,0,0,0,0,0,0,0,0,0,0,0,0,0
4TG3Dibd0sU,2023-01-30,0.9933307766914368,6606.0,TV9,250.0,1.0,tadipatri.png,K. Pedda Reddy,YSRCP,Tadipatri,0,0,0,0,0,0,0,0,0,0,0,0,0,0,0,0
l3I6sixbnKg,2023-01-30,0.998522937297821,111073.0,Sakshi,390.0,280.0,tadipatri.png,K. Pedda Reddy,YSRCP,Tadipatri,0,0,0,0,0,0,1,0,0,0,0,0,0,0,0,0
9vEvmvx6DjM,2023-01-30,0.9961754083633424,70831.0,TV9,289.0,43.0,tadipatri.png,K. Pedda Reddy,YSRCP,Tadipatri,1,0,0,1,0,0,0,0,0,0,0,0,0,0,1,0
UKUHhaYDO2U,2023-01-30,-0.9987276196479796,11806.0,TV9,118.0,5.0,tadipatri.png,K. Pedda Reddy,YSRCP,Tadipatri,0,0,0,0,0,0,0,0,0,0,0,0,0,0,1,0
sD8_y68T5tY,2023-02-01,-0.983382523059845,32635.0,ABN,373.0,9.0,tadipatri.png,K. Pedda Reddy,YSRCP,Tadipatri,0,0,0,0,0,0,0,1,0,0,0,0,0,0,0,0
U1mPKhIHjJk,2023-02-01,-0.9989338517189026,18778.0,ABN,362.0,25.0,tadipatri.png,K. Pedda Reddy,YSRCP,Tadipatri,1,0,0,1,0,0,0,0,0,0,0,0,1,0,0,0
KeNRbYMqnHo,2023-02-02,-0.9989795088768004,39661.0,ABN,245.0,18.0,tadipatri.png,K. Pedda Reddy,YSRCP,Tadipatri,0,0,0,1,1,0,0,0,0,0,0,0,0,0,0,0
kRDKwzrLGK4,2023-02-03,0.9982093572616576,5685.0,TV9,141.0,0.0,tadipatri.png,K. Pedda Reddy,YSRCP,Tadipatri,0,0,0,0,0,0,0,0,0,0,0,0,0,0,0,0
M9bVEsSY41g,2023-02-03,0.9981312155723572,1208.0,TV5,145.0,0.0,tadipatri.png,K. Pedda Reddy,YSRCP,Tadipatri,0,0,1,0,0,0,0,0,0,0,0,0,0,0,0,0
HlmGtrh7Cak,2023-02-05,0.9882373213768004,50048.0,TV9,228.0,22.0,tadipatri.png,K. Pedda Reddy,YSRCP,Tadipatri,0,0,0,0,0,0,0,0,0,0,0,0,0,1,1,0
5Q9SJVCb1XM,2023-02-06,0.9884244203567504,10577.0,Sakshi,503.0,29.0,tadipatri.png,K. Pedda Reddy,YSRCP,Tadipatri,0,0,0,0,0,0,0,0,0,0,0,0,0,0,0,0
G2-wUmrFyGI,2023-02-06,-0.989790976047516,348.0,TV5,454.0,1.0,tadipatri.png,K. Pedda Reddy,YSRCP,Tadipatri,0,0,0,0,0,0,0,0,0,0,0,0,0,0,0,0
PcD6zjfzFak,2023-02-07,-0.999382257461548,5536.0,TV9,265.0,32.0,tadipatri.png,K. Pedda Reddy,YSRCP,Tadipatri,0,0,0,0,0,0,0,0,0,0,0,0,0,0,0,0
riLnil0Pm0M,2023-02-07,0.996392786502838,18131.0,Sakshi,118.0,144.0,tadipatri.png,K. Pedda Reddy,YSRCP,Tadipatri,0,1,1,0,0,0,0,0,0,0,0,0,0,0,0,0
iZg3l3fGOaI,2023-02-07,0.9971430897712708,2883.0,TV5,78.0,16.0,tadipatri.png,K. Pedda Reddy,YSRCP,Tadipatri,1,1,1,1,0,1,1,0,1,1,0,0,0,1,0,1
xIswMLiwLv4,2023-02-07,-0.9994988441467284,1997.0,Sakshi,178.0,2.0,tadipatri.png,K. Pedda Reddy,YSRCP,Tadipatri,1,0,1,0,0,0,1,0,0,0,0,0,0,0,0,0
D9rFzEh-Yd8,2023-02-07,-0.9991589784622192,2338.0,ABN,77.0,7.0,tadipatri.png,K. Pedda Reddy,YSRCP,Tadipatri,1,1,1,0,0,0,0,0,0,0,0,0,0,0,0,0
NTX7Y7dwKDs,2023-02-07,0.993684947490692,3452.0,TV5,63.0,17.0,tadipatri.png,K. Pedda Reddy,YSRCP,Tadipatri,1,1,0,0,0,0,0,1,0,0,0,0,0,1,0,1
Om6I7gVIfGs,2023-02-09,0.9927799105644226,9167.0,Sakshi,535.0,18.0,tadipatri.png,K. Pedda Reddy,YSRCP,Tadipatri,0,0,0,0,0,0,0,0,0,0,0,0,0,0,0,0
Owr4oD5uKs8,2023-02-09,-0.936031460762024,108165.0,Sakshi,409.0,168.0,tadipatri.png,K. Pedda Reddy,YSRCP,Tadipatri,0,0,0,0,0,0,0,0,0,0,0,0,0,0,0,0
mKgKuK2mXDc,2023-02-09,0.9974931478500366,15766.0,TV9,129.0,1.0,tadipatri.png,K. Pedda Reddy,YSRCP,Tadipatri,0,0,0,0,0,0,0,0,0,0,0,0,0,0,0,0
z7p4bN998PE,2023-02-09,-0.9989489912986756,2540.0,ABN,125.0,5.0,tadipatri.png,K. Pedda Reddy,YSRCP,Tadipatri,0,1,1,0,0,0,0,0,0,0,0,0,0,0,0,0
fGEVz8qMveI,2023-02-09,0.9968729615211488,122716.0,ABN,485.0,215.0,tadipatri.png,K. Pedda Reddy,YSRCP,Tadipatri,0,0,0,0,0,0,0,0,0,0,0,0,0,0,0,0
EpP-tUxHfak,2023-02-10,-0.9986095428466796,2486.0,TV9,189.0,2.0,tadipatri.png,K. Pedda Reddy,YSRCP,Tadipatri,0,0,0,0,0,0,0,0,0,0,0,0,0,0,1,0
h5IGZatJunE,2023-02-11,0.995716631412506,81311.0,TV9,495.0,105.0,tadipatri.png,K. Pedda Reddy,YSRCP,Tadipatri,0,0,0,0,0,0,0,0,0,0,0,0,1,0,0,0
Tenozx8st70,2023-02-12,-0.9983818531036376,519.0,TV9,277.0,1.0,tadipatri.png,K. Pedda Reddy,YSRCP,Tadipatri,0,0,0,0,0,0,0,0,0,0,0,0,1,0,0,0
0mXKeNbizoA,2023-02-12,-0.980113923549652,14497.0,TV9,394.0,19.0,tadipatri.png,K. Pedda Reddy,YSRCP,Tadipatri,1,0,0,0,0,0,0,0,0,0,0,0,0,0,1,0
cxPFCNM-v_A,2023-02-13,0.995896577835083,16991.0,TV9,278.0,19.0,tadipatri.png,K. Pedda Reddy,YSRCP,Tadipatri,0,0,0,0,0,0,0,0,0,0,0,0,0,0,0,0
F85J8zIgU1U,2023-02-14,-0.9976491332054138,1025.0,TV5,361.0,5.0,tadipatri.png,K. Pedda Reddy,YSRCP,Tadipatri,0,0,0,0,0,0,0,0,0,0,0,0,0,0,0,0
fLq83Gd59QY,2023-02-14,-0.9994633793830872,6966.0,TV5,433.0,51.0,tadipatri.png,K. Pedda Reddy,YSRCP,Tadipatri,0,0,0,0,0,0,0,0,0,0,0,0,0,0,0,0
3MjSO7qECI0,2023-02-14,0.9939925074577332,1927.0,ABN,553.0,5.0,tadipatri.png,K. Pedda Reddy,YSRCP,Tadipatri,0,0,0,0,0,0,0,0,0,0,0,0,0,0,0,0
XVsaaALpaCU,2023-02-15,0.9861417412757874,958.0,TV9,339.0,1.0,tadipatri.png,K. Pedda Reddy,YSRCP,Tadipatri,0,0,0,0,0,0,0,0,0,0,0,0,0,0,1,0
LalxNoeFnj0,2023-02-15,-0.9909747242927552,895.0,TV9,455.0,6.0,tadipatri.png,K. Pedda Reddy,YSRCP,Tadipatri,0,1,0,1,0,0,1,0,1,0,0,0,0,0,0,0
UK3AD2ivXWg,2023-02-15,0.9925997257232666,3573.0,TV9,289.0,4.0,tadipatri.png,K. Pedda Reddy,YSRCP,Tadipatri,0,0,0,0,0,0,0,0,0,0,0,0,0,0,0,0
-ENWKe61q4k,2023-02-15,0.9987778067588806,3537.0,TV9,368.0,7.0,tadipatri.png,K. Pedda Reddy,YSRCP,Tadipatri,0,0,0,0,0,0,0,0,0,0,0,0,0,0,1,0
fa8FaOuchQw,2023-02-15,-0.954496443271637,848.0,ABN,537.0,3.0,tadipatri.png,K. Pedda Reddy,YSRCP,Tadipatri,0,0,0,0,0,0,0,0,0,0,0,0,0,0,0,0
FPuaElVK3tc,2023-02-16,0.9973800778388976,512.0,ABN,370.0,2.0,tadipatri.png,K. Pedda Reddy,YSRCP,Tadipatri,0,0,0,0,0,0,0,0,0,0,0,0,0,0,0,0
zmCfUZyisgM,2023-02-16,0.9987659454345704,136195.0,Sakshi,516.0,197.0,tadipatri.png,K. Pedda Reddy,YSRCP,Tadipatri,0,0,1,0,1,1,0,0,0,0,0,0,0,0,0,0
r2j5QSbX-FA,2023-02-17,-0.9981274008750916,315.0,ABN,372.0,0.0,tadipatri.png,K. Pedda Reddy,YSRCP,Tadipatri,0,0,0,0,0,0,0,0,0,0,0,0,0,0,0,0
dBu1s2z20q8,2023-02-17,-0.9982110261917114,1967.0,TV9,197.0,5.0,tadipatri.png,K. Pedda Reddy,YSRCP,Tadipatri,0,0,0,0,0,0,0,0,0,0,0,0,0,0,0,0
tG7Q1QhSIlg,2023-02-17,0.9981330037117004,2410.0,TV9,410.0,18.0,tadipatri.png,K. Pedda Reddy,YSRCP,Tadipatri,0,0,0,0,0,1,0,0,0,0,0,0,0,0,0,0
bRmcGr7K-ps,2023-02-17,-0.998196303844452,1286.0,ABN,308.0,2.0,tadipatri.png,K. Pedda Reddy,YSRCP,Tadipatri,0,0,0,1,0,1,0,0,0,0,0,0,0,0,0,0
UobA7bHUukg,2023-02-18,0.9988313317298888,488.0,TV9,442.0,0.0,tadipatri.png,K. Pedda Reddy,YSRCP,Tadipatri,0,0,0,0,0,0,0,0,0,0,0,0,0,0,0,0
wg-YM0Ca9mU,2023-02-19,-0.974105715751648,44342.0,TV5,265.0,31.0,tadipatri.png,K. Pedda Reddy,YSRCP,Tadipatri,0,0,0,0,0,1,0,0,1,0,0,0,0,1,0,1
__08KEJP66w,2023-02-19,0.9983322024345398,3188.0,TV9,428.0,1.0,tadipatri.png,K. Pedda Reddy,YSRCP,Tadipatri,0,0,0,0,0,1,0,0,0,0,0,0,0,1,0,0
SfYUZ0pKM3s,2023-02-20,0.9927016496658324,54449.0,Sakshi,524.0,42.0,tadipatri.png,K. Pedda Reddy,YSRCP,Tadipatri,0,1,1,0,1,0,0,0,0,0,0,0,0,0,0,0
0GeBu0syESA,2023-02-21,-0.9956707954406738,55355.0,TV9,260.0,55.0,tadipatri.png,K. Pedda Reddy,YSRCP,Tadipatri,0,1,0,0,0,0,0,0,0,0,0,0,0,0,0,0
VSr60PXxro8,2023-02-22,-0.9991185069084167,1149.0,TV5,253.0,1.0,tadipatri.png,K. Pedda Reddy,YSRCP,Tadipatri,1,0,1,0,0,0,0,0,0,0,0,0,0,0,0,0
6WFf3xeVqCI,2023-02-24,-0.973048448562622,342.0,TV9,256.0,0.0,tadipatri.png,K. Pedda Reddy,YSRCP,Tadipatri,0,1,1,0,0,0,0,0,1,1,0,0,0,1,0,0
SOOgTU8kEiM,2023-02-24,-0.9921267032623292,672.0,TV9,283.0,0.0,tadipatri.png,K. Pedda Reddy,YSRCP,Tadipatri,0,0,0,0,0,0,0,0,0,0,0,0,0,0,0,0
tqqTjDhohNY,2023-02-25,-0.7924951314926147,161300.0,TV9,288.0,145.0,tadipatri.png,K. Pedda Reddy,YSRCP,Tadipatri,0,0,0,0,0,0,0,0,0,0,0,0,0,0,0,0
xUNuXIWQOag,2023-02-26,0.9981541037559508,4825.0,TV5,120.0,4.0,tadipatri.png,K. Pedda Reddy,YSRCP,Tadipatri,1,0,1,0,0,0,0,0,0,0,0,0,0,0,0,0
BAPqycGgPXw,2023-03-03,0.9980522394180298,1212.0,TV9,134.0,0.0,tadipatri.png,K. Pedda Reddy,YSRCP,Tadipatri,0,0,0,0,0,0,0,0,0,0,0,0,0,0,0,0
KCqWEWfUhEs,2023-03-05,-0.9889305233955384,1397.0,TV9,158.0,8.0,tadipatri.png,K. Pedda Reddy,YSRCP,Tadipatri,1,0,0,1,0,0,0,0,0,0,0,0,0,0,0,0
jOdCbgStPgs,2023-03-06,-0.9993473887443542,1125.0,TV9,263.0,5.0,tadipatri.png,K. Pedda Reddy,YSRCP,Tadipatri,0,0,0,0,0,0,0,0,0,0,0,0,0,0,0,0
IAAOdZL_zyg,2023-03-06,-0.9704282879829408,2537.0,ABN,251.0,0.0,tadipatri.png,K. Pedda Reddy,YSRCP,Tadipatri,0,0,0,0,0,0,0,0,0,0,0,0,0,0,0,0
NGE1gXvSzTM,2023-03-07,0.9988213181495668,383.0,ABN,162.0,0.0,tadipatri.png,K. Pedda Reddy,YSRCP,Tadipatri,1,0,1,0,0,0,0,0,0,0,0,1,1,1,0,0
acltrvisy1o,2023-03-07,-0.9835488200187684,579.0,TV9,91.0,0.0,tadipatri.png,K. Pedda Reddy,YSRCP,Tadipatri,0,0,0,0,0,0,0,0,0,0,0,0,0,0,0,0
JCjAizIR-cw,2023-03-08,-0.997831642627716,1336.0,TV5,65.0,4.0,tadipatri.png,K. Pedda Reddy,YSRCP,Tadipatri,0,1,1,0,0,0,0,1,1,0,0,1,0,0,0,0
ohpSXuF5sNw,2023-03-09,-0.9858757853507996,1065.0,TV9,309.0,3.0,tadipatri.png,K. Pedda Reddy,YSRCP,Tadipatri,0,0,1,0,0,0,0,0,0,0,0,0,0,1,0,0
38q608ShvVI,2023-03-15,-0.9985016584396362,5161.0,ABN,171.0,4.0,tadipatri.png,K. Pedda Reddy,YSRCP,Tadipatri,0,0,0,0,0,0,0,0,0,0,0,0,0,0,0,0
YgDTsyS70xE,2023-03-16,-0.997646152973175,920.0,TV9,300.0,2.0,tadipatri.png,K. Pedda Reddy,YSRCP,Tadipatri,0,0,0,0,0,0,0,0,0,0,0,0,0,0,0,0
9X3QNkaVa6Y,2023-03-16,-0.9988082647323608,2091.0,TV9,285.0,4.0,tadipatri.png,K. Pedda Reddy,YSRCP,Tadipatri,0,0,0,0,0,0,0,0,0,0,0,0,0,0,0,0
WKZS322HYJs,2023-03-16,0.997111678123474,8766.0,Sakshi,140.0,16.0,tadipatri.png,K. Pedda Reddy,YSRCP,Tadipatri,1,1,1,0,1,1,0,0,1,0,0,0,1,1,0,1
J6pEF7CZCnM,2023-03-16,-0.9954439401626588,2009.0,TV9,194.0,12.0,tadipatri.png,K. Pedda Reddy,YSRCP,Tadipatri,0,0,0,0,0,0,0,0,0,0,0,0,0,0,0,0
Kc61A1LeuS4,2023-03-18,0.9851704239845276,3242.0,ABN,207.0,1.0,tadipatri.png,K. Pedda Reddy,YSRCP,Tadipatri,0,1,1,0,0,0,0,0,0,0,0,0,0,0,0,0
VrVCB8qxlzg,2023-03-18,0.9967946410179138,16827.0,TV5,158.0,15.0,tadipatri.png,K. Pedda Reddy,YSRCP,Tadipatri,1,0,0,0,1,0,0,0,0,0,0,0,1,0,0,0
MRGrXGBrowY,2023-03-20,-0.9986811280250548,9875.0,ABN,125.0,13.0,tadipatri.png,K. Pedda Reddy,YSRCP,Tadipatri,1,1,1,0,0,0,0,0,0,0,0,0,0,0,0,0
3zvViYWIaB0,2023-03-24,0.993934690952301,2143.0,ABN,168.0,1.0,tadipatri.png,K. Pedda Reddy,YSRCP,Tadipatri,1,1,1,0,1,0,0,1,0,0,0,1,1,0,0,0
dvlPYOdS8NM,2023-03-26,-0.9992371797561646,4656.0,TV9,86.0,13.0,tadipatri.png,K. Pedda Reddy,YSRCP,Tadipatri,0,1,1,0,0,0,0,0,0,0,0,0,0,0,0,0
ug2GgCiFK9Y,2023-03-27,-0.9966930150985718,458.0,TV9,325.0,0.0,tadipatri.png,K. Pedda Reddy,YSRCP,Tadipatri,0,0,0,0,0,0,0,0,0,0,0,0,0,0,0,0
fHJH55IDNgw,2023-03-28,-0.9995014667510986,1421.0,ABN,300.0,0.0,tadipatri.png,K. Pedda Reddy,YSRCP,Tadipatri,0,0,0,0,0,0,0,0,0,0,0,0,0,0,0,0
vKBM0e2-v3Y,2023-03-29,-0.972011148929596,1779.0,TV9,295.0,4.0,tadipatri.png,K. Pedda Reddy,YSRCP,Tadipatri,0,0,0,1,0,1,0,0,0,0,0,0,0,0,0,0
xoIVdjYjFLw,2023-03-29,0.9987718462944032,718.0,TV5,161.0,2.0,tadipatri.png,K. Pedda Reddy,YSRCP,Tadipatri,1,0,0,1,0,0,0,0,0,0,0,0,0,0,0,0
OlX2fffExUI,2023-04-02,-0.9127513766288756,1675.0,ABN,299.0,5.0,tadipatri.png,K. Pedda Reddy,YSRCP,Tadipatri,0,1,0,1,0,0,0,0,1,0,0,1,0,1,0,0
o5Z4OKe3IbM,2023-04-02,-0.9976263642311096,4792.0,TV5,225.0,2.0,tadipatri.png,K. Pedda Reddy,YSRCP,Tadipatri,1,1,1,1,1,0,0,0,1,0,0,1,0,1,0,0
s9l8T8Gm-uY,2023-04-03,0.9855146408081056,6300.0,Sakshi,328.0,17.0,tadipatri.png,K. Pedda Reddy,YSRCP,Tadipatri,0,1,1,1,1,0,0,0,0,1,0,0,0,0,0,0
kowSEPmtG4E,2023-04-05,-0.999251425266266,2031.0,TV9,186.0,8.0,tadipatri.png,K. Pedda Reddy,YSRCP,Tadipatri,0,0,0,0,0,0,0,0,0,0,0,0,0,0,0,0
4m338l1aciM,2023-04-07,0.9964725375175476,18721.0,TV9,49.0,5.0,tadipatri.png,K. Pedda Reddy,YSRCP,Tadipatri,0,1,0,0,0,0,0,0,0,0,0,0,0,0,0,0
sqQRKGb23I4,2023-04-08,-0.9984089732170104,2807.0,TV9,220.0,3.0,tadipatri.png,K. Pedda Reddy,YSRCP,Tadipatri,0,0,0,1,0,0,0,0,0,0,0,0,0,0,0,0
mLjvSnosDB0,2023-04-09,-0.982045352458954,3648.0,TV9,198.0,2.0,tadipatri.png,K. Pedda Reddy,YSRCP,Tadipatri,0,0,0,0,0,0,0,0,0,0,0,0,0,0,1,0
mGCHFQZTGOQ,2023-04-09,0.9965000152587892,2775.0,TV9,273.0,8.0,tadipatri.png,K. Pedda Reddy,YSRCP,Tadipatri,0,0,0,0,0,1,0,0,0,0,0,0,0,0,1,0
9hG241C9SJY,2023-04-09,-0.9931858777999878,2862.0,TV9,288.0,4.0,tadipatri.png,K. Pedda Reddy,YSRCP,Tadipatri,0,0,0,0,0,0,0,0,0,0,0,0,0,0,1,0
t3t7O04iwYQ,2023-04-09,0.9967509508132936,1832.0,TV9,174.0,1.0,tadipatri.png,K. Pedda Reddy,YSRCP,Tadipatri,0,0,0,0,0,0,0,0,0,0,0,0,0,0,1,0
OEXIUgcAmuw,2023-04-09,-0.9976614713668824,10852.0,Sakshi,130.0,6.0,tadipatri.png,K. Pedda Reddy,YSRCP,Tadipatri,1,0,1,1,1,1,1,0,1,0,0,0,0,0,1,1
I4IuCvUucbs,2023-04-09,-0.9902716279029846,17851.0,Sakshi,130.0,16.0,tadipatri.png,K. Pedda Reddy,YSRCP,Tadipatri,1,1,1,0,0,1,1,0,1,1,1,0,0,0,1,0
rSIh0iek_8A,2023-04-10,-0.9945688247680664,38687.0,TV9,231.0,14.0,tadipatri.png,K. Pedda Reddy,YSRCP,Tadipatri,1,0,0,0,0,0,0,1,0,0,0,0,0,0,1,0
NcsGR2E1tr8,2023-04-10,0.9946900606155396,31865.0,TV9,46.0,20.0,tadipatri.png,K. Pedda Reddy,YSRCP,Tadipatri,0,0,0,0,0,0,0,0,0,0,0,0,0,0,0,0
bHkQGXF-MnI,2023-04-11,0.9188220500946044,5728.0,TV5,116.0,6.0,tadipatri.png,K. Pedda Reddy,YSRCP,Tadipatri,0,1,1,0,0,0,0,1,0,0,0,0,0,0,0,0
yOf7tH3sxtk,2023-04-11,-0.9983652234077454,4263.0,TV9,170.0,5.0,tadipatri.png,K. Pedda Reddy,YSRCP,Tadipatri,1,1,1,0,0,0,1,1,0,0,0,1,0,0,0,0
L8axol-JkhE,2023-04-11,-0.999302864074707,1693.0,TV5,116.0,4.0,tadipatri.png,K. Pedda Reddy,YSRCP,Tadipatri,1,1,1,0,1,0,0,0,1,0,0,0,0,0,0,0
OYf_t-tYeHU,2023-04-11,-0.9980588555336,6686.0,TV9,201.0,9.0,tadipatri.png,K. Pedda Reddy,YSRCP,Tadipatri,1,0,0,0,0,0,0,1,0,0,0,0,0,0,0,0
W8V1euJ6kWI,2023-04-12,0.998229444026947,2832.0,ABN,297.0,4.0,tadipatri.png,K. Pedda Reddy,YSRCP,Tadipatri,1,0,0,1,0,0,0,0,0,0,0,0,0,0,0,0
kiXPlCcq3lg,2023-04-13,-0.9963046312332152,5262.0,TV9,203.0,2.0,tadipatri.png,K. Pedda Reddy,YSRCP,Tadipatri,0,0,0,0,0,0,0,0,0,0,0,0,0,0,0,0
t-pmffajkpE,2023-04-13,-0.992605209350586,7940.0,TV9,230.0,5.0,tadipatri.png,K. Pedda Reddy,YSRCP,Tadipatri,0,0,0,0,0,0,0,0,0,0,0,0,0,0,1,0
bwfSSWGox4w,2023-04-16,0.9765983819961548,12107.0,TV5,280.0,11.0,tadipatri.png,K. Pedda Reddy,YSRCP,Tadipatri,0,1,1,0,1,0,0,0,1,0,0,0,0,0,0,0
GrCROrOhfZQ,2023-04-21,-0.9892454147338868,1248.0,Sakshi,176.0,4.0,tadipatri.png,K. Pedda Reddy,YSRCP,Tadipatri,0,0,1,0,0,1,0,0,0,0,0,0,0,0,0,0
Fzy_eykvsDs,2023-04-22,-0.982177734375,1204.0,TV5,105.0,7.0,tadipatri.png,K. Pedda Reddy,YSRCP,Tadipatri,0,0,0,0,1,0,0,0,0,0,0,0,0,0,0,0
UQudMxfr-qg,2023-04-22,0.9921880960464478,1000.0,TV5,90.0,2.0,tadipatri.png,K. Pedda Reddy,YSRCP,Tadipatri,0,0,0,0,0,0,0,1,0,0,0,0,0,0,0,0
DiLFK6fKong,2023-04-22,0.9980964064598083,23665.0,Sakshi,42897.0,7.0,tadipatri.png,K. Pedda Reddy,YSRCP,Tadipatri,0,0,1,0,0,1,1,0,0,0,0,0,0,0,0,0
