ids,upload_date,sentiment,view_count,uploader,duration,comment_count,f_id,name,party,constituency,tdp,ycp,ysrcp,schemes,cm jagan,chandrababu,AP ,yuvagalam,Sajjala ,high court,alliance,yuvashakti,suprem court,ap development,tadipatri,High Court
Y1mpXT145Yg,2020-03-09,0.9939237236976624,1784.0,Sakshi,89.0,0.0,elluru_l.png,Kotagiri Sridhar,YSRCP,Eluru,0,1,1,0,0,0,0,0,0,0,0,1,0,1,0,0
kbPSa0G3jmk,2021-08-31,-0.998694121837616,3245.0,Sakshi,190.0,12.0,elluru_l.png,Kotagiri Sridhar,YSRCP,Eluru,1,0,1,1,0,1,0,0,0,0,0,0,0,0,0,0
vz_1UphZE7o,2021-10-11,0.993869125843048,2796.0,Sakshi,409.0,3.0,elluru_l.png,Kotagiri Sridhar,YSRCP,Eluru,0,0,0,0,0,0,0,0,0,0,0,0,0,0,0,0
-jOdnciP_pk,2021-10-26,-0.9947772026062012,1589.0,Sakshi,547.0,0.0,elluru_l.png,Kotagiri Sridhar,YSRCP,Eluru,0,0,1,0,0,0,0,0,0,0,0,0,0,0,0,0
Ik99RSVoqBI,2021-12-09,-0.9855836629867554,80935.0,Sakshi,324.0,110.0,elluru_l.png,Kotagiri Sridhar,YSRCP,Eluru,0,0,0,1,1,1,0,1,0,0,0,0,0,1,1,0
YxE5wzKLzws,2021-12-14,0.9943110942840576,22526.0,Sakshi,222.0,129.0,elluru_l.png,Kotagiri Sridhar,YSRCP,Eluru,0,1,1,1,1,0,1,1,1,0,0,1,1,1,0,0
GN_O_Y9QgvA,2022-02-04,0.99819678068161,1695.0,Sakshi,177.0,5.0,elluru_l.png,Kotagiri Sridhar,YSRCP,Eluru,0,0,0,0,0,0,1,0,0,0,0,0,0,1,0,0
zN3Xu1St_KU,2022-02-16,0.997077465057373,12736.0,Sakshi,143.0,41.0,elluru_l.png,Kotagiri Sridhar,YSRCP,Eluru,0,0,0,0,0,0,0,0,0,0,0,0,0,1,0,0
11YDaiRlgo0,2022-02-20,-0.995184361934662,4285.0,Sakshi,300.0,14.0,elluru_l.png,Kotagiri Sridhar,YSRCP,Eluru,1,1,1,1,0,0,0,0,0,0,0,0,0,0,1,0
gTTbpDPrC84,2022-02-21,-0.977835476398468,21016.0,Sakshi,147.0,8.0,elluru_l.png,Kotagiri Sridhar,YSRCP,Eluru,0,0,0,0,0,0,1,1,0,0,0,1,0,0,1,0
7DHLUkGO1oU,2022-04-11,0.9941083192825316,3344.0,Sakshi,355.0,3.0,elluru_l.png,Kotagiri Sridhar,YSRCP,Eluru,0,0,0,0,0,0,0,0,0,0,0,0,0,0,0,0
qb_RyvZj1wc,2022-04-21,0.9977325201034546,3447.0,Sakshi,448.0,2.0,elluru_l.png,Kotagiri Sridhar,YSRCP,Eluru,0,0,0,0,1,0,0,0,0,0,0,1,1,1,0,0
iIjoW1VPadA,2022-08-02,-0.9980102181434632,2812.0,Sakshi,351.0,3.0,elluru_l.png,Kotagiri Sridhar,YSRCP,Eluru,0,1,1,1,1,1,1,1,0,0,0,1,1,1,1,0
EEjkuf74qtM,2022-09-03,0.9967401623725892,31293.0,Sakshi,497.0,31.0,elluru_l.png,Kotagiri Sridhar,YSRCP,Eluru,0,0,0,0,0,0,0,0,0,0,0,0,0,0,0,0
xe2m3145JH8,2022-09-08,-0.9931627511978148,2284.0,Sakshi,98.0,0.0,elluru_l.png,Kotagiri Sridhar,YSRCP,Eluru,0,0,1,0,0,1,0,0,0,0,0,0,0,0,0,0
VQHvIr2E6A8,2022-09-08,-0.9993526339530944,25801.0,Sakshi,152.0,96.0,elluru_l.png,Kotagiri Sridhar,YSRCP,Eluru,0,0,0,0,0,1,0,0,0,0,0,0,0,0,0,0
Y6SS2_5Uv5Q,2022-09-12,0.9983161687850952,2138.0,TV5,143.0,1.0,elluru_l.png,Kotagiri Sridhar,YSRCP,Eluru,1,0,1,0,0,0,0,0,0,0,0,1,0,0,1,0
whmXw2aFB7k,2022-09-16,-0.9974453449249268,8434.0,TV5,323.0,8.0,elluru_l.png,Kotagiri Sridhar,YSRCP,Eluru,1,1,1,0,0,0,0,0,0,0,1,0,0,0,0,0
fY27jSMFGeA,2022-09-18,-0.9974446296691896,1277.0,TV5,255.0,2.0,elluru_l.png,Kotagiri Sridhar,YSRCP,Eluru,0,0,0,0,0,0,0,0,0,0,0,0,1,0,1,0
I0psfsrv03s,2022-10-04,0.9879587888717652,1829.0,TV5,436.0,2.0,elluru_l.png,Kotagiri Sridhar,YSRCP,Eluru,0,0,0,0,0,0,0,0,0,0,0,0,0,0,0,0
QkC_IKFaBW8,2022-10-05,0.9984795451164246,2274.0,Sakshi,478.0,5.0,elluru_l.png,Kotagiri Sridhar,YSRCP,Eluru,0,0,1,0,1,0,0,0,0,0,0,0,0,0,0,0
Fhyt-ftnR8M,2022-10-10,0.9925280809402466,794.0,TV5,258.0,0.0,elluru_l.png,Kotagiri Sridhar,YSRCP,Eluru,0,0,1,1,0,0,0,0,0,0,0,0,0,0,0,0
dPUkksrUNDg,2022-10-14,-0.9963974356651306,2582.0,Sakshi,144.0,54.0,elluru_l.png,Kotagiri Sridhar,YSRCP,Eluru,0,0,0,0,0,0,0,0,0,0,0,0,1,0,0,0
n0w20hMd3xs,2022-10-15,-0.9921486377716064,11217.0,TV5,445.0,23.0,elluru_l.png,Kotagiri Sridhar,YSRCP,Eluru,0,0,0,0,0,1,0,0,0,0,0,0,0,0,0,0
uYoeIQuAaBc,2022-10-26,-0.9973503351211548,4049.0,Sakshi,78.0,14.0,elluru_l.png,Kotagiri Sridhar,YSRCP,Eluru,0,0,0,0,0,0,0,0,0,0,0,0,0,0,0,0
srhT1CaD5Zc,2022-10-28,0.9815966486930848,2275.0,TV5,410.0,1.0,elluru_l.png,Kotagiri Sridhar,YSRCP,Eluru,0,0,0,0,0,0,0,0,0,0,0,0,0,0,0,0
rt7LR_z23zw,2022-11-01,-0.9747388958930968,48783.0,Sakshi,343.0,114.0,elluru_l.png,Kotagiri Sridhar,YSRCP,Eluru,1,1,1,1,0,1,0,0,0,0,0,0,1,0,0,0
hAESTLofD3c,2022-11-02,-0.9986988306045532,1518.0,TV5,293.0,2.0,elluru_l.png,Kotagiri Sridhar,YSRCP,Eluru,1,1,1,0,0,0,0,0,0,0,0,1,1,1,1,0
C5sJi5LlXpQ,2022-11-02,-0.9901942610740662,2460.0,ABN,266.0,3.0,elluru_l.png,Kotagiri Sridhar,YSRCP,Eluru,0,0,0,0,0,0,0,0,0,1,0,0,0,0,0,0
ehMyKlVqNQ8,2022-11-03,-0.9940847754478456,2934.0,ABN,481.0,2.0,elluru_l.png,Kotagiri Sridhar,YSRCP,Eluru,0,0,0,0,0,0,0,0,0,0,0,0,0,0,0,0
1PC_vqgwiGw,2022-11-05,-0.9974575638771056,1901.0,ABN,495.0,1.0,elluru_l.png,Kotagiri Sridhar,YSRCP,Eluru,0,0,0,0,0,0,0,0,0,0,0,0,0,0,0,0
dCILcbpdCOg,2022-11-08,0.9685819149017334,49462.0,Sakshi,267.0,68.0,elluru_l.png,Kotagiri Sridhar,YSRCP,Eluru,0,0,0,1,0,1,0,0,0,0,0,0,0,0,0,0
beTvecFw-TE,2022-11-10,0.9971364736557008,19695.0,Sakshi,594.0,49.0,elluru_l.png,Kotagiri Sridhar,YSRCP,Eluru,0,0,0,0,0,1,0,0,1,0,0,0,0,0,0,0
K1XvyG0UOWQ,2022-11-10,0.998095691204071,27307.0,TV5,305.0,34.0,elluru_l.png,Kotagiri Sridhar,YSRCP,Eluru,1,0,0,1,0,1,0,0,0,0,0,0,0,0,0,0
vQOdPot-Jig,2022-11-10,0.9948822259902954,3143.0,Sakshi,313.0,5.0,elluru_l.png,Kotagiri Sridhar,YSRCP,Eluru,0,1,1,1,0,1,1,1,1,0,0,1,1,1,1,0
GSVZkAMRGjs,2022-11-12,-0.998073935508728,735.0,TV5,93.0,1.0,elluru_l.png,Kotagiri Sridhar,YSRCP,Eluru,0,0,0,0,0,0,0,0,0,0,0,0,0,0,0,0
tOG0e3pvBYw,2022-11-12,-0.9986577033996582,811.0,TV5,157.0,1.0,elluru_l.png,Kotagiri Sridhar,YSRCP,Eluru,0,0,0,0,1,0,0,0,0,0,0,0,0,0,0,0
nd0vA0U_Qok,2022-11-13,0.9932039976119996,1804.0,Sakshi,519.0,1.0,elluru_l.png,Kotagiri Sridhar,YSRCP,Eluru,0,0,1,0,1,0,0,0,0,0,0,0,0,0,0,0
PYrcpILzOyc,2022-11-13,-0.9889012575149536,11732.0,TV5,299.0,17.0,elluru_l.png,Kotagiri Sridhar,YSRCP,Eluru,0,0,0,0,0,0,0,0,0,0,0,0,0,0,0,0
JXMBESwmOC0,2022-11-18,-0.9957818984985352,2274.0,TV9,85.0,4.0,elluru_l.png,Kotagiri Sridhar,YSRCP,Eluru,0,0,0,0,0,0,0,0,0,0,0,0,1,0,0,1
ILfcaWjN3Sg,2022-11-18,-0.997802436351776,1320.0,TV9,124.0,5.0,elluru_l.png,Kotagiri Sridhar,YSRCP,Eluru,0,0,0,0,0,0,0,0,0,0,0,0,0,0,0,0
kayr7de4RSk,2022-11-19,-0.9924435019493104,3219.0,TV9,115.0,4.0,elluru_l.png,Kotagiri Sridhar,YSRCP,Eluru,0,0,0,0,0,0,0,0,0,1,0,0,1,0,0,1
hvlhHF6gfVg,2022-11-19,-0.9967644214630128,1515.0,TV9,148.0,3.0,elluru_l.png,Kotagiri Sridhar,YSRCP,Eluru,0,0,0,0,0,0,0,0,0,1,0,0,1,0,0,1
wXpe_wvamxM,2022-11-19,0.7840493321418762,1988.0,TV9,114.0,1.0,elluru_l.png,Kotagiri Sridhar,YSRCP,Eluru,0,0,0,0,0,0,0,0,0,1,0,0,1,0,0,1
VQtZXSFsIcQ,2022-11-19,-0.998450517654419,4226.0,TV9,266.0,6.0,elluru_l.png,Kotagiri Sridhar,YSRCP,Eluru,0,1,1,0,0,0,0,0,0,1,1,1,1,0,1,1
6HZp1OLt7T8,2022-11-20,-0.995992124080658,4126.0,TV9,193.0,10.0,elluru_l.png,Kotagiri Sridhar,YSRCP,Eluru,0,0,0,0,0,0,0,0,0,0,0,0,1,0,0,1
Qh4KJtV5X6s,2022-11-20,-0.989916980266571,939.0,TV9,125.0,3.0,elluru_l.png,Kotagiri Sridhar,YSRCP,Eluru,0,0,0,0,0,0,0,0,0,0,0,0,0,0,0,0
rMI8jyrM8So,2022-11-21,0.9956874251365662,1832.0,TV9,241.0,2.0,elluru_l.png,Kotagiri Sridhar,YSRCP,Eluru,0,0,0,0,0,0,0,0,0,0,0,0,0,0,0,0
fmz0AJJ7fdU,2022-11-21,-0.9945915341377258,1167.0,TV5,157.0,0.0,elluru_l.png,Kotagiri Sridhar,YSRCP,Eluru,0,0,0,0,0,0,0,0,0,0,0,0,0,0,0,1
_xUm8fFIFvc,2022-11-21,-0.9864931702613832,2640.0,TV9,272.0,1.0,elluru_l.png,Kotagiri Sridhar,YSRCP,Eluru,0,0,0,0,0,0,0,0,0,0,0,0,0,0,0,1
Eq2XWmpTw0E,2022-11-22,-0.9806383848190308,2528.0,TV9,287.0,2.0,elluru_l.png,Kotagiri Sridhar,YSRCP,Eluru,0,0,0,0,0,0,0,0,0,0,0,0,1,0,0,0
i-zjG1Qlfh4,2022-11-22,0.9928586483001708,3418.0,TV9,217.0,12.0,elluru_l.png,Kotagiri Sridhar,YSRCP,Eluru,0,0,0,0,0,0,0,0,0,1,0,0,0,0,0,1
NCh2Bv-NbAQ,2022-11-22,-0.9981600642204284,2563.0,TV9,305.0,1.0,elluru_l.png,Kotagiri Sridhar,YSRCP,Eluru,0,0,1,0,0,0,0,0,0,0,0,1,0,0,0,0
71aNw_tD_Pc,2022-11-22,-0.998791515827179,2312.0,TV9,221.0,4.0,elluru_l.png,Kotagiri Sridhar,YSRCP,Eluru,0,0,0,0,0,0,0,0,0,0,1,0,0,0,0,0
vPX4kQWXKU4,2022-11-23,-0.9920883774757384,1618.0,TV5,323.0,0.0,elluru_l.png,Kotagiri Sridhar,YSRCP,Eluru,0,0,0,0,0,0,0,0,0,0,0,0,1,0,0,0
KXZCdMmTd1c,2022-11-23,0.9055907726287842,2675.0,TV9,184.0,3.0,elluru_l.png,Kotagiri Sridhar,YSRCP,Eluru,0,0,0,0,0,0,0,0,0,1,0,0,1,0,0,1
Pz7u4boGaIo,2022-11-23,0.8652715086936951,567.0,TV9,126.0,4.0,elluru_l.png,Kotagiri Sridhar,YSRCP,Eluru,0,0,0,0,0,0,0,0,0,0,0,0,0,0,0,0
hiz1njkxSW0,2022-11-23,0.9982903599739076,3151.0,TV9,170.0,4.0,elluru_l.png,Kotagiri Sridhar,YSRCP,Eluru,0,0,0,0,0,0,0,0,0,0,0,0,0,0,0,1
eWc7vH6gBxQ,2022-11-23,-0.9982520937919616,2366.0,ABN,249.0,0.0,elluru_l.png,Kotagiri Sridhar,YSRCP,Eluru,0,0,0,0,0,0,0,0,0,1,0,0,1,1,0,1
mrkEeH3vLl4,2022-11-23,-0.9956888556480408,3043.0,TV9,112.0,1.0,elluru_l.png,Kotagiri Sridhar,YSRCP,Eluru,0,0,1,0,0,0,0,0,0,1,0,0,0,0,0,1
-ibvMUXhpks,2022-11-23,-0.9906089305877686,5330.0,TV5,374.0,1.0,elluru_l.png,Kotagiri Sridhar,YSRCP,Eluru,0,1,0,0,0,0,0,0,0,0,0,0,0,0,0,0
3U-BEn5WXZI,2022-11-24,-0.9952310919761658,1269.0,TV9,97.0,3.0,elluru_l.png,Kotagiri Sridhar,YSRCP,Eluru,0,0,0,0,0,0,0,0,0,0,0,0,0,0,0,0
bGQpiU-kSsQ,2022-11-24,-0.9816317558288574,20662.0,TV5,210.0,32.0,elluru_l.png,Kotagiri Sridhar,YSRCP,Eluru,0,0,0,0,0,0,0,0,0,0,0,0,1,0,0,1
rz1cOwaSpO4,2022-11-25,-0.997417688369751,1586.0,TV5,455.0,1.0,elluru_l.png,Kotagiri Sridhar,YSRCP,Eluru,0,0,0,0,0,0,0,0,0,0,0,0,0,0,0,0
zCvsvyQX9PU,2022-11-25,0.9934648871421814,7035.0,TV5,297.0,1.0,elluru_l.png,Kotagiri Sridhar,YSRCP,Eluru,0,0,0,0,0,0,0,0,0,0,0,0,1,0,1,0
TNKCfCDxGks,2022-11-25,0.9889962673187256,2115.0,TV5,335.0,1.0,elluru_l.png,Kotagiri Sridhar,YSRCP,Eluru,0,0,0,1,0,0,1,0,0,0,0,0,1,0,0,1
znvNZ1tmR40,2022-11-26,0.9934695959091188,1414.0,TV9,48.0,1.0,elluru_l.png,Kotagiri Sridhar,YSRCP,Eluru,0,0,0,0,0,0,0,0,0,0,0,0,0,0,0,0
_iWwSvGEUWA,2022-11-28,0.9979515671730042,1457.0,TV9,172.0,4.0,elluru_l.png,Kotagiri Sridhar,YSRCP,Eluru,0,0,0,0,0,0,0,0,1,0,0,0,0,1,0,0
MZsCpNgyAwY,2022-11-28,0.9911664128303528,5769.0,TV9,428.0,13.0,elluru_l.png,Kotagiri Sridhar,YSRCP,Eluru,0,0,0,0,0,0,1,0,1,0,0,0,0,0,0,0
4WQ5zh8vc3A,2022-12-03,-0.998421311378479,892.0,TV9,102.0,0.0,elluru_l.png,Kotagiri Sridhar,YSRCP,Eluru,1,0,0,0,0,0,0,0,0,1,0,0,1,1,0,1
aBOIt3ya2Xk,2022-12-03,0.9982339143753052,816.0,Sakshi,175.0,4.0,elluru_l.png,Kotagiri Sridhar,YSRCP,Eluru,1,0,0,0,0,1,1,0,0,0,0,0,0,1,0,0
kktmz7-s5ds,2022-12-05,-0.9852861166000366,481.0,TV9,129.0,4.0,elluru_l.png,Kotagiri Sridhar,YSRCP,Eluru,0,0,0,0,0,0,0,0,0,0,0,0,0,0,0,0
-aNDGhfRFe0,2022-12-11,0.9983469247817992,1204.0,Sakshi,573.0,6.0,elluru_l.png,Kotagiri Sridhar,YSRCP,Eluru,0,0,0,0,0,1,0,0,0,0,0,0,0,0,0,0
_1iMRXr5Vtw,2022-12-11,0.9910452961921692,918.0,TV9,519.0,0.0,elluru_l.png,Kotagiri Sridhar,YSRCP,Eluru,0,0,0,0,0,0,0,0,0,0,0,0,0,0,0,0
_M-Xfc_jNe0,2022-12-12,0.9946014881134032,58393.0,TV9,102.0,43.0,elluru_l.png,Kotagiri Sridhar,YSRCP,Eluru,0,0,0,0,0,0,1,0,1,0,0,0,0,1,0,0
WKbo_vU1SuI,2022-12-15,-0.99908185005188,1753.0,ABN,117.0,4.0,elluru_l.png,Kotagiri Sridhar,YSRCP,Eluru,1,0,1,1,1,0,1,0,0,0,0,0,0,0,1,0
ryrbxxKVEIk,2022-12-17,0.9981797933578492,6607.0,TV9,184.0,1.0,elluru_l.png,Kotagiri Sridhar,YSRCP,Eluru,0,0,0,1,0,0,0,0,0,0,0,0,0,0,0,0
aHfq2IKqr98,2022-12-21,0.9987367987632751,3688.0,Sakshi,91.0,9.0,elluru_l.png,Kotagiri Sridhar,YSRCP,Eluru,1,0,1,0,1,0,0,0,0,0,0,1,0,0,1,0
ew8UIVvBGFU,2022-12-21,0.9982833862304688,2553.0,TV9,303.0,2.0,elluru_l.png,Kotagiri Sridhar,YSRCP,Eluru,0,1,1,0,1,0,1,1,0,0,1,1,1,1,1,0
4PEampbKVzY,2022-12-22,0.998224675655365,1050.0,Sakshi,142.0,0.0,elluru_l.png,Kotagiri Sridhar,YSRCP,Eluru,0,1,1,0,1,0,1,0,1,0,1,1,1,1,0,0
xNM0UiQ2NRM,2022-12-23,-0.9913181066513062,8459.0,ABN,223.0,6.0,elluru_l.png,Kotagiri Sridhar,YSRCP,Eluru,0,0,0,0,0,0,0,0,0,0,0,0,0,0,0,0
i95O89P1pgM,2022-12-25,-0.9693247079849244,1065.0,ABN,494.0,1.0,elluru_l.png,Kotagiri Sridhar,YSRCP,Eluru,0,0,0,0,0,0,0,0,0,0,0,0,0,0,0,0
aQDQ9CurPiw,2022-12-25,-0.9967427849769592,1991.0,TV9,63.0,0.0,elluru_l.png,Kotagiri Sridhar,YSRCP,Eluru,0,0,0,0,0,0,0,0,0,0,0,0,0,0,0,0
553ooRzER98,2022-12-29,-0.9592707753181458,4391.0,TV9,339.0,7.0,elluru_l.png,Kotagiri Sridhar,YSRCP,Eluru,0,0,0,0,0,0,0,0,0,0,0,0,0,0,0,0
3tlsg3KHJ6s,2023-01-03,-0.9981096982955932,2692.0,Sakshi,545.0,6.0,elluru_l.png,Kotagiri Sridhar,YSRCP,Eluru,0,1,1,1,0,1,0,1,0,0,0,1,1,1,0,0
LwuApqx9qzw,2023-01-06,-0.9990059733390808,3638.0,TV9,192.0,7.0,elluru_l.png,Kotagiri Sridhar,YSRCP,Eluru,0,1,1,0,0,1,0,0,0,0,0,0,0,0,0,0
2p3tZYXzB7U,2023-01-09,-0.9984322190284728,4914.0,TV9,298.0,13.0,elluru_l.png,Kotagiri Sridhar,YSRCP,Eluru,1,0,0,0,0,1,0,0,1,0,1,0,0,0,0,0
jInP0Psm8pQ,2023-01-10,0.9966602325439452,1217.0,ABN,272.0,0.0,elluru_l.png,Kotagiri Sridhar,YSRCP,Eluru,0,0,0,0,0,0,0,0,0,0,0,0,0,0,0,0
8K1luX2ODaU,2023-01-11,0.9928802847862244,12053.0,TV5,440.0,18.0,elluru_l.png,Kotagiri Sridhar,YSRCP,Eluru,0,0,0,0,0,1,0,0,0,0,0,0,0,0,0,0
9h-SY-NVjog,2023-01-12,0.9974494576454164,7609.0,TV5,305.0,21.0,elluru_l.png,Kotagiri Sridhar,YSRCP,Eluru,0,0,0,0,0,0,0,0,0,0,0,0,0,0,0,0
TFoa284V1V8,2023-01-12,-0.9978947043418884,2312.0,ABN,175.0,2.0,elluru_l.png,Kotagiri Sridhar,YSRCP,Eluru,0,1,1,0,0,0,0,1,0,0,0,1,0,1,0,0
qZyw0p3lPV4,2023-01-19,-0.997619092464447,925.0,ABN,325.0,0.0,elluru_l.png,Kotagiri Sridhar,YSRCP,Eluru,1,1,1,0,1,0,1,1,0,0,0,1,1,0,1,0
fEe4bHnqXhc,2023-01-20,0.9963796734809875,861.0,Sakshi,237.0,0.0,elluru_l.png,Kotagiri Sridhar,YSRCP,Eluru,0,1,1,1,1,0,1,1,0,0,0,1,1,1,0,0
Dlao6cvaD5g,2023-01-24,-0.989801824092865,1241.0,Sakshi,212.0,7.0,elluru_l.png,Kotagiri Sridhar,YSRCP,Eluru,0,0,0,0,0,0,0,0,0,0,0,0,0,1,0,0
xzpUfy-a16U,2023-01-26,0.9926393032073976,10832.0,TV5,343.0,15.0,elluru_l.png,Kotagiri Sridhar,YSRCP,Eluru,0,0,0,0,0,0,0,0,0,0,0,0,0,0,0,0
espaP_0NC90,2023-01-31,0.994531512260437,4149.0,Sakshi,106.0,5.0,elluru_l.png,Kotagiri Sridhar,YSRCP,Eluru,0,0,0,1,1,0,0,0,0,0,0,0,0,0,0,0
gpQUOe_QWpM,2023-02-01,0.9921004176139832,1067.0,TV9,457.0,1.0,elluru_l.png,Kotagiri Sridhar,YSRCP,Eluru,0,0,0,0,0,0,0,0,0,0,1,0,0,0,0,0
Alys939iPlk,2023-02-03,-0.994778037071228,13213.0,Sakshi,535.0,34.0,elluru_l.png,Kotagiri Sridhar,YSRCP,Eluru,0,0,1,0,0,0,0,0,0,0,0,0,0,0,0,0
HG-DjVM4hrs,2023-02-04,0.9980136156082152,65002.0,Sakshi,185.0,85.0,elluru_l.png,Kotagiri Sridhar,YSRCP,Eluru,0,1,1,0,0,0,1,1,0,0,0,1,1,0,0,0
YHEqnG5QOmo,2023-02-05,-0.9981704950332642,2173.0,TV9,325.0,4.0,elluru_l.png,Kotagiri Sridhar,YSRCP,Eluru,0,0,0,0,0,0,0,0,0,0,0,0,0,0,0,0
YfUZEc3Hplg,2023-02-05,0.9974048733711244,1185.0,TV9,325.0,1.0,elluru_l.png,Kotagiri Sridhar,YSRCP,Eluru,0,0,0,0,0,0,0,0,0,0,0,0,0,0,0,0
cHOC7lYTvCA,2023-02-05,0.9964308738708496,924.0,TV9,202.0,0.0,elluru_l.png,Kotagiri Sridhar,YSRCP,Eluru,0,0,0,0,0,0,0,0,0,0,0,0,0,0,0,0
iPnqvl7G8os,2023-02-05,0.9975628852844238,1860.0,TV9,293.0,1.0,elluru_l.png,Kotagiri Sridhar,YSRCP,Eluru,0,0,0,0,0,0,0,0,0,0,0,0,0,0,0,0
8jJU6r5Qco0,2023-02-05,-0.999323844909668,2019.0,TV9,229.0,1.0,elluru_l.png,Kotagiri Sridhar,YSRCP,Eluru,1,0,1,0,0,0,0,0,0,0,1,1,0,0,0,0
qHDehtsw9IM,2023-02-09,0.9971410036087036,341.0,TV9,261.0,0.0,elluru_l.png,Kotagiri Sridhar,YSRCP,Eluru,0,0,0,0,0,0,0,0,0,0,0,0,0,0,0,0
6YyONNHIiM4,2023-02-09,0.9968023300170898,344.0,TV9,263.0,0.0,elluru_l.png,Kotagiri Sridhar,YSRCP,Eluru,0,0,0,0,0,0,0,0,0,0,0,0,0,0,0,0
ach97IMIruI,2023-02-11,0.9985652565956116,4769.0,ABN,368.0,12.0,elluru_l.png,Kotagiri Sridhar,YSRCP,Eluru,1,0,0,0,0,0,0,0,0,0,1,1,0,1,0,0
Nr9t0WjMB7c,2023-02-12,0.9981217980384828,1480.0,ABN,174.0,2.0,elluru_l.png,Kotagiri Sridhar,YSRCP,Eluru,0,0,0,0,0,0,0,0,0,0,0,0,0,0,0,0
WYo1b_rW5w8,2023-02-13,0.9975855350494384,682.0,TV9,332.0,3.0,elluru_l.png,Kotagiri Sridhar,YSRCP,Eluru,0,0,0,0,0,0,0,0,0,0,0,0,0,0,0,0
n2_bih7dJs0,2023-02-15,-0.9911275506019592,938.0,TV9,545.0,5.0,elluru_l.png,Kotagiri Sridhar,YSRCP,Eluru,0,0,0,0,0,0,0,1,0,0,0,0,0,0,0,0
LalxNoeFnj0,2023-02-15,-0.9909747242927552,895.0,TV9,455.0,6.0,elluru_l.png,Kotagiri Sridhar,YSRCP,Eluru,0,1,0,1,0,0,0,1,0,0,0,0,0,0,0,0
FcEdkWY1ils,2023-02-17,0.9889684915542604,2184.0,TV9,145.0,6.0,elluru_l.png,Kotagiri Sridhar,YSRCP,Eluru,0,0,0,0,0,1,0,0,0,0,0,0,0,0,0,0
ykpKi3O2bJU,2023-02-18,-0.9974554181098938,1023.0,Sakshi,523.0,13.0,elluru_l.png,Kotagiri Sridhar,YSRCP,Eluru,0,0,0,0,0,1,0,0,0,0,0,0,0,0,0,0
gM7VEKDJlyo,2023-02-20,0.9972941279411316,4162.0,TV9,391.0,4.0,elluru_l.png,Kotagiri Sridhar,YSRCP,Eluru,0,0,0,0,1,0,0,0,0,0,0,0,1,0,0,0
YDjPzsIEOwQ,2023-02-20,0.9925218224525452,8827.0,TV9,232.0,6.0,elluru_l.png,Kotagiri Sridhar,YSRCP,Eluru,0,0,0,0,0,0,0,0,1,0,0,0,0,0,0,0
AtIfEdDVElI,2023-02-20,0.99723082780838,2469.0,TV9,319.0,0.0,elluru_l.png,Kotagiri Sridhar,YSRCP,Eluru,0,0,0,0,0,0,0,0,1,0,0,0,0,0,0,0
5w41SHBCgiM,2023-02-20,0.9952723383903505,3816.0,TV9,320.0,6.0,elluru_l.png,Kotagiri Sridhar,YSRCP,Eluru,0,0,0,0,0,0,0,0,1,0,0,1,0,0,0,0
x2fDaSoWBbk,2023-02-20,0.9881319403648376,3222.0,ABN,430.0,5.0,elluru_l.png,Kotagiri Sridhar,YSRCP,Eluru,0,0,0,0,0,0,0,0,1,0,0,0,0,0,0,0
VrxFt7--Dxo,2023-02-20,0.994355320930481,17207.0,TV5,375.0,14.0,elluru_l.png,Kotagiri Sridhar,YSRCP,Eluru,0,0,0,0,0,0,0,0,0,0,1,0,1,0,0,0
p0zfs8zG2y4,2023-02-21,-0.9991797804832458,20206.0,TV9,291.0,11.0,elluru_l.png,Kotagiri Sridhar,YSRCP,Eluru,0,1,1,0,1,0,0,0,0,0,1,1,0,1,0,0
-9HWPeKRemw,2023-02-27,-0.9983554482460022,2135.0,TV5,298.0,9.0,elluru_l.png,Kotagiri Sridhar,YSRCP,Eluru,0,0,0,0,0,0,0,0,0,0,0,1,1,0,0,0
lqys863ndW0,2023-03-04,0.998444139957428,1290.0,TV9,262.0,4.0,elluru_l.png,Kotagiri Sridhar,YSRCP,Eluru,1,0,1,0,0,1,0,0,0,0,0,0,1,0,0,0
NtqaeMGgdc4,2023-03-04,-0.9984283447265624,1132.0,TV9,320.0,6.0,elluru_l.png,Kotagiri Sridhar,YSRCP,Eluru,0,1,1,1,0,1,0,0,0,0,0,0,0,0,0,0
VDN_DIJ5tH4,2023-03-06,-0.988300085067749,182.0,TV5,71.0,1.0,elluru_l.png,Kotagiri Sridhar,YSRCP,Eluru,0,0,0,0,0,0,0,0,0,0,0,0,0,0,0,0
OErkIge8UDM,2023-03-12,-0.992864727973938,1763.0,ABN,283.0,1.0,elluru_l.png,Kotagiri Sridhar,YSRCP,Eluru,0,0,0,0,0,0,0,0,0,0,0,0,0,0,0,0
qKdd1Slntns,2023-03-14,-0.9993745684623718,577.0,TV9,301.0,0.0,elluru_l.png,Kotagiri Sridhar,YSRCP,Eluru,0,0,0,0,0,0,0,0,0,0,0,0,0,0,0,0
25-K1ajStl4,2023-03-14,0.996991753578186,2212.0,TV9,119.0,0.0,elluru_l.png,Kotagiri Sridhar,YSRCP,Eluru,0,0,0,0,0,0,0,0,0,0,0,0,0,1,0,0
FvZou-CTbqw,2023-03-15,-0.997998058795929,2373.0,TV9,230.0,2.0,elluru_l.png,Kotagiri Sridhar,YSRCP,Eluru,0,0,0,0,0,0,0,0,0,0,0,0,0,0,0,0
G148R6mok_4,2023-03-15,-0.9980873465538024,1291.0,TV9,338.0,1.0,elluru_l.png,Kotagiri Sridhar,YSRCP,Eluru,0,0,0,0,0,0,0,0,0,0,0,0,0,0,0,0
Yq6DWILLU60,2023-03-16,-0.9974514842033386,528.0,ABN,262.0,0.0,elluru_l.png,Kotagiri Sridhar,YSRCP,Eluru,0,0,0,0,0,0,0,0,0,0,0,0,0,0,0,0
bdjwj0E3YMI,2023-03-17,0.9985693693161012,4909.0,Sakshi,243.0,36.0,elluru_l.png,Kotagiri Sridhar,YSRCP,Eluru,0,1,1,1,1,1,0,1,0,0,1,0,0,1,0,0
vx0N4WAV8eY,2023-03-19,0.9835900664329528,2954.0,TV9,296.0,5.0,elluru_l.png,Kotagiri Sridhar,YSRCP,Eluru,0,0,0,0,1,0,0,0,0,0,0,0,0,1,0,0
bX2WWsg94Zk,2023-03-24,0.9945189356803894,6415.0,TV9,230.0,7.0,elluru_l.png,Kotagiri Sridhar,YSRCP,Eluru,1,0,0,0,0,0,1,0,1,0,0,0,0,1,0,0
98i1EmC9zGQ,2023-03-27,-0.999373495578766,14879.0,ABN,349.0,10.0,elluru_l.png,Kotagiri Sridhar,YSRCP,Eluru,0,0,0,0,0,0,0,0,0,0,0,0,0,0,0,0
I7yshYPJSXc,2023-04-04,-0.9898208379745485,5300.0,TV9,230.0,12.0,elluru_l.png,Kotagiri Sridhar,YSRCP,Eluru,0,0,0,1,0,0,0,0,0,0,0,0,0,0,0,0
KI3qSma4rXY,2023-04-04,-0.9569712281227112,24381.0,TV9,157.0,39.0,elluru_l.png,Kotagiri Sridhar,YSRCP,Eluru,0,0,0,0,0,0,0,0,0,0,0,0,0,0,0,0
u0db4Z2qUaA,2023-04-05,-0.9982486963272096,3191.0,TV9,341.0,15.0,elluru_l.png,Kotagiri Sridhar,YSRCP,Eluru,0,0,0,0,0,0,0,0,0,0,0,0,1,0,0,0
zCBzVrl0hKQ,2023-04-05,0.9983421564102172,2391.0,Sakshi,307.0,4.0,elluru_l.png,Kotagiri Sridhar,YSRCP,Eluru,0,1,1,0,1,0,0,1,0,0,0,0,1,0,0,0
f5xhy6wrAT8,2023-04-09,-0.9987418055534364,1735.0,TV9,302.0,1.0,elluru_l.png,Kotagiri Sridhar,YSRCP,Eluru,0,0,0,0,0,0,1,0,0,0,0,0,0,1,0,0
4gNrGrt-UHw,2023-04-11,-0.998449444770813,4993.0,TV9,262.0,6.0,elluru_l.png,Kotagiri Sridhar,YSRCP,Eluru,0,0,0,0,0,1,1,0,1,0,0,0,0,0,0,0
q4qZyrgwEfM,2023-04-13,-0.9983617663383484,121888.0,TV9,29.0,95.0,elluru_l.png,Kotagiri Sridhar,YSRCP,Eluru,0,1,1,0,0,0,0,0,0,0,0,0,0,0,0,0
Uq9ITF1OyDo,2023-04-22,-0.9988651275634766,2094.0,ABN,259.0,2.0,elluru_l.png,Kotagiri Sridhar,YSRCP,Eluru,0,1,1,0,0,0,1,0,0,0,0,0,0,0,0,0
