ids,upload_date,sentiment,view_count,uploader,duration,comment_count,f_id,name,party,constituency,tdp,ycp,ysrcp,schemes,cm jagan,chandrababu,pawan kalyan,nara lokesh,AP ,yuvagalam,ap employees,ap assembly session today,alliance
6CJ9UAm152g,2019-12-21,0.998281478881836,1190.0,Sakshi,547.0,1.0,markapuram.png,Kunduru Nagarjuna Reddy,YSRCP,Markapuram,0,0,0,0,0,0,0,0,1,0,0,0,0
vIOZmglPWtQ,2019-12-21,0.994632363319397,3941.0,Sakshi,362.0,1.0,markapuram.png,Kunduru Nagarjuna Reddy,YSRCP,Markapuram,0,0,0,0,0,0,0,0,0,0,0,0,0
n8V4_HMQqco,2019-12-24,0.9944748282432556,5274.0,Sakshi,426.0,0.0,markapuram.png,Kunduru Nagarjuna Reddy,YSRCP,Markapuram,0,0,0,0,0,0,0,0,0,0,0,0,0
R8jBgXcEeC8,2021-02-13,0.995914876461029,2026.0,Sakshi,469.0,1.0,markapuram.png,Kunduru Nagarjuna Reddy,YSRCP,Markapuram,0,0,0,0,0,0,0,0,0,0,0,0,0
n3RyFUPdOUA,2021-10-25,-0.9974155426025392,1752.0,Sakshi,299.0,1.0,markapuram.png,Kunduru Nagarjuna Reddy,YSRCP,Markapuram,0,0,0,0,0,0,0,0,0,0,0,0,0
enFaohjI2js,2021-11-06,-0.9818167686462402,92737.0,Sakshi,435.0,309.0,markapuram.png,Kunduru Nagarjuna Reddy,YSRCP,Markapuram,0,0,0,0,0,0,0,0,0,0,0,0,0
UqEFqx-RDd4,2021-11-25,0.9983711838722228,2618.0,Sakshi,551.0,4.0,markapuram.png,Kunduru Nagarjuna Reddy,YSRCP,Markapuram,0,0,0,0,0,0,0,0,0,0,0,0,0
Yjb0k4Tic_c,2021-11-25,-0.9964152574539183,632.0,Sakshi,371.0,0.0,markapuram.png,Kunduru Nagarjuna Reddy,YSRCP,Markapuram,1,0,1,1,0,0,0,0,0,1,1,0,0
iVYQ3frTJZQ,2021-11-25,0.9961904287338256,591.0,Sakshi,389.0,0.0,markapuram.png,Kunduru Nagarjuna Reddy,YSRCP,Markapuram,0,0,0,0,0,0,0,0,0,0,0,0,0
8wBbcIXNsG8,2021-12-11,-0.9954019784927368,2118.0,Sakshi,190.0,3.0,markapuram.png,Kunduru Nagarjuna Reddy,YSRCP,Markapuram,0,0,0,0,0,1,0,0,0,0,0,0,0
tDeNJQajdr4,2021-12-15,-0.992428719997406,5385.0,Sakshi,127.0,29.0,markapuram.png,Kunduru Nagarjuna Reddy,YSRCP,Markapuram,1,1,1,0,0,0,0,0,0,0,0,0,0
DEOMKvYdKMc,2021-12-15,0.9987772107124328,9005.0,Sakshi,205.0,31.0,markapuram.png,Kunduru Nagarjuna Reddy,YSRCP,Markapuram,1,0,1,1,0,1,1,0,0,1,0,0,0
oILYOdKy7RA,2022-01-14,0.9915488958358764,85518.0,Sakshi,281.0,161.0,markapuram.png,Kunduru Nagarjuna Reddy,YSRCP,Markapuram,0,0,0,0,0,0,0,0,0,0,0,0,0
MGRA5zdnzT8,2022-02-19,-0.9018036127090454,51185.0,Sakshi,445.0,132.0,markapuram.png,Kunduru Nagarjuna Reddy,YSRCP,Markapuram,0,0,0,0,0,0,0,1,0,0,0,0,0
yEDxFtgjVdE,2022-02-19,-0.9984134435653688,26895.0,Sakshi,217.0,98.0,markapuram.png,Kunduru Nagarjuna Reddy,YSRCP,Markapuram,1,0,1,1,0,1,0,1,0,0,0,0,1
rcsiTrg9d4g,2022-02-20,-0.9994491934776306,86783.0,Sakshi,370.0,184.0,markapuram.png,Kunduru Nagarjuna Reddy,YSRCP,Markapuram,0,1,1,0,0,1,0,1,0,0,1,0,1
s1N4Gr5k46o,2022-02-20,0.9843377470970154,18592.0,Sakshi,229.0,30.0,markapuram.png,Kunduru Nagarjuna Reddy,YSRCP,Markapuram,0,0,0,1,0,0,0,1,0,0,0,1,0
XkNJZ8NJ7-A,2022-03-15,0.9941492080688475,5998.0,Sakshi,424.0,8.0,markapuram.png,Kunduru Nagarjuna Reddy,YSRCP,Markapuram,0,0,0,0,1,0,0,0,0,0,0,0,0
T56mD56rRoE,2022-03-17,0.9943526983261108,3076.0,Sakshi,544.0,1.0,markapuram.png,Kunduru Nagarjuna Reddy,YSRCP,Markapuram,0,0,0,0,0,0,0,0,1,0,0,0,0
Z5a-cbjv9NQ,2022-04-27,0.9976348876953124,3266.0,Sakshi,82.0,2.0,markapuram.png,Kunduru Nagarjuna Reddy,YSRCP,Markapuram,1,0,0,0,0,0,0,0,0,0,0,0,0
1truBWZffXA,2022-04-27,0.997336447238922,63001.0,Sakshi,140.0,56.0,markapuram.png,Kunduru Nagarjuna Reddy,YSRCP,Markapuram,0,0,0,1,1,0,0,0,1,0,0,0,0
bXcfdhiYIjM,2022-04-27,0.998342990875244,1161.0,Sakshi,212.0,4.0,markapuram.png,Kunduru Nagarjuna Reddy,YSRCP,Markapuram,1,0,0,1,0,0,0,0,0,0,0,0,0
hsv7s2Ivl7c,2022-04-28,-0.9926469326019288,18179.0,Sakshi,147.0,35.0,markapuram.png,Kunduru Nagarjuna Reddy,YSRCP,Markapuram,0,0,0,0,0,0,0,0,0,0,0,0,0
_i_pyLfxSjI,2022-04-28,-0.9978339076042176,2763.0,Sakshi,227.0,4.0,markapuram.png,Kunduru Nagarjuna Reddy,YSRCP,Markapuram,0,0,0,0,0,0,0,0,0,0,0,0,0
RLRa3ge41XQ,2022-05-13,0.9979191422462464,11651.0,Sakshi,204.0,56.0,markapuram.png,Kunduru Nagarjuna Reddy,YSRCP,Markapuram,0,1,1,1,1,1,0,0,0,0,0,1,1
4sDdzdvrD7I,2022-06-19,-0.9924490451812744,139703.0,Sakshi,461.0,429.0,markapuram.png,Kunduru Nagarjuna Reddy,YSRCP,Markapuram,0,1,1,0,1,0,0,0,1,1,1,0,1
eJafoX-L_JM,2022-07-10,-0.9907078742980956,17369.0,Sakshi,285.0,30.0,markapuram.png,Kunduru Nagarjuna Reddy,YSRCP,Markapuram,0,1,1,0,1,1,0,0,0,0,0,0,0
YnR1rMV-sts,2022-09-02,-0.99062180519104,15918.0,TV5,430.0,31.0,markapuram.png,Kunduru Nagarjuna Reddy,YSRCP,Markapuram,0,0,0,0,0,0,0,0,0,0,0,0,0
wXR3c-ZctUY,2022-09-08,0.9943038821220398,4740.0,TV5,427.0,6.0,markapuram.png,Kunduru Nagarjuna Reddy,YSRCP,Markapuram,1,0,0,0,0,1,0,0,0,0,0,0,1
t0vHysUrLUc,2022-09-08,0.9921133518218994,1836.0,TV5,467.0,3.0,markapuram.png,Kunduru Nagarjuna Reddy,YSRCP,Markapuram,0,0,0,0,1,0,0,0,1,0,0,0,0
5zI5NnVu1PE,2022-09-08,0.9982022047042848,2464.0,TV5,189.0,1.0,markapuram.png,Kunduru Nagarjuna Reddy,YSRCP,Markapuram,1,0,0,0,0,0,0,0,0,0,0,0,0
g8YGu3LOd3c,2022-09-12,0.9918168187141418,12855.0,Sakshi,552.0,55.0,markapuram.png,Kunduru Nagarjuna Reddy,YSRCP,Markapuram,0,0,0,0,0,0,0,0,0,0,0,0,0
TrKvlDes1BM,2022-09-14,-0.9901673793792723,1098.0,TV5,313.0,6.0,markapuram.png,Kunduru Nagarjuna Reddy,YSRCP,Markapuram,1,0,0,0,0,0,0,0,0,0,0,1,0
ZvscbDzJIx0,2022-09-24,-0.9994150400161744,11593.0,TV5,155.0,28.0,markapuram.png,Kunduru Nagarjuna Reddy,YSRCP,Markapuram,1,0,1,1,0,1,0,0,0,0,0,0,0
o3RrcZyJKTs,2022-09-27,-0.9969022274017334,2869.0,TV5,394.0,1.0,markapuram.png,Kunduru Nagarjuna Reddy,YSRCP,Markapuram,0,0,0,0,0,0,0,0,0,0,0,0,0
xBuvcnADrhY,2022-09-27,0.9942201375961304,5748.0,Sakshi,155.0,26.0,markapuram.png,Kunduru Nagarjuna Reddy,YSRCP,Markapuram,0,0,0,0,1,1,0,0,0,0,0,0,0
1ADMZMDNGmc,2022-10-12,0.9983174800872804,593.0,TV5,265.0,1.0,markapuram.png,Kunduru Nagarjuna Reddy,YSRCP,Markapuram,1,0,0,0,0,0,0,0,0,0,0,0,0
_LN-3wbyId8,2022-10-12,0.989846646785736,4806.0,TV5,350.0,10.0,markapuram.png,Kunduru Nagarjuna Reddy,YSRCP,Markapuram,0,0,0,0,0,0,0,0,0,0,0,0,0
_cNOxZ30oLk,2022-10-16,-0.9987481832504272,1287.0,ABN,271.0,13.0,markapuram.png,Kunduru Nagarjuna Reddy,YSRCP,Markapuram,0,1,1,0,0,0,0,0,0,0,0,0,0
eqCZS6l4h1Y,2022-10-20,0.9979214072227478,1841.0,TV5,320.0,3.0,markapuram.png,Kunduru Nagarjuna Reddy,YSRCP,Markapuram,0,0,1,0,0,0,0,0,0,1,1,1,0
-F-9ipB9jSQ,2022-10-20,0.9973457455635072,3357.0,TV5,185.0,1.0,markapuram.png,Kunduru Nagarjuna Reddy,YSRCP,Markapuram,0,0,0,0,0,0,0,0,0,0,0,0,1
FPjzMjDYVJI,2022-10-22,-0.9987967014312744,12827.0,TV5,259.0,25.0,markapuram.png,Kunduru Nagarjuna Reddy,YSRCP,Markapuram,0,1,1,0,0,0,1,0,0,0,0,0,0
vjGLKB0EgYg,2022-10-22,0.9983367919921876,1060.0,TV5,218.0,0.0,markapuram.png,Kunduru Nagarjuna Reddy,YSRCP,Markapuram,0,1,1,0,0,0,0,0,1,0,0,0,0
Xs1TZy8ztQI,2022-10-23,-0.9943073391914368,2141.0,TV5,308.0,1.0,markapuram.png,Kunduru Nagarjuna Reddy,YSRCP,Markapuram,0,0,0,0,0,0,0,0,0,0,0,0,0
Aa3_RUq1N60,2022-11-03,0.99787175655365,2234.0,TV5,70.0,13.0,markapuram.png,Kunduru Nagarjuna Reddy,YSRCP,Markapuram,1,1,1,0,0,0,0,0,0,1,0,0,0
tyfhbbSHHHM,2022-11-05,-0.998515784740448,805.0,TV5,183.0,1.0,markapuram.png,Kunduru Nagarjuna Reddy,YSRCP,Markapuram,0,0,0,0,0,0,0,0,0,0,0,0,0
z3Y9SX31p48,2022-11-07,-0.9822268486022948,2069.0,TV5,357.0,6.0,markapuram.png,Kunduru Nagarjuna Reddy,YSRCP,Markapuram,0,0,0,0,0,0,0,0,0,0,0,0,0
R3ong9hzW9k,2022-11-07,0.9971490502357484,721.0,ABN,594.0,8.0,markapuram.png,Kunduru Nagarjuna Reddy,YSRCP,Markapuram,0,0,0,0,0,0,0,0,0,0,0,0,0
zmg0hoZv3-c,2022-11-15,0.998696744441986,822.0,ABN,68.0,0.0,markapuram.png,Kunduru Nagarjuna Reddy,YSRCP,Markapuram,0,0,0,0,0,0,0,0,0,0,0,0,1
uZKBKn4P5b8,2022-11-18,0.9892232418060304,1752.0,ABN,415.0,0.0,markapuram.png,Kunduru Nagarjuna Reddy,YSRCP,Markapuram,0,0,0,0,0,0,0,0,0,0,0,0,0
PzsexCOWYlA,2022-11-18,0.9977795481681824,2321.0,TV9,304.0,1.0,markapuram.png,Kunduru Nagarjuna Reddy,YSRCP,Markapuram,0,0,0,0,0,0,0,0,0,0,0,0,0
0K4ZwWzW-eo,2022-11-18,-0.9982025623321532,31009.0,Sakshi,398.0,85.0,markapuram.png,Kunduru Nagarjuna Reddy,YSRCP,Markapuram,0,0,1,0,1,1,0,0,0,0,0,0,0
ZxvF_F8tO64,2022-11-19,-0.9990473389625548,2015.0,TV9,235.0,8.0,markapuram.png,Kunduru Nagarjuna Reddy,YSRCP,Markapuram,0,0,0,0,0,0,0,0,0,0,0,0,0
FaX_59fuFpk,2022-11-20,-0.9985305070877076,317.0,TV9,203.0,0.0,markapuram.png,Kunduru Nagarjuna Reddy,YSRCP,Markapuram,0,0,0,0,0,1,0,0,0,0,0,0,0
QcYragbZ3qg,2022-11-20,-0.990552306175232,1730.0,TV9,131.0,28.0,markapuram.png,Kunduru Nagarjuna Reddy,YSRCP,Markapuram,0,0,0,0,0,0,0,0,0,0,0,0,0
3RedrXVLiWM,2022-11-21,-0.9904444813728333,1651.0,TV9,133.0,1.0,markapuram.png,Kunduru Nagarjuna Reddy,YSRCP,Markapuram,0,0,0,0,0,0,0,0,0,0,0,0,0
tT6lUBX-IAE,2022-11-21,-0.9990437626838684,1086.0,TV9,73.0,0.0,markapuram.png,Kunduru Nagarjuna Reddy,YSRCP,Markapuram,0,0,0,0,0,0,0,0,0,0,0,0,0
8hvjyC76RSE,2022-11-21,-0.9983758926391602,959.0,TV9,74.0,1.0,markapuram.png,Kunduru Nagarjuna Reddy,YSRCP,Markapuram,0,0,0,0,0,0,0,0,0,0,0,0,0
5e-isMM7dbc,2022-11-21,-0.9989193677902222,2104.0,TV9,127.0,1.0,markapuram.png,Kunduru Nagarjuna Reddy,YSRCP,Markapuram,0,0,0,0,0,0,0,0,0,0,0,0,0
2ilLj0U725Y,2022-11-22,-0.9980092644691468,5008.0,TV9,207.0,5.0,markapuram.png,Kunduru Nagarjuna Reddy,YSRCP,Markapuram,0,0,0,0,0,0,0,0,0,0,0,0,0
ify8mBsK2qc,2022-11-25,-0.992241144180298,4230.0,TV9,210.0,0.0,markapuram.png,Kunduru Nagarjuna Reddy,YSRCP,Markapuram,0,1,1,0,0,0,0,0,0,0,0,0,0
ToHmKOwpyOY,2022-11-26,0.9948257207870485,283.0,Sakshi,131.0,2.0,markapuram.png,Kunduru Nagarjuna Reddy,YSRCP,Markapuram,0,0,0,1,1,1,0,0,1,0,0,0,0
P4uiB6XfeH0,2022-11-26,0.9942975640296936,13575.0,Sakshi,502.0,39.0,markapuram.png,Kunduru Nagarjuna Reddy,YSRCP,Markapuram,0,0,0,0,0,1,0,0,1,0,0,0,0
Ww-22Lw5djA,2022-11-26,-0.9959955215454102,789.0,TV9,154.0,0.0,markapuram.png,Kunduru Nagarjuna Reddy,YSRCP,Markapuram,0,0,0,0,0,0,0,0,0,0,0,0,0
a8fesjP0Sps,2022-11-26,0.997450053691864,3511.0,TV9,291.0,1.0,markapuram.png,Kunduru Nagarjuna Reddy,YSRCP,Markapuram,1,1,1,1,0,0,0,0,0,1,0,0,1
0H5wGBcF02Y,2022-11-28,-0.994684398174286,16803.0,TV9,263.0,15.0,markapuram.png,Kunduru Nagarjuna Reddy,YSRCP,Markapuram,0,0,0,1,0,0,0,0,1,0,0,1,0
TduBQ2EYI2Y,2022-11-28,-0.9994891881942748,3476.0,ABN,145.0,5.0,markapuram.png,Kunduru Nagarjuna Reddy,YSRCP,Markapuram,0,0,0,0,0,0,0,0,0,0,0,0,0
sYJr156o6a8,2022-11-29,-0.9976217150688172,2587.0,TV5,545.0,2.0,markapuram.png,Kunduru Nagarjuna Reddy,YSRCP,Markapuram,0,0,0,0,0,0,0,0,0,0,0,0,0
zK3iMEmOJnQ,2022-11-29,-0.9696862101554872,2434.0,TV9,124.0,2.0,markapuram.png,Kunduru Nagarjuna Reddy,YSRCP,Markapuram,0,1,1,0,0,0,0,0,0,0,0,0,0
Rpn98Rk61K8,2022-12-01,0.9959979057312012,503.0,TV9,289.0,3.0,markapuram.png,Kunduru Nagarjuna Reddy,YSRCP,Markapuram,0,0,0,0,0,0,0,0,0,0,0,0,0
MDCXCQODSow,2022-12-03,-0.9897229671478271,2322.0,TV9,99.0,0.0,markapuram.png,Kunduru Nagarjuna Reddy,YSRCP,Markapuram,0,0,0,0,0,0,0,0,0,0,0,0,0
rWNVsiwxNpg,2022-12-05,0.9926801919937134,940.0,Sakshi,573.0,0.0,markapuram.png,Kunduru Nagarjuna Reddy,YSRCP,Markapuram,0,0,0,0,0,0,0,0,0,0,0,0,0
bRTFS-Y2f9A,2022-12-05,-0.9986748695373536,4864.0,ABN,595.0,4.0,markapuram.png,Kunduru Nagarjuna Reddy,YSRCP,Markapuram,0,0,0,0,0,0,0,0,0,0,0,0,0
zdwo9ciw4T0,2022-12-06,-0.9931721687316896,5295.0,TV9,241.0,9.0,markapuram.png,Kunduru Nagarjuna Reddy,YSRCP,Markapuram,0,1,1,0,0,0,0,0,1,0,0,0,0
QdZghcAN_6w,2022-12-07,0.9891784191131592,1037.0,TV9,159.0,2.0,markapuram.png,Kunduru Nagarjuna Reddy,YSRCP,Markapuram,0,0,0,0,0,0,0,0,0,0,0,0,0
FP78w40YKNU,2022-12-07,-0.9970222115516664,1825.0,TV9,174.0,3.0,markapuram.png,Kunduru Nagarjuna Reddy,YSRCP,Markapuram,1,1,1,0,0,0,0,0,0,0,0,0,0
ZHb-Nv18t-E,2022-12-07,0.9900335669517516,6992.0,TV5,350.0,3.0,markapuram.png,Kunduru Nagarjuna Reddy,YSRCP,Markapuram,0,0,0,0,0,0,0,0,1,0,0,0,0
M3O-nRnZPMQ,2022-12-07,-0.9951120018959044,1682.0,ABN,413.0,1.0,markapuram.png,Kunduru Nagarjuna Reddy,YSRCP,Markapuram,0,0,0,0,0,0,0,0,0,0,0,0,0
9XYe-Yt5HNw,2022-12-07,0.9965772032737732,5662.0,TV9,355.0,38.0,markapuram.png,Kunduru Nagarjuna Reddy,YSRCP,Markapuram,0,0,0,0,0,0,0,0,0,0,0,0,0
u3t5OBqqN3U,2022-12-08,0.9984084963798524,15305.0,TV9,142.0,29.0,markapuram.png,Kunduru Nagarjuna Reddy,YSRCP,Markapuram,0,0,0,0,0,0,0,0,0,0,0,0,0
Vm1vGAf7pN8,2022-12-10,-0.9984018206596376,2383.0,TV5,326.0,10.0,markapuram.png,Kunduru Nagarjuna Reddy,YSRCP,Markapuram,0,1,1,0,0,0,0,0,0,0,0,0,0
B8Y-2wvpAJs,2022-12-11,0.9972854852676392,979.0,TV9,122.0,0.0,markapuram.png,Kunduru Nagarjuna Reddy,YSRCP,Markapuram,0,0,0,0,0,0,0,0,0,0,0,0,0
cNo32NYsmKk,2022-12-11,0.9976106882095336,6739.0,ABN,67.0,5.0,markapuram.png,Kunduru Nagarjuna Reddy,YSRCP,Markapuram,1,1,1,1,0,0,0,0,0,1,0,0,0
FNlYfuDSiO8,2022-12-12,-0.996799111366272,2591.0,TV5,315.0,2.0,markapuram.png,Kunduru Nagarjuna Reddy,YSRCP,Markapuram,0,0,0,0,0,0,0,0,0,0,0,0,0
0Qp1UgZzBFA,2022-12-12,0.996861457824707,46511.0,TV5,440.0,80.0,markapuram.png,Kunduru Nagarjuna Reddy,YSRCP,Markapuram,0,1,1,0,1,0,0,0,0,0,0,0,0
lRH2ErYzG1o,2022-12-13,0.9947275519371032,3253.0,TV9,498.0,2.0,markapuram.png,Kunduru Nagarjuna Reddy,YSRCP,Markapuram,0,0,0,0,0,0,0,0,0,0,0,0,0
YwBY9250ARI,2022-12-13,-0.9913429021835328,1732.0,TV5,260.0,0.0,markapuram.png,Kunduru Nagarjuna Reddy,YSRCP,Markapuram,1,1,1,0,0,0,0,0,0,0,0,0,0
qv4OhHwQgZY,2022-12-14,-0.997016191482544,1436.0,TV5,333.0,0.0,markapuram.png,Kunduru Nagarjuna Reddy,YSRCP,Markapuram,1,0,0,0,0,0,0,0,0,0,0,0,0
OplqXgm1J68,2022-12-15,0.9831374883651732,9159.0,TV9,278.0,12.0,markapuram.png,Kunduru Nagarjuna Reddy,YSRCP,Markapuram,0,0,0,1,0,0,0,0,1,0,0,0,0
1ChehdSfCnM,2022-12-15,0.98285174369812,8427.0,TV9,267.0,12.0,markapuram.png,Kunduru Nagarjuna Reddy,YSRCP,Markapuram,0,0,0,1,0,0,0,0,1,0,1,1,0
fJ2MUvA7lww,2022-12-16,-0.9985588192939758,14908.0,TV9,314.0,46.0,markapuram.png,Kunduru Nagarjuna Reddy,YSRCP,Markapuram,0,0,1,1,0,0,0,0,1,1,1,1,1
ApF6xhSxePE,2022-12-18,-0.9994205236434937,1133.0,TV9,196.0,4.0,markapuram.png,Kunduru Nagarjuna Reddy,YSRCP,Markapuram,0,0,0,0,0,0,0,0,0,0,0,0,0
O0yqU4foVGI,2022-12-19,0.9943612813949584,2172.0,Sakshi,382.0,4.0,markapuram.png,Kunduru Nagarjuna Reddy,YSRCP,Markapuram,0,0,0,0,0,1,0,0,0,0,0,0,0
ajJTFet-pqo,2022-12-21,-0.9879109859466552,25588.0,TV9,598.0,61.0,markapuram.png,Kunduru Nagarjuna Reddy,YSRCP,Markapuram,0,0,0,0,0,0,0,0,0,0,0,0,0
sw35elOB-sE,2022-12-24,-0.9983592629432678,2488.0,TV9,156.0,3.0,markapuram.png,Kunduru Nagarjuna Reddy,YSRCP,Markapuram,0,0,0,0,0,0,0,0,0,0,0,0,0
ayYplF_OHWw,2022-12-24,0.9978531002998352,36511.0,TV9,374.0,68.0,markapuram.png,Kunduru Nagarjuna Reddy,YSRCP,Markapuram,0,0,0,0,0,0,0,0,1,0,0,0,0
haKm53OQ-mQ,2022-12-24,0.9881519675254822,849.0,TV9,140.0,0.0,markapuram.png,Kunduru Nagarjuna Reddy,YSRCP,Markapuram,0,0,0,0,0,0,0,0,0,0,0,0,0
Sdvg1hh_pp4,2022-12-25,0.7010592222213745,856.0,TV9,43.0,1.0,markapuram.png,Kunduru Nagarjuna Reddy,YSRCP,Markapuram,0,0,0,0,0,0,0,0,0,0,0,0,0
tWlQaoHghnQ,2022-12-26,-0.9906076192855836,2136.0,TV9,101.0,2.0,markapuram.png,Kunduru Nagarjuna Reddy,YSRCP,Markapuram,0,0,0,0,0,0,0,0,0,0,0,0,0
CQKhmrBgakE,2022-12-29,0.9974836707115172,675.0,TV5,430.0,0.0,markapuram.png,Kunduru Nagarjuna Reddy,YSRCP,Markapuram,0,0,0,0,0,0,0,0,0,0,0,0,0
Gjbi-RrjRpg,2022-12-31,-0.9990646243095398,44581.0,TV9,401.0,88.0,markapuram.png,Kunduru Nagarjuna Reddy,YSRCP,Markapuram,0,0,0,0,0,0,0,0,0,0,0,0,0
Ulacb-Za664,2023-01-02,-0.9981365203857422,1614.0,Sakshi,91.0,3.0,markapuram.png,Kunduru Nagarjuna Reddy,YSRCP,Markapuram,0,0,0,0,0,1,0,0,0,0,0,0,0
Picf7QjMAAg,2023-01-03,-0.9973899722099304,6502.0,Sakshi,243.0,9.0,markapuram.png,Kunduru Nagarjuna Reddy,YSRCP,Markapuram,1,0,0,1,1,1,0,0,0,0,0,0,0
4ihdZ7KoNSo,2023-01-04,0.9974738955497742,9395.0,Sakshi,155.0,51.0,markapuram.png,Kunduru Nagarjuna Reddy,YSRCP,Markapuram,1,1,1,0,0,1,0,0,0,1,0,0,1
vPscGdD79uE,2023-01-06,0.9981486797332764,1144.0,TV9,105.0,0.0,markapuram.png,Kunduru Nagarjuna Reddy,YSRCP,Markapuram,0,0,1,0,0,0,0,0,0,0,0,0,0
n87Mw5wnAD0,2023-01-06,-0.997217059135437,835.0,TV5,259.0,1.0,markapuram.png,Kunduru Nagarjuna Reddy,YSRCP,Markapuram,0,0,0,0,0,0,0,0,0,0,0,0,0
u4GTJQ5ytJc,2023-01-11,0.9934731125831604,568.0,TV5,148.0,0.0,markapuram.png,Kunduru Nagarjuna Reddy,YSRCP,Markapuram,0,0,0,0,0,0,0,0,0,0,0,0,0
1FL6tpsFjtY,2023-01-20,0.9856298565864564,1160.0,TV5,297.0,0.0,markapuram.png,Kunduru Nagarjuna Reddy,YSRCP,Markapuram,0,0,0,0,0,0,0,0,0,0,0,0,0
OhUYjSCv8-8,2023-01-22,-0.990921139717102,2799.0,TV9,329.0,8.0,markapuram.png,Kunduru Nagarjuna Reddy,YSRCP,Markapuram,0,0,0,0,0,0,0,0,0,0,1,0,0
bxqNe38Lcr8,2023-01-22,0.9704127907752992,6288.0,TV9,138.0,22.0,markapuram.png,Kunduru Nagarjuna Reddy,YSRCP,Markapuram,1,0,0,0,0,0,0,1,0,0,0,0,1
OGc5FBH3fLg,2023-01-22,0.997732639312744,49069.0,Sakshi,552.0,287.0,markapuram.png,Kunduru Nagarjuna Reddy,YSRCP,Markapuram,0,0,0,0,1,0,1,1,0,1,0,0,0
7mXo-gc4xgU,2023-01-23,-0.9960196614265442,5423.0,TV9,119.0,21.0,markapuram.png,Kunduru Nagarjuna Reddy,YSRCP,Markapuram,0,0,0,0,0,0,0,1,0,0,0,0,0
IVyfe1fwc_Q,2023-01-23,0.99552720785141,1980.0,TV9,281.0,3.0,markapuram.png,Kunduru Nagarjuna Reddy,YSRCP,Markapuram,0,0,0,0,0,0,0,1,0,0,0,0,1
6JV9Br59nvw,2023-01-24,0.9977207779884338,3618.0,TV9,130.0,7.0,markapuram.png,Kunduru Nagarjuna Reddy,YSRCP,Markapuram,0,0,0,0,0,0,1,0,0,0,0,0,0
HuFrWXQ4tH4,2023-01-24,0.9984768033027648,38960.0,TV9,171.0,63.0,markapuram.png,Kunduru Nagarjuna Reddy,YSRCP,Markapuram,0,0,0,0,0,0,1,0,0,0,0,0,0
UU2s0qafwX0,2023-01-24,0.9951916933059692,25729.0,TV9,487.0,30.0,markapuram.png,Kunduru Nagarjuna Reddy,YSRCP,Markapuram,0,0,0,0,0,0,1,0,0,0,0,0,0
DLM8SXVunEg,2023-01-24,-0.9939751029014589,126971.0,TV9,408.0,150.0,markapuram.png,Kunduru Nagarjuna Reddy,YSRCP,Markapuram,0,0,0,0,0,0,1,0,0,0,0,0,1
YxzHXslxhGc,2023-01-24,-0.9897553324699402,2093.0,Sakshi,411.0,4.0,markapuram.png,Kunduru Nagarjuna Reddy,YSRCP,Markapuram,0,0,0,0,0,0,0,0,0,0,0,0,0
iSvGZgph0Zo,2023-01-25,-0.9966082572937012,682.0,TV9,297.0,0.0,markapuram.png,Kunduru Nagarjuna Reddy,YSRCP,Markapuram,0,0,0,0,0,0,0,0,1,0,0,0,0
W3eXyFW53Zo,2023-01-25,-0.9980144500732422,2764.0,ABN,280.0,3.0,markapuram.png,Kunduru Nagarjuna Reddy,YSRCP,Markapuram,0,0,0,1,0,0,0,0,0,0,0,0,0
-3A2yU6Hu60,2023-01-25,-0.7024943232536316,63610.0,TV9,38.0,147.0,markapuram.png,Kunduru Nagarjuna Reddy,YSRCP,Markapuram,0,0,0,0,0,0,0,0,0,0,0,0,1
JCtqw86981Q,2023-01-25,-0.98894065618515,2880.0,TV9,202.0,0.0,markapuram.png,Kunduru Nagarjuna Reddy,YSRCP,Markapuram,0,1,1,0,0,0,0,0,0,1,0,0,0
qlvnWfA8gBk,2023-01-25,-0.9954156875610352,815.0,TV9,292.0,3.0,markapuram.png,Kunduru Nagarjuna Reddy,YSRCP,Markapuram,0,0,0,0,0,0,0,0,0,0,0,0,0
L4S_Nzj0SVA,2023-01-26,-0.998710870742798,3476.0,TV9,156.0,1.0,markapuram.png,Kunduru Nagarjuna Reddy,YSRCP,Markapuram,0,0,0,1,0,0,0,0,0,0,0,0,0
cAiPq2VIKl8,2023-01-27,-0.9992058873176576,2026.0,TV9,311.0,1.0,markapuram.png,Kunduru Nagarjuna Reddy,YSRCP,Markapuram,0,0,0,1,0,0,0,0,0,0,0,0,0
q-dDFkOc6pI,2023-01-28,0.997098445892334,3235.0,TV9,532.0,1.0,markapuram.png,Kunduru Nagarjuna Reddy,YSRCP,Markapuram,0,0,0,0,0,0,0,0,0,0,0,0,1
d8kwjYemeLE,2023-01-28,0.9987015724182128,384.0,ABN,335.0,1.0,markapuram.png,Kunduru Nagarjuna Reddy,YSRCP,Markapuram,0,0,0,0,0,0,0,0,0,1,1,0,1
g0uIXeekD3U,2023-01-28,-0.972451627254486,1702.0,TV9,137.0,9.0,markapuram.png,Kunduru Nagarjuna Reddy,YSRCP,Markapuram,0,0,0,0,0,0,0,0,0,0,0,0,0
8dD4kNG_0xw,2023-01-29,0.9853000044822692,868.0,TV5,334.0,3.0,markapuram.png,Kunduru Nagarjuna Reddy,YSRCP,Markapuram,0,0,0,0,0,0,0,0,0,0,0,0,0
4TT3y08U7vI,2023-01-30,0.9971652626991272,774.0,TV5,388.0,0.0,markapuram.png,Kunduru Nagarjuna Reddy,YSRCP,Markapuram,0,0,0,0,0,0,0,0,0,0,0,0,0
mUVja5RYkdc,2023-01-30,-0.9960176348686218,993.0,TV5,442.0,1.0,markapuram.png,Kunduru Nagarjuna Reddy,YSRCP,Markapuram,0,0,0,0,0,0,0,0,0,0,0,0,0
_KU4W4ien_8,2023-01-30,0.987810492515564,4562.0,TV5,344.0,6.0,markapuram.png,Kunduru Nagarjuna Reddy,YSRCP,Markapuram,1,0,0,0,0,0,0,0,0,0,0,0,0
pfTNPGg15S0,2023-01-31,0.9976720213890076,14100.0,Sakshi,492.0,42.0,markapuram.png,Kunduru Nagarjuna Reddy,YSRCP,Markapuram,0,0,0,0,0,1,1,1,0,0,0,0,0
KpMSnEXepX8,2023-02-01,-0.9984899759292604,4439.0,TV9,273.0,2.0,markapuram.png,Kunduru Nagarjuna Reddy,YSRCP,Markapuram,0,0,0,0,0,0,0,0,0,0,0,0,0
ykPBYow0gOs,2023-02-01,0.996340036392212,123906.0,Sakshi,580.0,181.0,markapuram.png,Kunduru Nagarjuna Reddy,YSRCP,Markapuram,0,0,0,0,0,0,0,0,0,0,0,0,0
jDnI7FB6Olk,2023-02-02,-0.9943140745162964,14174.0,Sakshi,365.0,25.0,markapuram.png,Kunduru Nagarjuna Reddy,YSRCP,Markapuram,1,0,0,0,1,0,0,0,0,0,0,0,0
QdadfhLEjH8,2023-02-02,-0.9928901195526124,5527.0,TV9,165.0,17.0,markapuram.png,Kunduru Nagarjuna Reddy,YSRCP,Markapuram,0,0,0,0,0,0,0,0,0,0,0,0,0
9Tc7jKujT2w,2023-02-03,-0.9972979426383972,4077.0,TV5,286.0,7.0,markapuram.png,Kunduru Nagarjuna Reddy,YSRCP,Markapuram,0,0,0,0,1,0,0,0,0,0,0,0,0
YHTWVkoZGz0,2023-02-06,-0.99367755651474,1422.0,TV9,293.0,0.0,markapuram.png,Kunduru Nagarjuna Reddy,YSRCP,Markapuram,0,0,0,0,0,0,0,0,0,0,0,0,0
lkEtoYZDdsU,2023-02-09,-0.9991483688354492,43934.0,ABN,384.0,48.0,markapuram.png,Kunduru Nagarjuna Reddy,YSRCP,Markapuram,0,0,0,0,0,0,0,0,0,0,0,0,0
jfkQx_skABw,2023-02-11,-0.9979867935180664,4404.0,TV5,582.0,8.0,markapuram.png,Kunduru Nagarjuna Reddy,YSRCP,Markapuram,0,0,0,0,0,0,0,0,0,0,0,0,0
Ic68mK3cxTA,2023-02-12,0.9959147572517396,2342.0,ABN,416.0,1.0,markapuram.png,Kunduru Nagarjuna Reddy,YSRCP,Markapuram,0,0,0,0,0,0,0,0,0,0,0,0,0
2d1IPpMmpBQ,2023-02-13,0.9981092214584352,1374.0,TV9,450.0,0.0,markapuram.png,Kunduru Nagarjuna Reddy,YSRCP,Markapuram,0,0,0,0,0,0,0,0,0,0,0,0,0
p7-7ZycAUFk,2023-02-13,-0.9884812831878662,93545.0,TV9,306.0,22.0,markapuram.png,Kunduru Nagarjuna Reddy,YSRCP,Markapuram,0,0,0,0,0,0,0,0,0,0,0,1,0
2-cMz9n-xqU,2023-02-14,-0.9978894591331482,455.0,TV5,434.0,0.0,markapuram.png,Kunduru Nagarjuna Reddy,YSRCP,Markapuram,0,0,0,0,0,0,0,0,0,0,0,0,0
VqDgl9Znz5Y,2023-02-15,0.9893871545791626,4133.0,TV9,87.0,3.0,markapuram.png,Kunduru Nagarjuna Reddy,YSRCP,Markapuram,0,0,0,0,0,0,0,0,0,0,0,0,0
BQtI37K_CyA,2023-02-16,-0.9965805411338806,5999.0,TV9,226.0,12.0,markapuram.png,Kunduru Nagarjuna Reddy,YSRCP,Markapuram,0,0,0,0,0,0,0,0,0,0,0,0,0
LxgGY3usd2s,2023-02-16,0.9977108240127563,615.0,TV9,278.0,1.0,markapuram.png,Kunduru Nagarjuna Reddy,YSRCP,Markapuram,0,0,0,0,0,0,0,0,0,0,0,0,0
woyZj--KOfQ,2023-02-18,0.9869264960289,21592.0,TV9,509.0,100.0,markapuram.png,Kunduru Nagarjuna Reddy,YSRCP,Markapuram,0,0,0,0,0,1,0,0,1,0,0,0,0
pbFAl7QzMmQ,2023-02-18,-0.997161030769348,2789.0,TV9,124.0,0.0,markapuram.png,Kunduru Nagarjuna Reddy,YSRCP,Markapuram,0,0,0,0,0,0,0,0,0,0,0,0,0
tpPx8Pw192U,2023-02-20,0.9841288328170776,18631.0,TV9,469.0,1.0,markapuram.png,Kunduru Nagarjuna Reddy,YSRCP,Markapuram,1,0,1,0,0,0,0,0,0,0,0,0,0
Rj6sAAT-Dz0,2023-02-23,0.8452895879745483,6755.0,TV5,190.0,9.0,markapuram.png,Kunduru Nagarjuna Reddy,YSRCP,Markapuram,0,0,0,0,0,1,0,0,1,0,0,0,0
BL3dDfZjSIc,2023-02-23,-0.9966806769371032,9908.0,TV9,274.0,14.0,markapuram.png,Kunduru Nagarjuna Reddy,YSRCP,Markapuram,0,0,1,0,0,0,0,0,1,1,1,1,0
LwN0emsR9VM,2023-02-23,-0.9993346333503724,785.0,TV9,38.0,1.0,markapuram.png,Kunduru Nagarjuna Reddy,YSRCP,Markapuram,0,0,0,0,0,1,0,0,0,0,0,0,0
sFQ3ep_tI2o,2023-02-23,-0.9985243678092957,2246.0,TV9,345.0,6.0,markapuram.png,Kunduru Nagarjuna Reddy,YSRCP,Markapuram,0,0,0,0,0,0,0,0,0,0,0,0,0
DDgt6pRiuk4,2023-02-26,-0.9988686442375184,3178.0,TV9,207.0,3.0,markapuram.png,Kunduru Nagarjuna Reddy,YSRCP,Markapuram,0,0,0,0,0,0,0,0,0,0,0,0,0
dTH2jYxYKKc,2023-02-27,-0.9925104379653932,3813.0,TV9,250.0,4.0,markapuram.png,Kunduru Nagarjuna Reddy,YSRCP,Markapuram,0,0,0,0,0,0,0,0,0,0,0,0,0
HFGkOdLvjjg,2023-02-27,-0.9994660019874572,60609.0,TV9,348.0,34.0,markapuram.png,Kunduru Nagarjuna Reddy,YSRCP,Markapuram,0,0,0,0,0,0,0,0,0,0,0,0,0
dEeECYNxZ6Q,2023-02-28,-0.998883068561554,1606.0,ABN,115.0,2.0,markapuram.png,Kunduru Nagarjuna Reddy,YSRCP,Markapuram,0,0,0,0,0,0,0,0,0,0,0,0,0
De5Qf5YtFEQ,2023-02-28,0.9975538849830629,46387.0,TV9,214.0,16.0,markapuram.png,Kunduru Nagarjuna Reddy,YSRCP,Markapuram,0,0,0,0,0,0,0,0,1,0,0,0,0
-65RWMQ-k-o,2023-03-03,0.9980531930923462,3373.0,TV9,152.0,22.0,markapuram.png,Kunduru Nagarjuna Reddy,YSRCP,Markapuram,0,0,0,0,0,0,0,0,0,0,0,0,0
dO3JusHe0uM,2023-03-08,-0.9982914328575134,546.0,TV9,70.0,2.0,markapuram.png,Kunduru Nagarjuna Reddy,YSRCP,Markapuram,0,0,0,0,0,0,0,0,0,0,0,0,0
UwLAKwVQ7Mk,2023-03-10,-0.9948359727859496,8304.0,TV9,216.0,10.0,markapuram.png,Kunduru Nagarjuna Reddy,YSRCP,Markapuram,0,0,0,0,0,0,1,0,0,0,0,1,0
MhjnSXOu94w,2023-03-13,-0.9983673691749572,6508.0,Sakshi,173.0,46.0,markapuram.png,Kunduru Nagarjuna Reddy,YSRCP,Markapuram,0,1,1,0,0,1,1,1,0,1,0,1,0
MN3Qgn-sPl0,2023-03-13,0.998749017715454,7511.0,TV9,117.0,1.0,markapuram.png,Kunduru Nagarjuna Reddy,YSRCP,Markapuram,0,0,0,0,0,0,0,0,0,0,0,0,0
LhTNWVD-CyA,2023-03-18,-0.9992877840995787,7690.0,TV9,314.0,36.0,markapuram.png,Kunduru Nagarjuna Reddy,YSRCP,Markapuram,1,1,0,1,0,0,0,0,0,0,0,0,0
cC01bFtxvTY,2023-03-27,-0.9985948204994202,3371.0,Sakshi,135.0,6.0,markapuram.png,Kunduru Nagarjuna Reddy,YSRCP,Markapuram,0,0,0,1,1,1,0,1,0,0,0,0,0
bj0QFY148_k,2023-03-27,-0.9951371550559998,1454.0,Sakshi,310.0,7.0,markapuram.png,Kunduru Nagarjuna Reddy,YSRCP,Markapuram,0,0,0,0,1,1,0,0,0,0,0,0,0
VdCXXfawmuo,2023-03-27,0.9982141256332396,1419.0,Sakshi,301.0,4.0,markapuram.png,Kunduru Nagarjuna Reddy,YSRCP,Markapuram,1,0,0,0,1,1,0,0,0,0,0,1,0
K_cDAw1Cyqc,2023-03-27,-0.9988633394241332,1004.0,Sakshi,181.0,4.0,markapuram.png,Kunduru Nagarjuna Reddy,YSRCP,Markapuram,0,0,1,0,1,1,0,0,0,0,0,0,0
L9rHDy70ffk,2023-03-31,0.9965201616287231,683.0,TV9,56.0,1.0,markapuram.png,Kunduru Nagarjuna Reddy,YSRCP,Markapuram,0,0,1,1,1,0,0,1,0,1,1,0,0
LWVsgJrKnL8,2023-04-01,-0.9981212019920348,2089.0,TV9,203.0,0.0,markapuram.png,Kunduru Nagarjuna Reddy,YSRCP,Markapuram,0,0,0,0,0,0,0,0,0,0,0,0,0
igIAT3izpQE,2023-04-01,0.9973800778388976,5204.0,TV9,226.0,1.0,markapuram.png,Kunduru Nagarjuna Reddy,YSRCP,Markapuram,0,0,0,0,0,0,0,0,0,0,0,0,0
GBkX5Mhiadk,2023-04-01,-0.9836269617080688,1047.0,TV9,194.0,2.0,markapuram.png,Kunduru Nagarjuna Reddy,YSRCP,Markapuram,0,0,0,0,0,0,0,0,0,0,0,0,0
7ciTTxw--vQ,2023-04-01,-0.9986556768417358,1521.0,TV9,358.0,1.0,markapuram.png,Kunduru Nagarjuna Reddy,YSRCP,Markapuram,1,0,0,1,0,1,0,0,0,0,0,0,0
vsr2DHkPCIc,2023-04-02,0.9983080625534058,8162.0,Sakshi,182.0,11.0,markapuram.png,Kunduru Nagarjuna Reddy,YSRCP,Markapuram,0,0,0,1,1,1,1,0,0,0,0,0,0
o4Zh78Jylkk,2023-04-04,-0.9984729886054992,4209.0,TV9,303.0,7.0,markapuram.png,Kunduru Nagarjuna Reddy,YSRCP,Markapuram,0,0,0,0,0,0,0,0,0,0,0,0,0
gyBtNQFzOxA,2023-04-04,0.9959254264831544,1292.0,TV9,100.0,1.0,markapuram.png,Kunduru Nagarjuna Reddy,YSRCP,Markapuram,0,0,0,0,0,0,0,0,0,0,0,0,0
jOM5Yn_7J6Y,2023-04-04,0.9891371130943298,2990.0,TV9,242.0,3.0,markapuram.png,Kunduru Nagarjuna Reddy,YSRCP,Markapuram,0,1,1,0,0,0,0,0,0,0,0,0,0
Dpe0rgG84pQ,2023-04-06,-0.9854448437690736,4230.0,TV9,335.0,1.0,markapuram.png,Kunduru Nagarjuna Reddy,YSRCP,Markapuram,0,0,0,0,0,0,0,0,0,0,0,0,0
ajRKTgmb1ro,2023-04-07,0.9985256791114808,2026.0,TV9,230.0,3.0,markapuram.png,Kunduru Nagarjuna Reddy,YSRCP,Markapuram,0,0,0,0,0,0,0,0,0,0,0,0,0
IEMH9m7knBw,2023-04-07,-0.9338887333869934,1579.0,TV9,318.0,1.0,markapuram.png,Kunduru Nagarjuna Reddy,YSRCP,Markapuram,0,1,0,0,0,0,0,0,0,0,0,0,0
awGv7VRG-B0,2023-04-09,-0.9936103224754332,1404.0,TV9,172.0,2.0,markapuram.png,Kunduru Nagarjuna Reddy,YSRCP,Markapuram,0,0,0,0,0,0,0,1,0,0,0,1,1
zxw3qXktr4I,2023-04-09,-0.9986365437507628,652.0,TV9,336.0,0.0,markapuram.png,Kunduru Nagarjuna Reddy,YSRCP,Markapuram,0,0,0,1,0,0,0,0,0,0,0,0,0
N-xgqII2a2w,2023-04-09,-0.9847251772880554,579.0,TV9,244.0,0.0,markapuram.png,Kunduru Nagarjuna Reddy,YSRCP,Markapuram,0,0,0,0,0,0,0,0,0,0,0,0,0
eNQy7dGSuYM,2023-04-11,-0.9989180564880372,4649.0,TV9,171.0,7.0,markapuram.png,Kunduru Nagarjuna Reddy,YSRCP,Markapuram,0,0,0,0,0,0,0,0,0,0,0,0,0
Sd_bXhfMdLU,2023-04-11,-0.9902294278144836,947.0,TV9,58.0,6.0,markapuram.png,Kunduru Nagarjuna Reddy,YSRCP,Markapuram,0,0,0,0,0,0,0,0,1,0,0,0,0
RaVwSBrijBM,2023-04-11,0.9978514909744264,55130.0,Sakshi,212.0,51.0,markapuram.png,Kunduru Nagarjuna Reddy,YSRCP,Markapuram,0,0,1,1,1,0,0,0,0,0,0,0,0
dDF-vcj528Q,2023-04-12,-0.9984651803970336,1419.0,TV9,170.0,1.0,markapuram.png,Kunduru Nagarjuna Reddy,YSRCP,Markapuram,1,0,0,0,0,0,0,0,0,0,0,0,0
9m6-l3KHTOs,2023-04-12,0.9900924563407898,3409.0,TV9,308.0,9.0,markapuram.png,Kunduru Nagarjuna Reddy,YSRCP,Markapuram,1,1,1,1,0,1,1,0,0,0,0,0,0
8BjpRw7myAw,2023-04-12,-0.6324501037597656,2753.0,TV9,207.0,5.0,markapuram.png,Kunduru Nagarjuna Reddy,YSRCP,Markapuram,1,0,0,1,1,1,0,0,1,0,0,0,0
LU0Oequ7P-I,2023-04-13,0.9798852801322936,592.0,TV9,146.0,0.0,markapuram.png,Kunduru Nagarjuna Reddy,YSRCP,Markapuram,0,0,0,0,0,0,1,0,0,0,0,0,0
Z3EZDkXgfjQ,2023-04-15,0.997776210308075,1157.0,TV9,87.0,0.0,markapuram.png,Kunduru Nagarjuna Reddy,YSRCP,Markapuram,0,1,0,0,0,0,0,0,1,0,0,1,0
ZyJQaxP4lZ8,2023-04-15,-0.9960408210754396,1476.0,TV9,180.0,6.0,markapuram.png,Kunduru Nagarjuna Reddy,YSRCP,Markapuram,0,0,0,0,0,0,0,0,0,0,0,0,0
vqhwwC1xq68,2023-04-17,0.8717487454414368,2727.0,TV9,151.0,3.0,markapuram.png,Kunduru Nagarjuna Reddy,YSRCP,Markapuram,0,0,0,0,0,0,0,0,0,0,0,0,1
8rzJXHkx4os,2023-04-18,-0.9979265928268432,315.0,TV9,228.0,0.0,markapuram.png,Kunduru Nagarjuna Reddy,YSRCP,Markapuram,0,0,0,0,0,0,0,0,0,0,0,0,0
9Ce8H0Dwa1Y,2023-04-21,0.9970256686210632,1874.0,TV9,142.0,1.0,markapuram.png,Kunduru Nagarjuna Reddy,YSRCP,Markapuram,0,0,0,0,0,0,0,0,0,0,0,0,0
k1Bm6Os77Eg,2023-04-21,-0.9984399676322936,1122.0,ABN,199.0,8.0,markapuram.png,Kunduru Nagarjuna Reddy,YSRCP,Markapuram,0,0,1,0,0,0,0,0,0,0,0,0,0
