ids,upload_date,sentiment,view_count,uploader,duration,comment_count,f_id,name,party,constituency,tdp,ycp,ysrcp,schemes,cm jagan,chandrababu,pawan kalyan,nara lokesh,AP ,yuvagalam,amaravati,ambati rambabu,panchayat elections,Kuppam,janasena party,tdp pattabhi,ap employees,Sajjala ,ap assembly session today,Atchannaidu,high court,alliance,Peddireddy ,vangalapudi anitha,gudivada amarnath,polavaram,visakha,byreddy siddharth reddy
ddfS9NhPC2w,2019-12-22,0.9960131645202636,431573.0,Sakshi,411.0,0.0,undi.png,Mantena Ramaraju,TDP,Undi,0,0,0,0,0,1,0,0,1,0,0,0,0,0,0,0,0,0,0,0,0,0,0,0,0,0,0,0
_0OhIWjQ3vw,2019-12-26,0.9962729215621948,2494.0,Sakshi,359.0,6.0,undi.png,Mantena Ramaraju,TDP,Undi,0,0,0,0,0,0,0,0,0,0,0,0,0,0,0,0,0,0,0,0,0,0,0,0,0,0,0,0
hHJXcJ0eTFY,2020-03-03,0.9964595437049866,4819.0,Sakshi,332.0,1.0,undi.png,Mantena Ramaraju,TDP,Undi,0,0,0,0,0,0,0,0,0,0,0,0,0,0,0,0,0,0,0,0,0,1,0,0,0,0,0,0
hxYgw2IyzP0,2020-03-08,0.996994972229004,1816.0,Sakshi,192.0,1.0,undi.png,Mantena Ramaraju,TDP,Undi,0,0,0,0,0,0,0,0,1,0,0,0,0,0,0,0,0,0,0,0,0,0,0,0,0,0,1,0
XrBt58Gqkjo,2020-03-09,0.937455117702484,1929.0,Sakshi,296.0,0.0,undi.png,Mantena Ramaraju,TDP,Undi,0,0,1,0,1,0,0,0,0,0,0,0,0,0,0,0,0,0,0,0,0,0,0,0,0,0,0,0
GTjBbhzW-cY,2020-03-10,-0.9991832375526428,334390.0,Sakshi,408.0,91.0,undi.png,Mantena Ramaraju,TDP,Undi,0,0,1,0,0,1,0,0,1,0,0,0,0,0,0,0,0,0,0,0,0,0,0,0,0,0,0,0
S6TPYeXmMQQ,2020-03-14,-0.9940349459648132,2602.0,Sakshi,239.0,4.0,undi.png,Mantena Ramaraju,TDP,Undi,0,0,0,0,0,0,0,0,1,0,0,0,0,0,0,0,1,0,0,0,0,0,0,0,0,0,0,0
miSEPMvEGeM,2021-02-14,-0.99848735332489,207367.0,Sakshi,115.0,245.0,undi.png,Mantena Ramaraju,TDP,Undi,0,0,1,0,0,0,1,0,0,0,0,0,0,0,0,0,0,0,0,0,0,0,0,0,0,0,0,0
4BuC37wG0K0,2021-02-17,-0.9910826683044434,5462.0,Sakshi,219.0,0.0,undi.png,Mantena Ramaraju,TDP,Undi,1,1,1,1,0,0,0,0,0,1,0,1,1,0,0,0,0,0,0,0,0,0,0,1,0,1,0,0
-5ygnavO0cc,2021-02-20,0.9988514184951782,6706.0,Sakshi,38.0,5.0,undi.png,Mantena Ramaraju,TDP,Undi,1,1,1,0,0,1,0,0,0,0,0,0,1,1,0,0,0,0,0,0,0,0,0,0,0,0,0,0
AePNVWcnOb8,2021-02-21,0.9926671385765076,395.0,Sakshi,250.0,0.0,undi.png,Mantena Ramaraju,TDP,Undi,0,1,1,0,1,0,0,0,1,1,1,0,1,0,0,0,0,0,0,0,0,0,0,1,0,1,0,0
RpCmDflJjWU,2021-03-09,-0.980830729007721,8965.0,Sakshi,430.0,11.0,undi.png,Mantena Ramaraju,TDP,Undi,0,0,0,0,0,0,0,0,0,0,0,0,0,0,0,0,0,0,0,0,0,0,0,0,0,0,0,0
FWwChmaP6C0,2021-07-14,-0.9968889355659484,3630.0,Sakshi,585.0,15.0,undi.png,Mantena Ramaraju,TDP,Undi,0,0,0,0,0,0,0,0,0,0,0,0,0,0,0,0,0,0,0,0,0,0,0,0,0,0,0,0
kbPSa0G3jmk,2021-08-31,-0.998694121837616,3245.0,Sakshi,190.0,12.0,undi.png,Mantena Ramaraju,TDP,Undi,1,0,1,1,0,1,0,0,0,0,0,0,0,0,0,0,0,0,0,0,0,0,0,0,0,0,0,0
WaygrQhnY88,2021-10-26,-0.991607666015625,1342.0,Sakshi,334.0,5.0,undi.png,Mantena Ramaraju,TDP,Undi,0,0,1,0,0,0,0,0,0,0,0,0,0,0,0,0,0,0,0,0,0,0,0,0,0,0,0,0
OgkIACEhw8g,2021-11-11,-0.9962653517723083,3414.0,Sakshi,198.0,17.0,undi.png,Mantena Ramaraju,TDP,Undi,0,1,1,0,1,1,0,0,0,0,1,0,0,0,0,0,0,0,1,0,0,1,0,0,0,0,0,0
5vFUAbskTsw,2021-11-11,0.9984261989593506,795.0,Sakshi,265.0,2.0,undi.png,Mantena Ramaraju,TDP,Undi,0,0,1,0,0,0,0,0,0,0,0,0,0,0,0,0,0,1,0,0,0,0,0,0,0,0,0,0
YxE5wzKLzws,2021-12-14,0.9943110942840576,22526.0,Sakshi,222.0,129.0,undi.png,Mantena Ramaraju,TDP,Undi,0,1,1,1,1,0,0,0,1,1,0,0,0,0,0,0,1,1,0,0,0,0,0,0,0,0,0,0
3A1OzWGRQeM,2021-12-15,0.9936878085136414,2773.0,Sakshi,586.0,12.0,undi.png,Mantena Ramaraju,TDP,Undi,0,0,0,0,0,0,0,0,0,0,0,0,0,0,0,0,0,0,0,0,0,0,0,0,0,0,0,0
n8mBP2aNrYw,2021-12-29,-0.9878828525543212,12890.0,Sakshi,390.0,19.0,undi.png,Mantena Ramaraju,TDP,Undi,0,0,0,0,0,0,0,0,1,0,0,0,0,0,0,0,0,1,0,0,0,0,0,0,0,0,0,0
ptNZ14TWh0k,2021-12-29,-0.9950548410415648,3907.0,Sakshi,254.0,13.0,undi.png,Mantena Ramaraju,TDP,Undi,1,0,0,0,0,1,0,0,0,0,0,0,0,0,0,0,0,1,0,0,0,1,0,0,0,0,0,0
U5a64_naF_g,2021-12-29,0.9940137267112732,64647.0,Sakshi,192.0,170.0,undi.png,Mantena Ramaraju,TDP,Undi,0,0,0,0,0,1,0,0,0,0,0,0,0,0,0,0,0,1,0,0,0,0,0,0,0,0,0,0
5WVjxRMbI9U,2021-12-31,0.991348922252655,10963.0,Sakshi,366.0,36.0,undi.png,Mantena Ramaraju,TDP,Undi,0,0,0,0,0,0,0,0,0,0,0,0,0,0,0,0,0,0,0,0,0,0,0,0,0,0,0,0
IjnyXWAg-JI,2022-01-11,-0.913242757320404,2589.0,Sakshi,408.0,16.0,undi.png,Mantena Ramaraju,TDP,Undi,0,0,0,1,1,0,0,0,1,0,0,0,0,0,0,0,1,0,0,0,0,0,1,0,0,0,0,0
VUUpGJBzgTg,2022-02-02,-0.9956654906272888,10358.0,Sakshi,536.0,55.0,undi.png,Mantena Ramaraju,TDP,Undi,0,0,0,0,0,0,0,0,1,0,0,0,0,0,0,0,1,1,0,0,0,0,0,0,0,0,0,0
4rGAusTR1Ew,2022-02-02,-0.9980323910713196,9067.0,Sakshi,547.0,108.0,undi.png,Mantena Ramaraju,TDP,Undi,0,0,0,0,0,0,0,0,0,0,0,0,0,0,0,0,1,1,0,0,0,0,0,0,0,0,0,0
u62iTAgs3L8,2022-02-06,0.998161256313324,21092.0,Sakshi,278.0,78.0,undi.png,Mantena Ramaraju,TDP,Undi,0,0,0,0,0,0,0,0,1,0,0,0,0,0,0,0,0,1,0,0,0,0,0,0,0,0,0,1
UamNFa4UxaA,2022-02-07,0.9895917773246764,7748.0,Sakshi,534.0,34.0,undi.png,Mantena Ramaraju,TDP,Undi,0,0,0,0,1,0,0,0,0,0,0,0,0,0,0,0,1,1,0,0,0,0,0,0,0,0,0,0
P6qp1ZIkqYM,2022-02-15,0.9782343506813048,16831.0,Sakshi,572.0,167.0,undi.png,Mantena Ramaraju,TDP,Undi,0,0,0,0,0,0,0,0,0,0,0,0,0,0,0,0,0,1,0,0,0,0,0,0,0,0,0,0
W3PrtywCFuM,2022-02-17,0.9951183795928956,304862.0,Sakshi,456.0,506.0,undi.png,Mantena Ramaraju,TDP,Undi,0,0,0,0,1,0,0,0,1,0,0,0,0,0,0,0,0,0,0,0,0,0,0,0,0,0,0,0
11YDaiRlgo0,2022-02-20,-0.995184361934662,4285.0,Sakshi,300.0,14.0,undi.png,Mantena Ramaraju,TDP,Undi,1,1,1,1,0,0,0,0,0,0,0,0,0,0,0,0,0,0,0,0,0,0,0,0,0,0,0,0
sdufPIKdDR8,2022-02-21,0.996485471725464,4692.0,Sakshi,93.0,5.0,undi.png,Mantena Ramaraju,TDP,Undi,0,0,0,0,0,0,0,0,0,0,0,0,0,1,0,0,0,0,0,0,0,0,0,0,0,0,0,0
tO_CkdzhRZI,2022-03-03,-0.9979660511016846,5372.0,Sakshi,340.0,34.0,undi.png,Mantena Ramaraju,TDP,Undi,0,0,0,0,0,1,0,0,0,0,0,0,0,0,0,0,0,0,0,0,0,0,0,0,0,0,0,0
MBe63BVWjfo,2022-03-05,-0.9911288022994996,11209.0,Sakshi,351.0,58.0,undi.png,Mantena Ramaraju,TDP,Undi,0,0,0,1,0,1,0,1,1,0,0,0,0,0,0,0,0,0,0,1,0,0,1,0,0,0,0,0
EYbx0I37x6Y,2022-03-05,-0.9985112547874452,20534.0,Sakshi,191.0,131.0,undi.png,Mantena Ramaraju,TDP,Undi,1,0,1,0,1,1,0,0,0,0,0,0,0,0,0,0,0,0,0,0,0,0,1,0,0,1,0,0
XXsis_ShDvM,2022-03-05,-0.9977854490280152,2818.0,Sakshi,216.0,24.0,undi.png,Mantena Ramaraju,TDP,Undi,1,0,1,0,0,1,0,0,0,0,0,0,0,0,0,0,0,0,0,0,0,0,0,0,0,0,0,0
QzcCIhqsIdQ,2022-03-05,-0.9989134073257446,3421.0,Sakshi,358.0,18.0,undi.png,Mantena Ramaraju,TDP,Undi,1,0,1,1,0,1,0,1,1,0,0,0,0,0,0,1,0,0,0,0,0,0,0,0,0,0,0,0
uF-g4YLlDuo,2022-03-15,0.668643057346344,2845.0,Sakshi,157.0,6.0,undi.png,Mantena Ramaraju,TDP,Undi,0,0,0,0,0,1,0,0,1,0,0,0,0,0,0,0,0,0,0,0,0,0,0,0,0,0,0,0
ZS1S5VNKczQ,2022-03-24,0.9986200332641602,31089.0,Sakshi,148.0,160.0,undi.png,Mantena Ramaraju,TDP,Undi,0,0,0,0,1,0,0,0,1,0,0,0,0,0,0,0,0,0,1,0,0,0,0,0,0,0,0,0
MoTHz8p8ex8,2022-03-24,0.9887452721595764,237548.0,Sakshi,345.0,566.0,undi.png,Mantena Ramaraju,TDP,Undi,0,0,0,0,1,0,0,0,1,0,0,0,0,0,0,0,0,0,1,0,0,0,0,0,0,0,0,0
YXhg6EWZLEs,2022-04-11,0.9975542426109314,11280.0,Sakshi,281.0,9.0,undi.png,Mantena Ramaraju,TDP,Undi,0,1,1,1,1,0,0,0,1,1,0,0,0,0,0,0,0,0,1,0,0,1,0,1,0,1,1,1
AUFxLqJGCz4,2022-04-21,0.9981834292411804,8637.0,Sakshi,250.0,41.0,undi.png,Mantena Ramaraju,TDP,Undi,0,0,0,0,1,1,0,0,0,0,0,0,0,0,0,0,0,1,0,0,0,0,0,0,0,0,0,0
AS_mQOTHeqA,2022-04-22,0.998075008392334,2109.0,Sakshi,339.0,17.0,undi.png,Mantena Ramaraju,TDP,Undi,0,1,1,0,1,0,0,0,0,1,0,0,0,0,0,0,0,0,0,0,0,1,0,0,0,0,0,0
TxHILocuzPs,2022-05-09,0.9837579131126404,20743.0,Sakshi,396.0,97.0,undi.png,Mantena Ramaraju,TDP,Undi,0,0,0,0,1,0,1,0,0,0,0,0,0,0,0,0,0,1,0,0,0,1,0,0,0,0,0,0
xx13CsuKLhc,2022-05-10,-0.9988635778427124,82972.0,Sakshi,312.0,282.0,undi.png,Mantena Ramaraju,TDP,Undi,1,1,1,1,0,1,1,0,0,0,0,0,0,0,0,0,0,0,0,0,0,1,0,0,0,0,0,0
p3RTlKy7EaE,2022-05-10,-0.9991222023963928,156682.0,Sakshi,272.0,443.0,undi.png,Mantena Ramaraju,TDP,Undi,0,0,1,0,0,0,1,0,0,0,0,0,0,0,0,0,0,0,0,0,0,1,0,0,0,0,0,0
VBEK7nUHTNE,2022-05-17,0.9914323091506958,10923.0,Sakshi,423.0,3.0,undi.png,Mantena Ramaraju,TDP,Undi,0,0,1,0,0,0,0,0,1,0,0,0,0,0,0,0,0,0,0,0,0,0,0,0,0,0,0,0
BNAvXK2YbA4,2022-05-19,0.9986870884895324,501423.0,Sakshi,358.0,818.0,undi.png,Mantena Ramaraju,TDP,Undi,0,0,0,0,1,0,0,0,0,0,0,0,0,0,0,0,0,0,0,0,0,0,0,0,0,0,0,0
uJygcTgQPMY,2022-05-26,-0.9959343671798706,93132.0,Sakshi,201.0,575.0,undi.png,Mantena Ramaraju,TDP,Undi,0,0,1,0,1,0,1,0,0,0,0,0,0,0,0,0,0,0,0,0,0,0,0,0,0,0,0,0
_sw0uyclvOc,2022-06-07,0.9826679825782776,13965.0,Sakshi,324.0,69.0,undi.png,Mantena Ramaraju,TDP,Undi,1,0,1,0,1,0,1,0,0,0,0,0,0,0,1,0,0,1,0,0,0,1,0,0,0,0,0,0
HaP8pMzHgNE,2022-06-10,-0.5287312865257263,17804.0,Sakshi,318.0,47.0,undi.png,Mantena Ramaraju,TDP,Undi,0,0,0,1,1,1,0,0,1,0,0,0,0,0,0,0,0,0,0,0,0,0,0,0,0,0,0,0
NeEZM3A6QW4,2022-06-13,0.9980676770210266,9802.0,Sakshi,535.0,53.0,undi.png,Mantena Ramaraju,TDP,Undi,0,0,0,0,1,0,0,0,0,0,0,0,0,0,0,0,0,0,0,0,0,0,0,0,0,0,0,0
USU7jTwy4BE,2022-06-19,-0.984667181968689,5360.0,Sakshi,322.0,25.0,undi.png,Mantena Ramaraju,TDP,Undi,0,0,0,0,0,0,0,0,0,0,0,0,0,0,0,0,0,0,0,0,0,0,0,0,0,0,0,0
Ij1jOTb9Z8U,2022-06-23,0.996845006942749,126140.0,Sakshi,253.0,658.0,undi.png,Mantena Ramaraju,TDP,Undi,0,1,1,1,1,1,0,1,0,0,1,0,0,0,0,0,0,0,0,0,0,1,0,0,1,0,1,0
8OGvCSgR3Lg,2022-06-28,0.9958315491676332,920811.0,Sakshi,474.0,755.0,undi.png,Mantena Ramaraju,TDP,Undi,0,0,1,0,1,1,0,0,0,0,0,0,0,0,0,0,0,0,0,0,0,0,0,0,0,0,0,0
x9ZoztQzlvg,2022-06-28,-0.9736050963401794,1415.0,Sakshi,292.0,1.0,undi.png,Mantena Ramaraju,TDP,Undi,0,1,1,0,1,0,0,0,0,0,0,0,0,0,0,0,0,0,0,0,0,0,1,0,0,0,0,0
2C-r5dLTCdk,2022-06-29,-0.9934072494506836,1186.0,Sakshi,479.0,0.0,undi.png,Mantena Ramaraju,TDP,Undi,0,1,1,1,1,0,0,0,0,0,0,0,0,0,0,0,0,0,0,0,0,0,0,0,0,0,0,0
db4vYmHqnXI,2022-07-01,-0.9979020357131958,12596.0,Sakshi,386.0,41.0,undi.png,Mantena Ramaraju,TDP,Undi,0,0,0,0,1,1,0,0,0,0,0,0,0,0,0,0,0,1,0,0,0,0,0,0,0,0,0,0
_X-H0laKpBE,2022-07-07,0.9974702596664428,2638.0,Sakshi,249.0,3.0,undi.png,Mantena Ramaraju,TDP,Undi,0,1,1,0,1,0,0,0,1,1,0,0,0,0,0,0,0,0,0,0,0,0,0,0,0,0,0,0
n7RUXDtwrBU,2022-07-08,0.9985332489013672,437524.0,Sakshi,542.0,0.0,undi.png,Mantena Ramaraju,TDP,Undi,0,0,1,0,1,0,0,0,0,0,0,0,0,0,0,0,0,0,0,0,0,0,0,0,0,0,0,0
UBdTz7mFat8,2022-07-09,0.981603980064392,571593.0,Sakshi,537.0,626.0,undi.png,Mantena Ramaraju,TDP,Undi,0,0,1,0,1,0,0,0,0,0,0,0,0,0,0,0,0,0,0,0,0,0,0,0,0,0,0,0
neKsRtav4IM,2022-07-09,-0.9977430105209352,6406.0,Sakshi,274.0,16.0,undi.png,Mantena Ramaraju,TDP,Undi,0,0,1,0,1,0,0,0,0,0,0,0,0,0,0,0,0,0,0,0,0,0,0,0,1,0,0,0
uVlFA_hcve0,2022-07-12,-0.9928614497184752,344208.0,Sakshi,382.0,0.0,undi.png,Mantena Ramaraju,TDP,Undi,0,1,1,1,1,1,1,0,0,0,0,0,0,0,0,0,0,0,0,0,0,0,0,0,0,0,0,0
P8_OntL5PIs,2022-07-16,-0.9448382258415222,18697.0,Sakshi,150.0,39.0,undi.png,Mantena Ramaraju,TDP,Undi,0,1,1,0,1,0,0,0,0,0,0,0,0,0,0,0,0,1,0,0,0,0,0,0,0,0,0,0
9L9thsbIx1I,2022-07-25,0.9893993139266968,2407.0,Sakshi,65.0,8.0,undi.png,Mantena Ramaraju,TDP,Undi,0,0,0,0,1,1,0,0,0,0,0,0,0,0,0,0,0,0,0,0,0,0,0,0,0,0,0,0
eZLCCCKnIJU,2022-07-27,-0.9967251420021056,210378.0,Sakshi,204.0,244.0,undi.png,Mantena Ramaraju,TDP,Undi,0,0,0,0,1,1,0,0,0,0,0,0,0,0,0,0,0,0,0,0,0,1,0,0,0,0,0,0
wY6FC7klKS0,2022-07-27,-0.8801581859588623,25183.0,Sakshi,203.0,29.0,undi.png,Mantena Ramaraju,TDP,Undi,0,0,0,0,1,0,0,0,0,0,0,0,0,0,0,0,0,0,0,0,0,0,0,0,0,0,0,0
6VdWxU3YL5I,2022-07-28,-0.9744918346405028,8024.0,Sakshi,208.0,12.0,undi.png,Mantena Ramaraju,TDP,Undi,0,1,1,0,1,0,0,0,0,0,0,0,0,0,0,0,0,0,0,0,0,0,0,0,0,0,0,0
VdS1vR-JoGA,2022-08-02,0.9974278807640076,3392.0,Sakshi,514.0,7.0,undi.png,Mantena Ramaraju,TDP,Undi,0,0,0,0,1,1,0,1,0,0,0,0,0,0,0,0,0,0,0,0,0,0,0,0,0,0,0,0
KZXGIvPN8Uk,2022-08-07,-0.999293565750122,130032.0,Sakshi,84.0,472.0,undi.png,Mantena Ramaraju,TDP,Undi,1,0,0,0,0,1,0,1,0,0,0,0,0,0,0,0,0,0,0,0,0,0,0,0,0,0,1,0
cRY57obvdU8,2022-08-16,0.9958531856536864,11251.0,Sakshi,496.0,17.0,undi.png,Mantena Ramaraju,TDP,Undi,0,0,0,0,0,0,0,0,0,0,0,0,0,0,0,0,0,0,0,0,0,0,0,0,0,0,0,0
7YraAP_S8h4,2022-08-22,0.9860429763793944,2217.0,Sakshi,576.0,6.0,undi.png,Mantena Ramaraju,TDP,Undi,0,0,0,0,1,0,0,0,0,0,0,0,0,0,0,0,0,0,0,0,0,0,0,0,0,0,0,0
oh7HcuIZDis,2022-08-26,-0.9985186457633972,4065.0,TV5,145.0,7.0,undi.png,Mantena Ramaraju,TDP,Undi,0,0,0,0,0,1,0,0,0,0,0,0,0,1,0,0,0,0,0,0,0,0,0,0,0,0,0,0
7bOc9d_-Eoc,2022-08-29,0.9947988986968994,126392.0,TV5,293.0,62.0,undi.png,Mantena Ramaraju,TDP,Undi,1,1,1,0,0,0,0,0,0,0,0,0,0,0,0,0,0,0,0,0,0,0,0,0,0,0,0,0
Tw6_XFT9FdU,2022-08-31,0.9903979301452636,1510.0,TV5,65.0,1.0,undi.png,Mantena Ramaraju,TDP,Undi,1,0,0,1,0,0,0,0,1,0,0,0,0,0,0,0,0,0,0,0,0,1,0,0,0,0,1,0
RdQoVgqQTdk,2022-09-06,-0.9948568344116212,3401.0,TV5,295.0,4.0,undi.png,Mantena Ramaraju,TDP,Undi,1,1,1,0,0,1,0,0,0,1,0,0,1,0,0,1,0,0,0,0,0,0,0,0,0,1,1,0
l6P3Jnc0jn4,2022-09-07,-0.9967846870422364,16763.0,TV5,132.0,23.0,undi.png,Mantena Ramaraju,TDP,Undi,1,1,1,0,0,0,0,0,0,1,0,0,0,0,0,0,0,0,0,0,0,0,0,0,0,1,0,0
QhOFl6yK8uQ,2022-09-11,-0.999461591243744,422062.0,TV5,348.0,411.0,undi.png,Mantena Ramaraju,TDP,Undi,0,0,1,0,0,0,0,0,0,0,0,0,0,0,0,0,0,0,0,0,0,0,0,0,0,0,0,0
Y6SS2_5Uv5Q,2022-09-12,0.9983161687850952,2138.0,TV5,143.0,1.0,undi.png,Mantena Ramaraju,TDP,Undi,1,0,1,0,0,0,0,0,0,0,0,0,0,0,0,0,0,0,0,0,0,0,0,0,0,0,0,0
BOvXSOHcc_E,2022-09-12,0.9981982111930848,201808.0,TV5,520.0,417.0,undi.png,Mantena Ramaraju,TDP,Undi,0,0,0,0,0,0,0,0,1,0,0,0,0,0,0,0,0,0,0,0,0,0,0,0,0,0,0,0
UCu5BeCClnE,2022-09-12,-0.9740211367607116,4899.0,Sakshi,80.0,12.0,undi.png,Mantena Ramaraju,TDP,Undi,0,0,0,0,1,0,0,0,1,0,0,0,0,0,0,0,0,0,0,0,0,0,0,0,0,0,0,0
3B036kCSEV0,2022-09-13,-0.9945904016494752,105141.0,TV5,178.0,178.0,undi.png,Mantena Ramaraju,TDP,Undi,1,0,1,0,0,1,0,1,0,0,0,0,0,0,0,0,0,0,0,0,0,0,0,0,0,0,0,0
gawnyt6u2SA,2022-09-13,-0.9991912245750428,25706.0,Sakshi,504.0,121.0,undi.png,Mantena Ramaraju,TDP,Undi,0,0,0,1,0,1,0,0,0,0,1,0,0,0,0,0,0,0,0,0,0,0,0,0,0,0,0,0
1eTKiDvMGYY,2022-09-14,-0.9984520673751832,4685.0,TV5,230.0,7.0,undi.png,Mantena Ramaraju,TDP,Undi,1,0,0,0,1,0,0,0,1,0,1,0,0,0,1,0,0,0,0,0,1,0,0,0,0,0,0,0
EVXrg2yiLXQ,2022-09-15,-0.9897720217704772,1591.0,Sakshi,218.0,2.0,undi.png,Mantena Ramaraju,TDP,Undi,0,1,1,0,0,0,0,0,1,1,0,0,0,0,0,0,0,0,1,0,0,0,0,0,0,0,0,0
0gNRHgGZf8E,2022-09-15,-0.9790487289428712,38447.0,TV5,403.0,38.0,undi.png,Mantena Ramaraju,TDP,Undi,0,1,0,0,0,0,0,0,0,0,0,0,0,0,0,0,0,0,0,0,0,0,0,0,0,0,0,0
eV8jKEwj2vc,2022-09-15,-0.9963030815124512,4865.0,TV5,180.0,6.0,undi.png,Mantena Ramaraju,TDP,Undi,1,1,1,1,1,1,0,0,1,0,0,0,0,0,0,0,0,0,1,0,0,0,0,0,0,0,0,0
4iPagfoDBTA,2022-09-16,0.961049497127533,101662.0,TV5,270.0,73.0,undi.png,Mantena Ramaraju,TDP,Undi,1,0,0,0,1,0,0,0,0,0,0,0,0,0,0,0,0,0,1,0,0,0,0,0,0,0,0,0
b7_hg9AC2es,2022-09-16,0.9718637466430664,35363.0,TV5,480.0,36.0,undi.png,Mantena Ramaraju,TDP,Undi,0,0,0,0,0,0,0,0,0,0,0,0,0,0,0,0,0,0,0,0,0,0,0,0,0,0,0,0
0MMzcZrHxf0,2022-09-18,-0.9988079071044922,1678.0,TV5,150.0,5.0,undi.png,Mantena Ramaraju,TDP,Undi,1,1,1,0,1,0,0,0,0,0,0,0,0,0,0,0,1,0,0,0,0,0,0,0,0,0,0,0
bhz1vH88Gfo,2022-09-19,0.9940534234046936,2818.0,Sakshi,221.0,6.0,undi.png,Mantena Ramaraju,TDP,Undi,0,0,0,0,1,1,0,0,0,0,0,0,0,0,0,0,0,0,0,0,0,0,0,0,0,1,0,0
gbx8nI2o5Jk,2022-09-20,0.9931288957595824,15195.0,TV5,260.0,21.0,undi.png,Mantena Ramaraju,TDP,Undi,1,1,0,0,1,1,0,0,1,0,0,0,0,0,0,0,0,0,1,0,0,0,0,0,0,0,0,0
j7iSB6Fe_eU,2022-09-20,-0.9957990050315856,974.0,TV5,231.0,0.0,undi.png,Mantena Ramaraju,TDP,Undi,1,0,0,0,0,0,0,0,0,0,1,0,0,0,0,0,0,0,0,0,0,0,0,0,0,0,0,0
HWgUxwndAVs,2022-09-21,-0.996777355670929,2710.0,TV5,81.0,10.0,undi.png,Mantena Ramaraju,TDP,Undi,0,0,0,0,0,0,0,0,0,0,0,0,0,0,0,0,0,0,0,0,0,0,0,0,0,0,0,0
edKa2qWeBkM,2022-09-21,0.9951399564743042,29326.0,TV5,278.0,84.0,undi.png,Mantena Ramaraju,TDP,Undi,1,0,1,0,0,1,0,0,0,0,0,0,0,0,0,0,0,0,1,1,0,0,0,0,0,0,0,0
CJWXU67Vgdg,2022-09-21,-0.9982132911682128,12623.0,TV5,185.0,38.0,undi.png,Mantena Ramaraju,TDP,Undi,1,1,0,0,1,1,0,0,0,0,0,0,0,0,0,0,0,0,1,1,0,0,0,0,0,0,0,0
W0W3FX3bk5Y,2022-09-22,-0.9976361989974976,2614.0,Sakshi,297.0,15.0,undi.png,Mantena Ramaraju,TDP,Undi,0,1,1,0,1,1,0,0,1,0,0,0,0,0,0,0,0,1,1,0,0,0,0,0,0,0,0,0
Ly4B0TbXM2k,2022-09-22,0.9794802665710448,21557.0,Sakshi,475.0,93.0,undi.png,Mantena Ramaraju,TDP,Undi,0,0,0,0,0,1,0,0,0,0,0,0,0,0,0,0,0,1,0,0,0,0,0,0,0,0,0,0
QGh8u3j2voQ,2022-09-22,-0.9958751797676086,6918.0,TV5,351.0,11.0,undi.png,Mantena Ramaraju,TDP,Undi,0,1,1,0,1,0,0,0,0,0,0,0,0,0,1,0,1,0,1,0,0,0,0,0,0,1,0,0
Dlwb2zE4mNY,2022-09-23,0.9916749596595764,2356.0,TV5,557.0,1.0,undi.png,Mantena Ramaraju,TDP,Undi,0,0,0,0,0,0,0,0,0,0,0,0,0,0,0,0,0,0,0,0,0,0,0,0,0,0,0,0
Be9DfNpxNvU,2022-09-24,-0.9983878135681152,29628.0,TV5,141.0,167.0,undi.png,Mantena Ramaraju,TDP,Undi,1,0,0,0,0,0,0,0,0,0,1,0,0,0,0,0,0,0,0,0,0,0,0,0,0,0,0,0
ILY3IWUdNSo,2022-09-25,0.9977648258209229,81672.0,TV5,440.0,154.0,undi.png,Mantena Ramaraju,TDP,Undi,0,1,0,0,1,0,0,0,0,0,0,1,0,0,0,0,0,0,0,0,0,0,0,0,0,0,0,0
WsVrD4CP_BE,2022-09-27,-0.9940690994262696,2887.0,TV5,472.0,3.0,undi.png,Mantena Ramaraju,TDP,Undi,0,0,1,0,0,1,0,0,0,0,0,0,0,0,0,0,0,0,0,0,0,0,0,0,0,0,0,0
lwrg09oLtik,2022-10-02,-0.9976059198379515,1315.0,TV5,285.0,2.0,undi.png,Mantena Ramaraju,TDP,Undi,0,1,1,0,0,0,0,0,0,0,0,0,0,0,0,0,0,0,0,0,0,0,0,0,0,0,0,0
vnJeKQGz3DQ,2022-10-02,-0.9982093572616576,3458.0,Sakshi,504.0,20.0,undi.png,Mantena Ramaraju,TDP,Undi,0,0,0,0,0,1,0,1,0,0,0,0,0,0,0,0,0,0,0,0,0,0,0,0,0,0,0,0
-tHZdmnlN0M,2022-10-02,0.9960026144981384,1316.0,TV5,130.0,2.0,undi.png,Mantena Ramaraju,TDP,Undi,1,0,0,0,0,0,0,0,0,0,0,0,0,0,0,0,0,0,0,0,0,0,0,0,0,0,0,0
MhoNNtuvTAw,2022-10-04,0.9987099170684814,5327.0,TV5,311.0,6.0,undi.png,Mantena Ramaraju,TDP,Undi,1,0,0,0,0,0,0,0,0,0,0,0,0,0,0,0,0,0,0,0,0,0,0,0,0,0,0,0
YQzaniw3wbU,2022-10-06,0.974161982536316,12492.0,Sakshi,190.0,10.0,undi.png,Mantena Ramaraju,TDP,Undi,0,0,1,0,0,0,0,0,0,0,0,0,0,0,0,0,0,1,0,0,0,0,0,0,0,0,0,1
EO6w2LAEDfs,2022-10-10,-0.9986668825149536,147793.0,TV5,350.0,209.0,undi.png,Mantena Ramaraju,TDP,Undi,1,1,1,0,0,0,0,0,0,1,0,0,0,0,0,0,0,0,1,0,1,0,0,0,0,0,0,0
Fhyt-ftnR8M,2022-10-10,0.9925280809402466,794.0,TV5,258.0,0.0,undi.png,Mantena Ramaraju,TDP,Undi,0,0,1,1,0,0,0,0,0,0,0,0,0,0,0,0,0,0,0,0,0,0,0,0,0,0,0,0
4cohRXY8yc4,2022-10-11,-0.9923511147499084,261.0,ABN,86.0,0.0,undi.png,Mantena Ramaraju,TDP,Undi,0,0,0,0,0,0,0,0,0,0,0,0,0,0,0,0,0,0,0,0,0,0,0,0,0,0,0,0
5oTKLm4-Gu8,2022-10-12,-0.97026526927948,901.0,ABN,361.0,1.0,undi.png,Mantena Ramaraju,TDP,Undi,0,0,0,0,0,0,0,0,0,0,0,0,0,0,0,0,0,0,0,0,0,0,0,0,0,0,0,0
s8-LutKdQTA,2022-10-13,-0.9968464970588684,3758.0,TV5,270.0,0.0,undi.png,Mantena Ramaraju,TDP,Undi,1,1,1,0,1,1,0,0,0,1,0,0,0,0,1,0,0,0,0,0,0,1,0,0,0,1,0,0
_zaZmlq1GWE,2022-10-13,-0.9898744821548462,2596.0,TV5,385.0,4.0,undi.png,Mantena Ramaraju,TDP,Undi,0,1,0,0,0,0,1,0,0,0,0,0,0,0,0,0,0,0,0,0,0,0,0,0,0,0,1,0
-pzodNL1k1k,2022-10-14,-0.9980376362800598,20296.0,TV5,240.0,25.0,undi.png,Mantena Ramaraju,TDP,Undi,1,0,1,0,1,0,0,0,1,0,0,0,0,0,0,0,0,0,1,0,1,0,0,0,0,0,0,0
Ej6-kYEZ0Ws,2022-10-14,-0.993678867816925,1873.0,ABN,260.0,4.0,undi.png,Mantena Ramaraju,TDP,Undi,0,0,0,0,0,0,0,0,1,0,0,0,0,0,0,0,0,0,0,0,0,0,0,0,0,0,0,0
WnTO-WI_TJM,2022-10-15,0.9875546097755432,952.0,TV5,201.0,0.0,undi.png,Mantena Ramaraju,TDP,Undi,1,0,0,0,0,0,0,0,0,0,0,0,0,0,0,0,0,0,0,0,0,0,0,0,0,0,0,0
N4RlmhchQAM,2022-10-15,-0.9961190223693848,1518.0,ABN,131.0,0.0,undi.png,Mantena Ramaraju,TDP,Undi,0,1,1,0,0,0,0,0,0,0,0,0,0,0,0,0,0,0,0,0,0,0,0,0,0,0,1,0
tRmPDoZ84as,2022-10-15,0.9942325949668884,3360.0,Sakshi,371.0,6.0,undi.png,Mantena Ramaraju,TDP,Undi,0,0,0,1,1,0,0,0,0,0,0,0,0,0,0,0,1,0,0,0,0,0,0,0,0,0,0,0
6xvylfNUbrY,2022-10-16,0.9979079961776732,14143.0,Sakshi,561.0,144.0,undi.png,Mantena Ramaraju,TDP,Undi,0,0,1,0,0,0,1,0,1,0,0,0,0,0,0,0,0,0,0,0,0,0,0,0,1,0,1,0
mzhOS3gXHvE,2022-10-17,-0.982958734035492,10896.0,Sakshi,253.0,52.0,undi.png,Mantena Ramaraju,TDP,Undi,0,0,0,0,0,0,1,0,0,1,0,0,0,0,0,1,1,0,0,0,0,0,0,0,0,0,1,0
An2LBOYq8-g,2022-10-18,-0.996698796749115,2415.0,ABN,305.0,44.0,undi.png,Mantena Ramaraju,TDP,Undi,0,0,0,0,1,1,1,0,0,0,0,0,0,0,0,0,0,0,0,0,0,0,0,0,0,0,1,0
Go2kezoCslU,2022-10-18,0.9933949112892152,16875.0,Sakshi,391.0,186.0,undi.png,Mantena Ramaraju,TDP,Undi,0,0,0,0,0,0,1,0,0,0,0,0,0,0,1,0,0,0,0,0,0,0,0,0,1,0,0,0
AVMfZ12NYMw,2022-10-21,0.988799810409546,1379.0,ABN,69.0,4.0,undi.png,Mantena Ramaraju,TDP,Undi,0,0,0,0,0,0,0,0,0,0,0,0,0,0,0,0,0,0,0,0,0,0,0,0,0,0,0,0
EbRh9G8WeLM,2022-10-22,-0.9978458881378174,846.0,ABN,105.0,7.0,undi.png,Mantena Ramaraju,TDP,Undi,0,0,0,0,0,0,0,0,0,0,0,0,0,0,0,0,0,0,0,0,0,0,0,0,0,0,0,0
b-2tOUUrNJc,2022-10-22,-0.9861175417900084,800.0,ABN,90.0,1.0,undi.png,Mantena Ramaraju,TDP,Undi,0,0,0,0,0,0,0,0,0,0,0,0,0,0,0,0,0,0,0,0,0,0,0,0,0,0,0,0
a4k7vnExQq0,2022-10-22,-0.9785380959510804,423.0,ABN,128.0,0.0,undi.png,Mantena Ramaraju,TDP,Undi,0,0,0,1,0,0,0,0,0,0,0,0,0,0,0,0,0,0,0,0,0,0,0,0,0,0,0,0
3LqvlR5n24w,2022-10-25,0.9870240688323976,2406.0,ABN,228.0,1.0,undi.png,Mantena Ramaraju,TDP,Undi,0,0,0,0,0,0,0,0,0,0,0,0,0,0,0,0,0,0,0,0,0,0,0,0,0,0,0,0
uYoeIQuAaBc,2022-10-26,-0.9973503351211548,4049.0,Sakshi,78.0,14.0,undi.png,Mantena Ramaraju,TDP,Undi,0,0,0,0,0,0,0,1,0,0,0,0,0,0,0,0,0,0,0,0,0,0,0,0,0,0,0,0
8fEFD0Z5_jU,2022-10-27,0.930295467376709,8776.0,ABN,265.0,9.0,undi.png,Mantena Ramaraju,TDP,Undi,1,1,1,0,0,0,0,0,1,0,1,0,0,0,0,0,0,0,0,0,1,1,0,0,0,0,0,0
Uh2ckf441Xo,2022-10-28,-0.9979574680328368,2381.0,TV5,292.0,1.0,undi.png,Mantena Ramaraju,TDP,Undi,0,0,0,1,0,0,0,0,0,0,0,0,0,0,0,0,0,0,0,0,0,0,0,0,0,0,0,0
SppyxZAE9MY,2022-10-29,0.9972020387649536,5033.0,TV5,370.0,7.0,undi.png,Mantena Ramaraju,TDP,Undi,0,0,0,0,0,0,0,0,0,0,0,0,0,0,0,0,0,0,0,0,0,0,0,0,0,0,0,0
4wLUr5L1BPg,2022-10-29,-0.99442058801651,2425.0,Sakshi,287.0,6.0,undi.png,Mantena Ramaraju,TDP,Undi,0,1,1,0,1,1,0,0,0,0,0,0,0,0,0,0,0,0,0,0,1,0,0,0,0,0,0,0
shEQDV9Gn18,2022-11-01,-0.9992276430130004,20450.0,ABN,583.0,3.0,undi.png,Mantena Ramaraju,TDP,Undi,0,0,0,0,0,0,0,0,0,0,0,0,0,0,0,0,0,0,0,0,0,0,0,0,0,0,0,0
m-Q_c2g3Koc,2022-11-01,0.9954065084457396,636.0,ABN,324.0,3.0,undi.png,Mantena Ramaraju,TDP,Undi,0,0,1,1,1,0,0,0,1,0,1,0,0,0,0,0,0,0,0,0,0,1,0,0,0,0,1,0
f6BYQh9dkM0,2022-11-02,-0.9972209930419922,621.0,ABN,124.0,1.0,undi.png,Mantena Ramaraju,TDP,Undi,0,0,0,0,0,0,0,0,0,0,0,0,1,0,0,0,0,0,0,0,0,0,0,0,0,0,0,0
4u-DeuWCjsA,2022-11-03,-0.9992581009864808,1753.0,TV5,199.0,0.0,undi.png,Mantena Ramaraju,TDP,Undi,1,1,0,0,0,0,0,0,0,0,0,0,0,0,0,0,0,0,0,0,0,0,0,0,0,0,0,0
5Pe8A-heUQM,2022-11-03,-0.999206840991974,12661.0,TV5,329.0,12.0,undi.png,Mantena Ramaraju,TDP,Undi,1,1,1,0,1,0,0,0,0,0,0,0,0,0,1,0,0,0,0,0,0,0,0,0,0,0,0,1
DW9Lqnx8y30,2022-11-03,0.9956427812576294,5930.0,ABN,475.0,5.0,undi.png,Mantena Ramaraju,TDP,Undi,0,0,0,0,0,0,0,0,0,0,0,0,0,0,0,0,0,0,0,0,0,0,0,0,0,0,0,0
J__C3QSAz2w,2022-11-03,-0.9989895224571228,690.0,ABN,165.0,3.0,undi.png,Mantena Ramaraju,TDP,Undi,0,0,0,0,0,1,0,0,0,0,0,0,0,0,0,0,0,0,0,0,0,0,0,0,0,0,0,0
1nblW9eBNjM,2022-11-03,-0.9978964328765868,3410.0,TV5,80.0,3.0,undi.png,Mantena Ramaraju,TDP,Undi,1,0,0,0,1,0,0,0,0,0,0,0,0,0,0,0,0,0,0,0,0,0,0,0,0,0,1,0
0rD_OaBfTuk,2022-11-04,-0.99824321269989,16032.0,ABN,595.0,29.0,undi.png,Mantena Ramaraju,TDP,Undi,0,0,0,0,0,0,0,0,0,0,0,0,0,0,0,0,0,0,0,0,0,0,0,0,0,0,0,0
dCILcbpdCOg,2022-11-08,0.9685819149017334,49462.0,Sakshi,267.0,68.0,undi.png,Mantena Ramaraju,TDP,Undi,0,0,0,1,0,1,0,0,0,0,0,0,0,0,0,0,0,0,0,0,0,0,0,0,0,0,0,0
V-MBy4BM_ww,2022-11-08,-0.9971852898597716,5062.0,TV5,270.0,9.0,undi.png,Mantena Ramaraju,TDP,Undi,1,1,1,1,0,0,0,0,1,1,1,0,0,0,0,0,0,0,1,1,0,0,0,0,1,0,0,1
xgPaWoY4y2c,2022-11-09,-0.851651132106781,10403.0,ABN,295.0,23.0,undi.png,Mantena Ramaraju,TDP,Undi,0,0,0,0,0,0,0,0,0,0,0,0,0,0,0,0,0,0,0,0,0,1,0,0,0,0,0,0
beTvecFw-TE,2022-11-10,0.9971364736557008,19695.0,Sakshi,594.0,49.0,undi.png,Mantena Ramaraju,TDP,Undi,0,0,0,0,0,1,1,0,0,0,0,0,0,0,0,0,0,1,0,0,0,0,0,0,0,0,0,0
pXHWbBBiPfk,2022-11-10,-0.9902987480163574,1136.0,ABN,381.0,0.0,undi.png,Mantena Ramaraju,TDP,Undi,0,0,0,1,0,0,0,0,0,0,0,0,0,0,0,0,0,0,0,0,0,1,0,0,0,0,0,0
EYiAOF9I0kw,2022-11-10,-0.9942481517791748,10379.0,ABN,372.0,37.0,undi.png,Mantena Ramaraju,TDP,Undi,0,0,0,0,0,1,0,0,0,0,0,0,0,1,0,0,1,0,0,0,0,0,0,0,0,0,0,0
46rUPqL-zJI,2022-11-10,-0.9983813762664796,1342.0,Sakshi,193.0,8.0,undi.png,Mantena Ramaraju,TDP,Undi,0,0,0,0,0,1,1,0,0,0,0,0,0,0,0,0,0,1,0,0,0,0,0,0,0,0,0,0
vQOdPot-Jig,2022-11-10,0.9948822259902954,3143.0,Sakshi,313.0,5.0,undi.png,Mantena Ramaraju,TDP,Undi,0,1,1,1,0,1,1,0,1,1,1,0,0,1,0,0,0,1,1,1,0,0,0,1,0,1,1,1
xq8Grt2SSkI,2022-11-11,0.988875150680542,9827.0,ABN,525.0,15.0,undi.png,Mantena Ramaraju,TDP,Undi,0,0,0,0,0,0,0,0,0,0,0,0,0,0,0,0,0,0,0,0,0,0,0,0,0,0,0,0
Z0n98ygojFE,2022-11-11,-0.9936489462852478,33229.0,ABN,540.0,133.0,undi.png,Mantena Ramaraju,TDP,Undi,0,0,0,0,0,0,0,0,0,0,0,0,0,0,0,0,0,0,0,0,0,0,0,0,0,0,0,0
dVejiUS5j5o,2022-11-11,-0.9991371035575868,2512.0,ABN,597.0,4.0,undi.png,Mantena Ramaraju,TDP,Undi,0,0,0,0,0,0,0,0,0,0,0,0,0,0,0,0,0,0,0,0,0,0,0,0,0,0,0,0
3sTiC6McXPg,2022-11-13,0.9981186985969543,2111.0,Sakshi,466.0,10.0,undi.png,Mantena Ramaraju,TDP,Undi,0,0,0,0,1,0,0,0,0,0,0,0,0,0,0,0,0,0,0,0,0,0,0,0,0,0,0,0
8qUuswbR9Pw,2022-11-14,-0.9989399313926696,3976.0,ABN,210.0,3.0,undi.png,Mantena Ramaraju,TDP,Undi,1,0,0,0,0,1,0,0,0,0,0,0,0,0,0,1,0,0,0,0,1,0,0,0,0,0,0,0
xFGceIQm2Rs,2022-11-14,-0.9992963075637816,19067.0,ABN,255.0,25.0,undi.png,Mantena Ramaraju,TDP,Undi,0,0,0,1,0,0,0,0,0,0,1,0,0,0,1,0,0,0,0,0,0,0,0,0,0,0,0,0
Kl1FdzJsuzM,2022-11-14,0.993239402770996,956.0,TV5,90.0,0.0,undi.png,Mantena Ramaraju,TDP,Undi,1,1,1,0,0,0,0,0,0,0,0,0,0,0,0,0,0,0,0,0,0,0,0,0,0,0,0,0
y_FdPM76HHA,2022-11-15,0.9958833456039428,2282.0,ABN,100.0,0.0,undi.png,Mantena Ramaraju,TDP,Undi,0,0,0,0,0,0,0,0,0,0,0,0,0,0,0,0,0,0,0,0,0,0,0,0,0,0,0,0
238EPn0wfiY,2022-11-16,-0.9924920201301576,18274.0,TV5,185.0,100.0,undi.png,Mantena Ramaraju,TDP,Undi,1,0,0,0,0,1,0,0,0,0,0,0,0,0,0,0,0,0,0,0,0,0,0,0,0,0,0,0
1781gzHs_dk,2022-11-17,-0.9936931133270264,1996.0,TV5,294.0,2.0,undi.png,Mantena Ramaraju,TDP,Undi,1,0,0,0,0,0,0,0,0,0,0,0,1,0,0,0,0,0,0,0,0,1,0,0,0,0,0,0
07XcTptyXSU,2022-11-18,0.9888063669204712,23304.0,TV9,220.0,1.0,undi.png,Mantena Ramaraju,TDP,Undi,1,1,1,0,0,0,0,0,0,1,1,1,0,0,1,0,0,0,0,1,0,0,0,1,0,1,1,0
n8hydQI6TM0,2022-11-18,-0.9882827401161194,22916.0,ABN,270.0,29.0,undi.png,Mantena Ramaraju,TDP,Undi,0,0,0,0,0,0,0,0,0,0,0,0,0,0,0,0,0,0,0,0,0,0,0,0,0,0,0,0
vCtV2q9zm4Y,2022-11-18,0.9861515164375304,72543.0,Sakshi,336.0,99.0,undi.png,Mantena Ramaraju,TDP,Undi,0,0,1,0,0,1,0,0,0,0,0,0,1,0,0,0,0,0,1,0,1,0,0,0,0,0,0,0
dDZQ7b_M7g4,2022-11-18,0.9857777953147888,23609.0,TV9,228.0,1.0,undi.png,Mantena Ramaraju,TDP,Undi,1,1,1,0,0,0,0,1,0,1,0,0,0,0,0,0,0,0,0,0,0,0,0,1,0,0,1,0
CaleQGHZRWk,2022-11-19,0.9978373646736144,624.0,TV9,461.0,0.0,undi.png,Mantena Ramaraju,TDP,Undi,0,0,0,0,0,0,0,0,0,0,0,0,0,0,0,0,0,0,0,0,0,0,0,0,0,0,0,0
URHc47PmO6I,2022-11-20,-0.9942949414253236,2325.0,TV9,531.0,0.0,undi.png,Mantena Ramaraju,TDP,Undi,0,0,0,0,0,0,0,0,0,0,0,0,0,0,0,0,0,0,0,0,0,0,0,0,0,0,0,0
UX7LDmjPu78,2022-11-21,-0.9988046884536744,2869.0,ABN,225.0,4.0,undi.png,Mantena Ramaraju,TDP,Undi,1,0,1,0,0,0,0,0,0,1,1,1,0,0,1,0,0,0,1,0,0,0,1,0,0,1,1,0
yzNdzam-_eg,2022-11-21,-0.9978036284446716,2212.0,TV5,254.0,1.0,undi.png,Mantena Ramaraju,TDP,Undi,1,1,1,0,1,1,1,1,0,1,1,1,0,0,0,1,0,0,0,0,0,1,0,1,0,1,1,0
Kx9dptNPvV4,2022-11-21,-0.9951025247573853,3383.0,ABN,355.0,3.0,undi.png,Mantena Ramaraju,TDP,Undi,0,0,0,0,0,0,0,0,0,0,0,0,0,0,0,0,0,0,1,0,0,0,0,0,0,0,0,0
VJCmQNlRFVU,2022-11-21,-0.9968210458755492,1928.0,ABN,387.0,0.0,undi.png,Mantena Ramaraju,TDP,Undi,0,0,0,0,0,0,0,0,0,0,0,0,0,0,0,0,0,0,0,0,0,0,0,0,0,0,0,0
59ZI9CBIdB0,2022-11-21,-0.997847318649292,1510.0,ABN,265.0,3.0,undi.png,Mantena Ramaraju,TDP,Undi,0,0,0,0,0,0,0,0,0,0,0,0,0,0,0,0,0,0,0,0,0,0,0,0,0,0,0,0
vLgzRg4WOZE,2022-11-21,-0.9969995021820068,8525.0,ABN,350.0,11.0,undi.png,Mantena Ramaraju,TDP,Undi,1,0,0,0,0,0,0,0,1,0,0,0,0,0,0,0,0,0,0,0,0,0,0,0,0,0,0,0
sJlasUm7g2I,2022-11-21,-0.9966787099838256,3034.0,ABN,380.0,1.0,undi.png,Mantena Ramaraju,TDP,Undi,0,0,0,1,0,0,0,0,0,0,0,0,0,0,1,0,1,0,1,0,0,0,0,0,0,0,0,0
3q0HIaVpevg,2022-11-22,0.9904174208641052,1198.0,Sakshi,272.0,5.0,undi.png,Mantena Ramaraju,TDP,Undi,0,0,0,0,0,1,0,0,0,0,0,0,0,0,0,0,0,0,0,0,0,0,0,0,0,0,0,1
ntWqov-1rd8,2022-11-22,0.9986149072647096,1700.0,Sakshi,369.0,4.0,undi.png,Mantena Ramaraju,TDP,Undi,0,0,0,1,0,1,0,0,0,0,0,0,0,0,0,0,0,0,0,0,0,0,0,0,0,0,0,0
6gtXI8YJs3U,2022-11-22,0.9911822080612184,2421.0,TV9,201.0,1.0,undi.png,Mantena Ramaraju,TDP,Undi,0,0,0,0,0,0,0,0,0,0,0,0,0,0,0,0,0,0,0,0,0,0,0,0,0,0,0,0
NCh2Bv-NbAQ,2022-11-22,-0.9981600642204284,2563.0,TV9,305.0,1.0,undi.png,Mantena Ramaraju,TDP,Undi,0,0,1,0,0,0,0,0,0,0,0,0,0,0,0,0,0,0,0,0,0,0,0,0,0,0,0,0
LfVBB4xUNFU,2022-11-22,0.993442177772522,8225.0,ABN,495.0,31.0,undi.png,Mantena Ramaraju,TDP,Undi,0,0,0,0,0,0,0,0,0,0,0,0,0,0,0,0,0,0,0,0,0,0,0,0,0,0,0,0
EYoPD2mmZRY,2022-11-22,-0.9962368011474608,11735.0,TV9,191.0,22.0,undi.png,Mantena Ramaraju,TDP,Undi,0,0,0,0,0,0,0,0,0,0,0,0,0,0,0,0,0,0,0,0,1,0,0,0,0,0,0,0
wZiF6AtCMGo,2022-11-22,0.9980440139770508,423.0,TV9,88.0,0.0,undi.png,Mantena Ramaraju,TDP,Undi,0,1,1,0,0,0,0,0,0,0,0,0,0,0,0,0,0,0,0,0,0,0,0,0,0,0,0,0
tiJMDRcl-nE,2022-11-22,-0.9992703795433044,640.0,ABN,370.0,0.0,undi.png,Mantena Ramaraju,TDP,Undi,0,0,0,0,0,0,0,0,1,0,0,0,0,0,1,0,0,0,0,0,0,0,0,0,0,0,0,0
AOl5gOiBlPo,2022-11-22,-0.9954522252082824,11456.0,ABN,490.0,16.0,undi.png,Mantena Ramaraju,TDP,Undi,0,0,0,0,0,0,0,0,0,0,0,0,0,0,0,0,0,0,0,0,0,0,0,0,0,0,0,0
05yp6Pk86ug,2022-11-22,-0.9988844990730286,2359.0,ABN,215.0,5.0,undi.png,Mantena Ramaraju,TDP,Undi,0,0,0,0,0,0,0,0,0,0,0,0,0,0,0,0,0,0,0,0,0,0,0,0,0,0,0,0
Eq2XWmpTw0E,2022-11-22,-0.9806383848190308,2528.0,TV9,287.0,2.0,undi.png,Mantena Ramaraju,TDP,Undi,0,0,0,0,0,0,0,0,0,0,0,0,0,0,0,0,0,0,0,0,0,0,0,0,0,0,0,0
EZmxrRCxozs,2022-11-23,-0.9994396567344666,9852.0,Sakshi,303.0,6.0,undi.png,Mantena Ramaraju,TDP,Undi,0,0,0,1,0,1,0,0,0,0,0,0,0,0,0,0,0,0,0,0,0,0,0,0,0,0,0,0
VVF5kVBMwAA,2022-11-23,0.9859727621078492,4524.0,TV9,529.0,5.0,undi.png,Mantena Ramaraju,TDP,Undi,0,0,0,0,0,0,0,0,0,0,0,0,0,0,0,0,0,0,0,0,0,0,0,0,0,0,0,0
3crPg6qWDiU,2022-11-23,-0.994077205657959,3064.0,TV9,343.0,1.0,undi.png,Mantena Ramaraju,TDP,Undi,0,0,0,0,0,0,0,0,0,0,0,0,0,0,0,0,0,0,0,0,0,0,0,0,0,0,0,0
E_-RpgGBZbE,2022-11-24,0.983812689781189,2365.0,TV9,114.0,14.0,undi.png,Mantena Ramaraju,TDP,Undi,0,1,0,0,0,1,0,0,0,0,0,0,0,0,0,0,0,0,0,0,0,0,0,0,0,0,0,0
LnXxDT6viMs,2022-11-24,-0.9943654537200928,37824.0,TV9,217.0,2.0,undi.png,Mantena Ramaraju,TDP,Undi,0,0,0,0,0,0,0,0,0,0,0,0,0,0,0,0,0,0,0,0,0,0,0,0,0,0,0,0
BMVo1HXtw1E,2022-11-24,-0.9982262253761292,3174.0,TV5,153.0,6.0,undi.png,Mantena Ramaraju,TDP,Undi,0,0,0,0,0,1,0,0,0,0,0,0,0,0,0,0,0,0,0,0,0,0,0,0,0,0,0,0
nhZVjJcBcuk,2022-11-25,-0.9976999163627625,1098.0,TV9,167.0,0.0,undi.png,Mantena Ramaraju,TDP,Undi,1,0,0,0,0,0,0,0,1,0,0,0,0,0,0,0,0,0,0,0,0,0,0,0,0,0,0,0
69EulhzNOhQ,2022-11-25,-0.9931371212005616,1614.0,TV9,322.0,0.0,undi.png,Mantena Ramaraju,TDP,Undi,0,0,0,0,0,0,0,0,0,0,0,0,0,0,0,0,0,0,0,0,1,0,0,0,0,0,0,0
um090OJ1wYA,2022-11-25,-0.9957931041717528,5758.0,TV9,468.0,3.0,undi.png,Mantena Ramaraju,TDP,Undi,0,0,0,0,0,0,0,0,0,0,0,0,0,0,0,0,0,0,0,0,0,0,0,0,0,0,0,0
oz7UqVlOEe0,2022-11-26,-0.998615264892578,26726.0,TV9,219.0,5.0,undi.png,Mantena Ramaraju,TDP,Undi,0,0,0,0,0,1,0,0,1,0,0,0,0,0,0,0,0,0,0,0,0,0,0,0,0,0,0,0
2UwHW4xbT94,2022-11-26,-0.9971031546592712,2387.0,TV5,336.0,1.0,undi.png,Mantena Ramaraju,TDP,Undi,0,0,0,0,0,0,0,0,0,0,0,0,0,0,0,0,0,0,0,0,0,0,0,0,0,0,0,0
NzJSsCTqHI8,2022-11-26,-0.99680757522583,1095.0,TV5,378.0,0.0,undi.png,Mantena Ramaraju,TDP,Undi,0,0,0,0,0,0,0,0,0,0,0,0,0,0,0,0,0,0,0,0,0,0,0,0,0,1,0,1
NkKKATxdWfs,2022-11-27,-0.993747353553772,3056.0,TV9,258.0,0.0,undi.png,Mantena Ramaraju,TDP,Undi,0,0,0,0,0,0,0,0,0,0,0,0,0,0,0,0,0,0,0,0,0,0,0,0,0,0,0,0
B8teeYc1wT0,2022-11-27,-0.993999481201172,9213.0,TV5,495.0,10.0,undi.png,Mantena Ramaraju,TDP,Undi,0,1,0,0,0,1,0,0,0,0,0,0,0,0,0,0,0,0,0,0,0,0,0,0,0,0,0,0
MZsCpNgyAwY,2022-11-28,0.9911664128303528,5769.0,TV9,428.0,13.0,undi.png,Mantena Ramaraju,TDP,Undi,0,0,0,0,0,0,0,0,1,0,0,0,0,0,0,0,0,1,0,0,0,0,0,0,0,0,0,0
JDVTdItBfKo,2022-11-28,-0.9985210299491882,3412.0,ABN,100.0,7.0,undi.png,Mantena Ramaraju,TDP,Undi,0,0,0,1,0,0,0,0,1,0,0,0,1,0,0,0,0,0,0,0,1,0,0,0,0,0,0,0
iuS09UTPGHE,2022-11-29,0.9807834029197692,6112.0,Sakshi,343.0,8.0,undi.png,Mantena Ramaraju,TDP,Undi,0,0,0,0,0,1,1,0,0,0,0,0,0,0,0,0,0,0,0,0,0,0,0,0,0,0,0,0
wFLgxq8kBQI,2022-12-01,0.9980840682983398,988.0,TV9,174.0,0.0,undi.png,Mantena Ramaraju,TDP,Undi,0,0,0,0,0,0,0,0,0,0,0,0,0,0,0,0,0,0,0,0,1,0,0,0,0,0,0,0
FLO_aMD1b2U,2022-12-02,-0.9946674108505248,5114.0,TV9,531.0,7.0,undi.png,Mantena Ramaraju,TDP,Undi,0,0,0,0,0,0,0,0,0,0,0,0,0,0,0,0,0,0,0,0,0,0,0,0,0,0,0,0
_ltXlyIq6EQ,2022-12-02,-0.9950373768806458,1599.0,ABN,136.0,4.0,undi.png,Mantena Ramaraju,TDP,Undi,0,0,0,0,0,0,0,0,1,0,0,0,0,0,0,0,0,0,0,0,0,0,0,0,0,0,0,0
JW9qTFoirI8,2022-12-04,0.9979070425033568,1327.0,TV9,300.0,1.0,undi.png,Mantena Ramaraju,TDP,Undi,0,0,0,0,0,0,0,0,0,0,0,0,0,0,0,0,0,0,0,0,0,0,0,0,0,0,0,0
ArMIjyoYvDw,2022-12-04,-0.9952419996261596,54357.0,TV9,208.0,3.0,undi.png,Mantena Ramaraju,TDP,Undi,1,0,1,1,0,1,1,0,0,1,1,0,0,0,0,0,0,0,0,0,1,0,0,1,0,0,1,0
dJniZao4C7M,2022-12-04,0.9930485486984252,1515.0,TV5,155.0,1.0,undi.png,Mantena Ramaraju,TDP,Undi,0,0,0,0,0,0,0,0,0,0,0,0,0,0,0,0,0,0,0,0,0,0,0,0,0,0,0,0
VvX1sY-fHYA,2022-12-04,0.980113685131073,168632.0,TV5,380.0,227.0,undi.png,Mantena Ramaraju,TDP,Undi,0,0,1,0,0,1,0,0,0,0,0,0,0,0,0,0,0,0,0,0,0,0,0,0,0,0,0,0
FRV-HMc0WTc,2022-12-04,-0.9879469275474548,2628.0,ABN,264.0,1.0,undi.png,Mantena Ramaraju,TDP,Undi,0,0,0,0,0,0,0,0,0,0,0,0,0,0,0,0,0,0,0,0,0,0,0,0,0,0,0,0
I4h02TCx9AU,2022-12-04,-0.9924697279930116,3785.0,TV5,200.0,19.0,undi.png,Mantena Ramaraju,TDP,Undi,0,0,0,0,0,0,0,0,0,0,0,0,0,0,0,0,0,0,0,0,0,0,0,0,0,0,0,0
WoOHdWXBaTA,2022-12-04,0.9916220903396606,1140.0,ABN,155.0,0.0,undi.png,Mantena Ramaraju,TDP,Undi,0,0,0,1,0,0,0,0,0,0,0,0,0,0,0,0,0,0,0,0,0,0,0,0,0,0,0,0
HU_wD0BYsXw,2022-12-04,0.9984147548675536,43990.0,Sakshi,379.0,22.0,undi.png,Mantena Ramaraju,TDP,Undi,1,1,1,1,1,0,0,0,1,1,1,0,0,0,1,0,1,0,1,0,0,1,0,1,0,1,1,0
LiKaLluWemE,2022-12-04,-0.994937539100647,2404.0,TV9,534.0,5.0,undi.png,Mantena Ramaraju,TDP,Undi,0,0,0,0,0,0,0,0,0,0,0,0,0,0,0,0,0,0,0,0,0,0,0,0,0,0,0,0
8DpAqRV_F04,2022-12-05,-0.9980371594429016,993.0,ABN,303.0,2.0,undi.png,Mantena Ramaraju,TDP,Undi,0,0,0,0,0,0,0,0,0,0,0,0,0,0,0,0,0,0,0,0,0,0,0,0,0,0,0,0
M0E27-WSZ4A,2022-12-05,-0.999007284641266,1555.0,TV9,259.0,6.0,undi.png,Mantena Ramaraju,TDP,Undi,0,0,0,0,0,0,0,0,0,0,0,0,0,0,0,0,1,0,0,0,0,0,0,0,0,0,0,0
gbSReebP-u4,2022-12-05,0.9874089956283568,781.0,Sakshi,344.0,1.0,undi.png,Mantena Ramaraju,TDP,Undi,0,0,1,0,0,1,0,0,0,0,0,0,0,0,0,0,0,0,0,0,0,0,0,0,0,0,0,0
gWeGbTrBAfM,2022-12-06,-0.9985752105712892,3678.0,TV9,172.0,0.0,undi.png,Mantena Ramaraju,TDP,Undi,0,0,0,0,0,0,0,0,0,0,0,0,0,0,0,0,0,0,0,0,0,0,0,0,0,0,0,0
D3q5op8UvPA,2022-12-06,-0.9926527738571168,4435.0,ABN,585.0,7.0,undi.png,Mantena Ramaraju,TDP,Undi,0,0,0,0,0,0,0,0,0,0,0,0,0,0,0,0,0,0,0,0,0,0,0,0,0,0,0,0
DHjQDIxZqxA,2022-12-06,-0.992616593837738,30145.0,ABN,455.0,12.0,undi.png,Mantena Ramaraju,TDP,Undi,0,0,0,0,0,0,0,0,0,0,0,0,0,0,0,0,0,0,0,0,0,0,0,0,0,0,0,0
mddPm2vFFfU,2022-12-07,0.9545135498046876,2950.0,Sakshi,159.0,6.0,undi.png,Mantena Ramaraju,TDP,Undi,0,1,1,1,1,1,0,0,0,0,0,0,0,0,0,0,0,0,1,0,0,1,0,0,0,0,1,0
VO6KRy6hxRo,2022-12-07,0.996480405330658,1314.0,TV9,157.0,2.0,undi.png,Mantena Ramaraju,TDP,Undi,1,1,1,0,0,1,0,0,1,1,0,0,0,0,1,0,0,0,0,0,0,1,0,0,0,1,1,0
G4UKNbDLw0M,2022-12-07,0.998358428478241,1699.0,TV9,335.0,5.0,undi.png,Mantena Ramaraju,TDP,Undi,0,1,1,1,0,0,0,0,0,0,0,0,0,0,0,0,0,0,1,0,0,1,0,0,0,0,0,0
RD4q8IkDwfY,2022-12-08,-0.9927599430084229,3072.0,TV9,111.0,3.0,undi.png,Mantena Ramaraju,TDP,Undi,0,0,0,0,0,0,0,0,0,0,0,0,0,0,0,0,0,1,0,0,0,0,0,0,0,0,0,0
wwjNQ9F0oG4,2022-12-08,-0.9966118931770324,2299.0,ABN,165.0,4.0,undi.png,Mantena Ramaraju,TDP,Undi,0,0,0,0,0,0,0,0,1,0,0,0,0,0,0,0,0,0,0,0,0,0,0,0,0,0,0,0
c3uC430EtJA,2022-12-08,0.9913500547409058,3656.0,TV9,325.0,20.0,undi.png,Mantena Ramaraju,TDP,Undi,0,1,1,0,1,0,0,0,1,0,0,0,0,0,0,0,0,1,0,0,0,0,0,0,0,0,0,0
M45cX3YJZFc,2022-12-08,0.998330533504486,9743.0,TV9,181.0,11.0,undi.png,Mantena Ramaraju,TDP,Undi,0,0,0,0,0,0,0,0,1,0,0,0,0,0,0,0,0,0,0,0,0,0,0,0,0,0,0,0
G0N-Hbvf_4E,2022-12-08,0.9981946349143982,6322.0,TV5,125.0,6.0,undi.png,Mantena Ramaraju,TDP,Undi,0,0,0,0,0,0,0,0,0,0,0,0,0,0,0,0,0,0,0,0,0,0,0,0,0,0,0,0
lV0qWG2oWe4,2022-12-08,0.9947956204414368,6132.0,TV9,202.0,6.0,undi.png,Mantena Ramaraju,TDP,Undi,1,0,0,1,0,0,0,0,0,1,0,0,0,0,0,0,0,0,0,0,0,0,0,1,0,1,1,0
onT1_7xI6I8,2022-12-09,0.9950763583183287,145806.0,TV5,160.0,116.0,undi.png,Mantena Ramaraju,TDP,Undi,1,0,0,0,0,1,0,0,0,0,0,0,0,0,0,0,0,0,0,0,0,0,0,0,0,0,0,0
9qMJBvVVJsQ,2022-12-09,-0.9940010905265808,222.0,TV9,305.0,0.0,undi.png,Mantena Ramaraju,TDP,Undi,0,0,0,1,0,1,0,0,0,0,0,0,0,0,0,0,0,0,0,0,0,0,0,0,0,0,0,0
flFYl_tHnvc,2022-12-09,-0.998630702495575,1161.0,TV9,237.0,1.0,undi.png,Mantena Ramaraju,TDP,Undi,0,1,0,0,0,0,0,0,0,0,0,0,0,0,0,0,0,1,0,0,0,0,0,0,0,0,0,0
i-UA6zyqbKc,2022-12-09,-0.9993929862976074,4785.0,TV9,211.0,3.0,undi.png,Mantena Ramaraju,TDP,Undi,0,0,0,0,0,0,0,0,0,0,0,0,0,0,0,0,0,0,0,0,0,0,0,0,0,0,0,0
2cTVUaE8E5A,2022-12-09,0.920008897781372,2036.0,TV9,185.0,1.0,undi.png,Mantena Ramaraju,TDP,Undi,0,0,0,1,0,1,0,0,0,0,0,0,0,0,0,0,0,0,0,0,0,0,0,0,0,0,0,0
WDa41aF7Jmo,2022-12-09,-0.9927678108215332,1090.0,TV9,124.0,2.0,undi.png,Mantena Ramaraju,TDP,Undi,0,0,0,0,0,0,0,0,0,0,0,0,0,0,0,0,0,0,0,0,0,0,0,0,0,0,0,0
rxL1Hc3D3E0,2022-12-09,0.9902701377868652,451.0,TV5,70.0,2.0,undi.png,Mantena Ramaraju,TDP,Undi,0,0,0,0,0,0,0,0,0,0,0,0,0,0,0,0,0,0,0,0,0,0,0,0,0,0,0,0
-S4QYOHq2Nw,2022-12-09,-0.9983383417129515,17495.0,TV9,284.0,14.0,undi.png,Mantena Ramaraju,TDP,Undi,0,1,1,1,0,0,0,0,0,0,0,0,0,0,1,0,0,0,0,0,0,1,0,0,0,0,0,0
-aNDGhfRFe0,2022-12-11,0.9983469247817992,1204.0,Sakshi,573.0,6.0,undi.png,Mantena Ramaraju,TDP,Undi,0,0,0,0,0,1,1,0,0,0,0,0,0,0,0,0,0,0,0,0,0,0,0,0,0,0,0,0
4Xi43FwdpOU,2022-12-11,-0.995301365852356,3928.0,TV9,158.0,4.0,undi.png,Mantena Ramaraju,TDP,Undi,0,0,0,0,0,0,0,0,0,0,0,0,0,0,0,0,0,0,1,0,0,0,0,0,0,0,0,0
7D5cLZ9duRk,2022-12-12,-0.9375792741775512,1903.0,ABN,230.0,2.0,undi.png,Mantena Ramaraju,TDP,Undi,0,1,1,0,0,0,0,0,0,1,0,0,0,0,0,0,0,0,0,0,0,0,0,0,0,0,0,0
dypwt9TsSAI,2022-12-12,0.9927769899368286,1792.0,TV9,60.0,17.0,undi.png,Mantena Ramaraju,TDP,Undi,0,0,0,0,0,0,0,0,0,0,0,0,0,0,0,0,0,0,0,0,0,0,0,0,0,0,0,0
UeL5BY0g55w,2022-12-12,-0.9994788765907288,5940.0,ABN,360.0,13.0,undi.png,Mantena Ramaraju,TDP,Undi,1,1,1,0,0,0,0,0,0,1,0,0,0,0,0,0,0,0,0,0,0,0,0,0,0,0,0,0
Rm_Ki2xK0GY,2022-12-12,-0.9971730709075928,12919.0,ABN,410.0,10.0,undi.png,Mantena Ramaraju,TDP,Undi,0,0,0,0,0,0,0,0,0,0,0,0,0,0,0,0,0,0,0,0,0,0,0,0,0,0,0,0
DrrrqcmkP_k,2022-12-12,-0.9845396876335144,18781.0,ABN,415.0,31.0,undi.png,Mantena Ramaraju,TDP,Undi,0,0,0,0,0,0,0,0,0,0,0,0,0,0,0,0,0,0,0,0,0,0,0,0,0,0,0,0
udjSeuidMGQ,2022-12-12,-0.9973022937774658,22095.0,ABN,430.0,49.0,undi.png,Mantena Ramaraju,TDP,Undi,0,0,0,0,0,0,0,0,0,0,0,0,0,0,0,0,0,0,0,0,0,0,0,0,0,0,0,0
erMrkKKuF9k,2022-12-12,0.9707358479499816,9406.0,ABN,380.0,17.0,undi.png,Mantena Ramaraju,TDP,Undi,0,0,0,0,0,0,0,0,0,0,0,0,0,0,0,0,0,0,0,0,0,0,0,0,0,0,0,0
eJjXvZ0PaZ0,2022-12-12,-0.998985230922699,9871.0,ABN,93.0,37.0,undi.png,Mantena Ramaraju,TDP,Undi,1,0,1,0,0,0,0,0,0,1,0,1,0,0,0,0,0,0,1,1,0,0,0,0,0,1,1,1
R9T0VT8iTHM,2022-12-12,0.9983862638473512,8821.0,Sakshi,487.0,209.0,undi.png,Mantena Ramaraju,TDP,Undi,0,0,0,0,0,1,1,0,0,0,1,0,0,0,0,0,0,0,0,0,0,0,0,0,1,0,0,0
z9gy0rJ5HxA,2022-12-13,0.9856131672859192,4340.0,Sakshi,324.0,11.0,undi.png,Mantena Ramaraju,TDP,Undi,0,1,1,0,0,0,1,0,0,0,0,0,0,0,0,0,0,1,0,0,0,1,0,0,0,0,0,0
Mzl91-WnCYc,2022-12-13,-0.9980126619338988,335.0,Sakshi,133.0,2.0,undi.png,Mantena Ramaraju,TDP,Undi,0,1,0,1,1,1,0,0,0,0,0,0,0,0,0,0,0,0,0,0,0,0,0,0,0,0,0,0
Vgk-BA0A2tQ,2022-12-14,0.9988070726394652,2658.0,TV9,223.0,7.0,undi.png,Mantena Ramaraju,TDP,Undi,0,1,1,0,0,0,0,0,0,0,0,0,0,0,0,0,1,0,0,0,0,0,0,0,0,0,0,0
YsK23FRLu5M,2022-12-14,-0.9955658316612244,8050.0,ABN,260.0,8.0,undi.png,Mantena Ramaraju,TDP,Undi,0,1,1,0,0,0,0,0,0,1,0,0,0,0,0,0,0,0,0,0,0,0,0,0,0,0,0,0
MxxBix0729I,2022-12-14,-0.9968971014022828,4088.0,TV9,233.0,7.0,undi.png,Mantena Ramaraju,TDP,Undi,0,0,0,0,0,0,0,0,0,0,0,0,0,0,0,0,0,0,0,0,0,0,0,0,0,0,0,0
vSIVMAl3lkc,2022-12-15,-0.998765468597412,1690.0,Sakshi,133.0,3.0,undi.png,Mantena Ramaraju,TDP,Undi,0,1,1,1,0,1,0,0,1,1,0,1,0,0,0,0,0,0,0,0,0,1,0,0,0,0,1,0
vkj9-xFGROg,2022-12-15,-0.9991301894187928,1135.0,Sakshi,110.0,2.0,undi.png,Mantena Ramaraju,TDP,Undi,0,0,0,0,0,1,0,0,1,0,0,0,0,0,0,0,1,0,0,0,0,0,0,0,0,0,0,0
BJy-zT5t2Bc,2022-12-15,-0.9986823201179504,2371.0,Sakshi,219.0,10.0,undi.png,Mantena Ramaraju,TDP,Undi,0,1,1,1,0,1,0,0,1,0,0,0,0,0,1,0,0,0,1,0,0,0,0,0,0,0,0,0
OYloNSVqETU,2022-12-15,-0.9970833659172058,1679.0,TV9,206.0,10.0,undi.png,Mantena Ramaraju,TDP,Undi,0,0,0,1,0,1,0,0,0,0,0,0,0,0,0,0,0,0,0,0,0,1,0,0,0,0,0,0
z8MhFsPsYM8,2022-12-16,-0.9885606169700624,3353.0,ABN,470.0,0.0,undi.png,Mantena Ramaraju,TDP,Undi,0,0,0,0,0,0,0,0,0,0,0,0,0,0,0,0,0,0,0,0,0,0,0,0,0,0,0,0
JSTq1RB06_U,2022-12-16,-0.9956048727035522,3047.0,ABN,525.0,4.0,undi.png,Mantena Ramaraju,TDP,Undi,0,0,0,0,0,0,0,0,0,0,0,0,0,0,0,0,0,0,0,0,0,0,0,0,0,0,0,0
5nLnHVYwGQg,2022-12-16,-0.999472439289093,28480.0,ABN,555.0,31.0,undi.png,Mantena Ramaraju,TDP,Undi,0,0,0,0,0,0,0,0,0,0,0,0,0,0,0,0,0,0,0,0,0,0,0,0,0,0,0,0
Zz8hO9sNRsI,2022-12-17,0.9967341423034668,31248.0,ABN,360.0,24.0,undi.png,Mantena Ramaraju,TDP,Undi,0,0,0,0,0,0,0,0,0,0,0,0,0,0,0,0,0,0,0,0,0,0,0,0,0,0,0,0
ZKE2Lxd08AE,2022-12-17,-0.9914242625236512,9790.0,ABN,235.0,21.0,undi.png,Mantena Ramaraju,TDP,Undi,0,1,1,0,0,0,0,0,0,0,0,0,0,0,0,0,0,0,0,0,0,0,0,0,0,0,0,0
hEGKsF86RfQ,2022-12-17,0.998542308807373,441.0,TV9,117.0,0.0,undi.png,Mantena Ramaraju,TDP,Undi,0,0,0,0,0,0,0,0,0,0,0,0,0,0,0,0,0,0,0,0,0,0,0,0,0,0,0,0
YQTFbjtKX7A,2022-12-17,-0.9973002076148988,6499.0,TV5,585.0,8.0,undi.png,Mantena Ramaraju,TDP,Undi,1,0,0,0,1,1,0,0,1,1,0,0,0,0,0,0,1,0,0,0,0,0,0,0,0,0,0,0
uGJDh55b6co,2022-12-18,-0.9978296160697936,214856.0,TV9,263.0,147.0,undi.png,Mantena Ramaraju,TDP,Undi,0,0,0,0,0,0,0,0,0,0,0,0,0,0,0,0,0,0,0,0,0,0,0,0,0,0,0,0
B55Yq54Q058,2022-12-19,-0.996299684047699,331.0,TV5,135.0,0.0,undi.png,Mantena Ramaraju,TDP,Undi,0,0,0,0,0,0,0,0,1,0,0,0,0,0,0,0,0,0,0,0,0,0,0,0,0,0,0,0
mL2VIbZ-nkk,2022-12-19,0.993181049823761,2388.0,TV5,288.0,9.0,undi.png,Mantena Ramaraju,TDP,Undi,0,0,0,0,0,0,0,0,0,0,0,0,0,0,0,0,0,0,0,0,0,0,0,0,0,0,0,0
7zqZIiuw9Zs,2022-12-19,-0.9983148574829102,1460.0,TV5,160.0,3.0,undi.png,Mantena Ramaraju,TDP,Undi,1,1,0,0,1,0,0,0,1,0,0,0,0,0,0,0,0,0,0,0,0,0,0,0,0,0,0,0
3pMKfHrc1xY,2022-12-20,-0.9979720711708068,1206.0,ABN,385.0,2.0,undi.png,Mantena Ramaraju,TDP,Undi,0,0,0,0,0,0,0,0,1,0,0,0,0,0,0,0,0,0,0,0,0,0,0,0,0,0,0,0
A8uzRhCNG6U,2022-12-20,0.9564164280891418,3247.0,TV9,182.0,4.0,undi.png,Mantena Ramaraju,TDP,Undi,1,0,1,0,0,0,0,0,0,1,0,1,0,0,0,0,1,0,0,0,0,1,0,0,0,1,0,0
ajcSKElB3tk,2022-12-21,0.9975426197052002,2316.0,TV5,545.0,5.0,undi.png,Mantena Ramaraju,TDP,Undi,0,1,0,0,0,0,0,0,1,0,0,0,0,0,0,0,0,0,0,0,0,0,0,0,0,0,0,0
8vwnFIfhDV0,2022-12-21,0.99604332447052,3180.0,ABN,585.0,16.0,undi.png,Mantena Ramaraju,TDP,Undi,1,0,1,0,1,0,0,0,1,0,0,0,0,0,0,0,0,0,1,1,0,0,0,0,0,0,0,0
nzIkCEasKDw,2022-12-21,0.9619418382644652,8613.0,ABN,225.0,12.0,undi.png,Mantena Ramaraju,TDP,Undi,1,0,1,1,0,1,0,0,0,1,1,1,0,0,0,0,0,0,0,0,0,1,0,1,0,1,1,0
hYfQ8oju694,2022-12-22,0.9886360168457032,3175.0,ABN,240.0,0.0,undi.png,Mantena Ramaraju,TDP,Undi,0,0,0,0,0,0,0,0,0,0,0,0,0,0,0,0,0,0,0,0,0,0,0,0,0,0,0,0
xiwqDFGxvig,2022-12-23,-0.9940352439880372,1571.0,TV9,230.0,3.0,undi.png,Mantena Ramaraju,TDP,Undi,0,0,0,1,0,0,0,0,0,0,0,0,0,0,0,0,0,0,0,0,0,1,0,0,0,0,0,0
xNM0UiQ2NRM,2022-12-23,-0.9913181066513062,8459.0,ABN,223.0,6.0,undi.png,Mantena Ramaraju,TDP,Undi,0,0,0,0,0,0,0,0,0,0,0,0,0,0,0,0,0,0,0,0,0,0,0,0,0,0,0,0
1HwafDqNOmU,2022-12-23,-0.9968491196632384,835.0,TV9,160.0,0.0,undi.png,Mantena Ramaraju,TDP,Undi,0,0,0,0,0,0,0,0,0,0,0,0,0,0,0,0,0,0,0,0,0,0,0,0,0,0,0,0
pv_PRpnL4uM,2022-12-24,0.9627134203910828,3269.0,TV9,183.0,3.0,undi.png,Mantena Ramaraju,TDP,Undi,0,0,0,0,0,0,1,0,1,0,0,0,0,0,0,0,0,0,0,0,0,0,0,0,0,0,0,0
idIhHBG-Grc,2022-12-25,0.997534990310669,7632.0,TV9,276.0,7.0,undi.png,Mantena Ramaraju,TDP,Undi,0,0,0,0,0,0,0,0,0,0,0,0,0,0,0,0,0,0,0,0,0,1,0,0,0,0,0,0
b3PDLVVVMfY,2022-12-25,0.996385097503662,7609.0,TV9,256.0,3.0,undi.png,Mantena Ramaraju,TDP,Undi,0,0,0,0,0,0,0,0,0,0,0,0,0,0,0,0,0,0,0,0,0,0,0,0,0,0,0,0
LZuzcnidMgg,2022-12-26,-0.9858044385910034,980.0,TV9,527.0,0.0,undi.png,Mantena Ramaraju,TDP,Undi,0,0,0,0,0,0,0,0,0,0,0,0,0,0,0,0,0,0,0,0,0,0,0,0,0,0,0,0
ErMl_qWeGWY,2022-12-26,-0.9916018843650818,4285.0,TV9,250.0,1.0,undi.png,Mantena Ramaraju,TDP,Undi,0,0,0,0,0,0,0,0,0,0,0,0,0,0,0,0,0,0,0,0,0,0,0,0,0,0,0,0
yDa_usnJNTc,2022-12-26,-0.9970167875289916,3782.0,TV9,291.0,3.0,undi.png,Mantena Ramaraju,TDP,Undi,0,0,0,0,0,0,0,0,0,0,0,0,0,0,0,0,0,0,0,0,1,1,0,0,0,0,0,0
fgU6EEDYeMg,2022-12-26,-0.9857292175292968,16887.0,ABN,305.0,13.0,undi.png,Mantena Ramaraju,TDP,Undi,0,1,1,1,0,0,0,0,0,0,0,0,0,0,0,0,0,0,0,0,0,1,0,0,0,0,0,0
3-HuEsEYI6o,2022-12-27,0.9870861768722534,706.0,TV9,97.0,0.0,undi.png,Mantena Ramaraju,TDP,Undi,0,0,0,0,0,0,0,0,0,0,0,0,0,0,0,0,1,0,0,0,0,1,0,0,0,0,0,0
OvFVm1DlmbY,2022-12-28,0.9980514049530028,14350.0,TV5,355.0,29.0,undi.png,Mantena Ramaraju,TDP,Undi,1,0,0,0,1,0,0,0,1,0,1,0,0,0,0,0,0,0,0,0,0,0,1,1,0,0,1,0
1FllyDDtIoM,2022-12-29,-0.9977543950080872,1637.0,ABN,325.0,2.0,undi.png,Mantena Ramaraju,TDP,Undi,0,0,0,0,0,0,0,0,0,0,0,0,0,0,0,0,1,0,1,0,0,0,0,0,0,0,0,0
sf4pPadq2dE,2022-12-29,-0.9993292093276978,950.0,TV9,224.0,2.0,undi.png,Mantena Ramaraju,TDP,Undi,0,0,1,0,0,0,1,0,0,1,1,0,0,0,0,0,1,0,0,0,0,1,0,1,0,1,1,0
x2sUc4lD7hY,2022-12-29,0.9975765347480774,6966.0,Sakshi,540.0,24.0,undi.png,Mantena Ramaraju,TDP,Undi,0,0,0,0,1,1,0,0,0,0,0,0,0,0,0,0,0,1,0,0,0,0,0,0,0,0,0,0
LD1Fsh9qwAA,2022-12-30,-0.9984970092773438,16683.0,ABN,580.0,23.0,undi.png,Mantena Ramaraju,TDP,Undi,0,0,0,0,0,1,1,0,0,0,0,0,0,0,0,0,0,0,0,0,0,0,0,0,0,0,0,0
Ow8qTYlNCxE,2022-12-30,0.9976327419281006,9981.0,ABN,405.0,11.0,undi.png,Mantena Ramaraju,TDP,Undi,0,0,0,0,0,1,1,0,0,0,0,0,0,0,0,0,0,0,0,0,0,0,0,0,0,0,0,0
2XK79Q14PzE,2022-12-31,-0.998778760433197,2381.0,TV9,128.0,3.0,undi.png,Mantena Ramaraju,TDP,Undi,0,0,0,0,0,0,0,0,0,0,0,0,0,0,0,0,0,0,0,0,0,0,0,0,0,0,0,0
qgjLXRMOUlk,2022-12-31,-0.9934886693954468,35559.0,TV5,227.0,65.0,undi.png,Mantena Ramaraju,TDP,Undi,1,0,1,0,0,1,0,0,1,0,0,0,0,0,0,0,0,0,0,0,0,0,1,0,0,0,0,1
JMtoOJja62A,2022-12-31,-0.9963476061820984,101963.0,TV5,588.0,194.0,undi.png,Mantena Ramaraju,TDP,Undi,1,0,1,0,1,1,0,0,1,0,0,0,0,0,0,0,0,0,0,0,0,0,0,0,0,0,0,0
BKClmFJ3ymI,2022-12-31,0.9940091371536256,6835.0,TV9,409.0,14.0,undi.png,Mantena Ramaraju,TDP,Undi,0,0,0,0,0,0,0,0,0,0,0,0,0,0,0,0,0,0,0,0,0,0,0,0,0,0,0,0
YTXRoGi393s,2022-12-31,-0.9968976974487304,31265.0,TV9,404.0,109.0,undi.png,Mantena Ramaraju,TDP,Undi,0,0,0,0,0,0,0,0,0,0,0,0,0,0,0,0,0,0,0,0,0,0,0,0,0,0,0,0
2RCj7CROIYE,2022-12-31,0.9907834529876708,2193.0,TV5,217.0,2.0,undi.png,Mantena Ramaraju,TDP,Undi,0,0,0,1,0,0,0,0,0,0,0,0,0,0,0,0,0,0,0,0,0,0,0,0,0,0,0,0
XDgvnCx18LE,2023-01-02,-0.9984190464019777,3558.0,TV9,341.0,11.0,undi.png,Mantena Ramaraju,TDP,Undi,1,0,1,0,0,0,1,0,0,0,0,1,0,0,0,0,0,0,0,0,0,0,0,0,0,1,0,0
MGvh_qluUfY,2023-01-03,0.994514226913452,4848.0,TV9,253.0,10.0,undi.png,Mantena Ramaraju,TDP,Undi,0,0,0,0,0,1,0,0,1,0,0,0,0,0,0,0,0,1,0,0,0,0,0,0,0,0,0,0
D0wqmcElhbI,2023-01-04,-0.9982979893684388,1068.0,TV9,189.0,3.0,undi.png,Mantena Ramaraju,TDP,Undi,0,0,0,0,0,1,0,0,0,0,0,0,0,0,0,0,0,0,0,0,0,0,0,0,0,0,0,0
5cAagAyJAns,2023-01-04,-0.9959413409233092,3656.0,TV5,56.0,3.0,undi.png,Mantena Ramaraju,TDP,Undi,0,0,0,0,0,0,0,0,0,0,0,0,0,1,0,0,0,0,0,0,0,0,0,0,0,0,0,0
KsGd4BMZSUw,2023-01-04,-0.9993689656257628,1829.0,TV9,248.0,14.0,undi.png,Mantena Ramaraju,TDP,Undi,0,0,0,0,0,1,0,0,0,0,0,0,0,1,0,0,0,0,0,0,0,0,0,0,0,0,0,0
TuUl_2ueX_s,2023-01-04,0.9983599781990052,2630.0,TV9,341.0,5.0,undi.png,Mantena Ramaraju,TDP,Undi,0,0,0,0,0,0,0,0,0,0,0,0,0,0,0,0,0,0,0,0,0,0,0,0,0,0,0,0
iWDm7LNZrCg,2023-01-05,-0.9983925223350524,2734.0,TV9,195.0,1.0,undi.png,Mantena Ramaraju,TDP,Undi,0,0,0,0,0,0,0,0,0,0,0,0,0,0,0,0,0,0,0,0,0,0,0,0,0,0,0,0
bbTMGAv_3sE,2023-01-05,0.9755657315254213,7336.0,ABN,290.0,8.0,undi.png,Mantena Ramaraju,TDP,Undi,1,0,0,0,1,1,0,0,0,0,0,0,0,0,0,1,0,0,0,0,0,0,0,0,0,0,0,0
7Q45zNTtwcE,2023-01-06,-0.999250590801239,2255.0,TV9,194.0,5.0,undi.png,Mantena Ramaraju,TDP,Undi,0,1,1,0,0,0,0,0,0,0,0,0,0,1,0,0,0,0,0,0,0,0,0,0,0,0,0,0
GZdp3NmZDgg,2023-01-06,0.9953861832618712,81341.0,TV9,374.0,74.0,undi.png,Mantena Ramaraju,TDP,Undi,0,0,0,0,0,0,0,0,0,0,0,0,0,0,0,0,0,0,0,0,0,0,0,0,0,0,0,0
DUxV8nQ_JX8,2023-01-06,-0.99226576089859,3817.0,ABN,310.0,2.0,undi.png,Mantena Ramaraju,TDP,Undi,0,0,0,0,0,0,0,0,0,0,0,0,0,0,0,0,0,0,0,0,0,0,0,0,0,0,0,0
3YNVSJXCEKg,2023-01-06,0.9696592092514038,27420.0,ABN,340.0,77.0,undi.png,Mantena Ramaraju,TDP,Undi,0,0,0,0,0,1,0,0,0,0,0,0,0,0,0,0,0,0,0,0,0,0,0,0,0,0,0,0
HW3CFfUg9SI,2023-01-06,-0.9915931224822998,57237.0,ABN,510.0,69.0,undi.png,Mantena Ramaraju,TDP,Undi,0,0,0,0,0,0,0,0,0,0,0,0,0,0,0,0,0,0,0,0,0,0,0,0,0,0,0,0
LwuApqx9qzw,2023-01-06,-0.9990059733390808,3638.0,TV9,192.0,7.0,undi.png,Mantena Ramaraju,TDP,Undi,0,1,1,0,0,1,0,0,0,0,0,0,0,1,0,0,0,0,0,0,0,0,0,0,0,0,0,0
2b-QfkKfcZs,2023-01-06,0.9924129843711852,2287.0,TV9,569.0,0.0,undi.png,Mantena Ramaraju,TDP,Undi,0,0,0,0,0,0,0,0,0,0,0,0,0,0,0,0,0,0,0,0,0,0,0,0,0,0,0,0
DUtKNG_mOQM,2023-01-06,-0.9866933226585388,10728.0,ABN,360.0,12.0,undi.png,Mantena Ramaraju,TDP,Undi,0,0,0,0,0,0,0,0,0,0,0,0,0,0,0,0,0,0,0,0,0,0,0,0,0,0,0,0
szxZTcHw8ZU,2023-01-06,0.6079198122024536,800.0,TV9,303.0,2.0,undi.png,Mantena Ramaraju,TDP,Undi,0,0,1,1,0,1,0,0,0,0,0,1,0,0,0,0,0,1,0,0,0,0,0,0,0,1,0,0
UnzUzuzLNes,2023-01-06,-0.9980939030647278,1148.0,TV9,189.0,1.0,undi.png,Mantena Ramaraju,TDP,Undi,0,0,0,0,0,0,0,0,0,0,0,0,0,0,0,0,0,0,0,0,1,0,0,0,0,0,0,0
Lhv2wSzca4E,2023-01-06,-0.9929350018501282,20715.0,TV9,167.0,19.0,undi.png,Mantena Ramaraju,TDP,Undi,0,0,0,0,0,0,0,0,0,0,0,0,0,0,0,0,0,0,0,0,0,0,0,0,0,0,0,0
0uqrUk3sPd4,2023-01-07,-0.989477038383484,10971.0,TV9,394.0,30.0,undi.png,Mantena Ramaraju,TDP,Undi,0,0,0,0,0,0,0,0,0,0,0,0,0,0,0,0,0,0,0,0,0,0,0,0,0,0,0,0
pleVLzGA_20,2023-01-07,0.997755229473114,15163.0,TV5,305.0,25.0,undi.png,Mantena Ramaraju,TDP,Undi,0,0,0,0,1,0,0,0,0,0,0,0,0,0,0,0,0,0,0,0,0,0,0,0,0,0,0,0
fpO69S87o04,2023-01-07,0.9644716382026672,17539.0,TV9,168.0,12.0,undi.png,Mantena Ramaraju,TDP,Undi,0,0,1,1,0,0,0,0,0,0,0,0,0,0,0,0,0,0,0,0,0,0,0,0,0,0,0,0
aB8CnwR0bkk,2023-01-08,0.995362102985382,2185.0,ABN,457.0,2.0,undi.png,Mantena Ramaraju,TDP,Undi,0,0,0,0,0,0,0,0,0,0,0,0,0,0,0,0,0,0,0,0,0,0,0,0,0,0,0,0
FUyXmD-JBto,2023-01-08,-0.9989866614341736,494.0,Sakshi,102.0,2.0,undi.png,Mantena Ramaraju,TDP,Undi,0,0,0,0,0,1,0,0,0,0,0,0,0,0,0,0,0,0,0,0,0,0,0,0,0,0,0,0
kgRFEOzZOaE,2023-01-09,0.9980044960975648,2737.0,TV9,568.0,0.0,undi.png,Mantena Ramaraju,TDP,Undi,0,0,0,0,0,0,0,0,0,0,0,0,0,0,0,0,0,0,0,0,0,0,0,0,0,0,0,0
-p5ZMFPt0j0,2023-01-09,0.6105903387069702,20085.0,ABN,325.0,22.0,undi.png,Mantena Ramaraju,TDP,Undi,0,0,0,0,0,0,1,0,0,0,1,1,0,0,0,0,0,0,0,0,0,1,0,0,0,0,0,0
8gNNogNNjQ0,2023-01-09,0.9972942471504213,2912.0,Sakshi,48.0,1.0,undi.png,Mantena Ramaraju,TDP,Undi,0,1,1,0,1,0,0,0,0,1,0,0,0,0,0,0,0,0,0,0,0,0,0,0,0,0,0,0
2BfMVaoJhrg,2023-01-09,0.9941868782043456,8906.0,TV9,557.0,5.0,undi.png,Mantena Ramaraju,TDP,Undi,0,0,0,0,0,0,0,0,0,0,0,0,0,0,0,0,0,0,0,0,0,0,0,0,0,0,0,0
eTk1Y74Ps5s,2023-01-09,-0.9885299801826476,20339.0,TV9,238.0,1.0,undi.png,Mantena Ramaraju,TDP,Undi,0,0,0,1,0,1,0,0,0,0,0,0,0,0,0,1,0,1,0,0,0,0,1,0,0,0,0,0
AQECVwRTGmI,2023-01-09,0.9584266543388368,5553.0,ABN,370.0,9.0,undi.png,Mantena Ramaraju,TDP,Undi,0,0,0,0,0,1,1,0,0,0,0,0,0,0,0,0,0,0,0,0,0,0,0,0,0,0,0,0
2p3tZYXzB7U,2023-01-09,-0.9984322190284728,4914.0,TV9,298.0,13.0,undi.png,Mantena Ramaraju,TDP,Undi,1,0,0,0,0,1,1,0,0,0,0,0,0,0,1,0,0,1,0,0,0,1,0,0,0,0,0,0
BtdXV9ML_t8,2023-01-09,-0.9885927438735962,16869.0,Sakshi,342.0,68.0,undi.png,Mantena Ramaraju,TDP,Undi,1,0,1,1,0,1,0,0,1,0,0,0,0,0,0,0,0,1,0,0,0,1,1,0,0,1,0,0
fhD8dpjUnlU,2023-01-09,0.9863157868385316,12269.0,TV5,450.0,19.0,undi.png,Mantena Ramaraju,TDP,Undi,1,0,0,0,0,1,1,0,0,0,0,0,0,0,0,0,0,0,0,1,0,0,1,0,0,0,0,1
Z8EX4q3NxFg,2023-01-10,-0.9979990124702454,1808.0,ABN,203.0,0.0,undi.png,Mantena Ramaraju,TDP,Undi,1,0,0,0,0,0,0,0,0,0,0,0,0,0,0,0,0,0,0,0,0,0,0,0,0,0,0,0
dqftPqWvU64,2023-01-10,0.9962642788887024,38915.0,TV5,490.0,67.0,undi.png,Mantena Ramaraju,TDP,Undi,0,0,0,0,0,0,0,0,1,0,0,0,0,0,0,0,0,0,0,0,0,0,0,0,0,0,0,0
LoSOnEIJDxU,2023-01-11,-0.9992353916168212,2387.0,Sakshi,128.0,13.0,undi.png,Mantena Ramaraju,TDP,Undi,1,0,0,0,0,1,1,0,0,0,0,0,0,0,0,1,0,0,0,0,0,0,0,0,0,0,0,0
3cA5Lu6-UHI,2023-01-11,-0.9691331386566162,32538.0,ABN,415.0,47.0,undi.png,Mantena Ramaraju,TDP,Undi,0,0,0,0,0,0,0,0,0,0,0,0,0,0,0,0,0,0,0,0,0,0,0,0,0,0,0,0
yf2mU2POu6M,2023-01-12,-0.9977768063545228,3214.0,TV5,345.0,7.0,undi.png,Mantena Ramaraju,TDP,Undi,0,0,0,0,0,0,0,0,0,0,0,0,0,0,0,0,0,0,0,0,0,0,0,0,0,0,0,0
ZbZkGo4bs5w,2023-01-12,-0.992734432220459,4331.0,TV9,148.0,8.0,undi.png,Mantena Ramaraju,TDP,Undi,0,0,0,0,0,0,0,0,0,0,0,0,0,0,0,0,0,0,0,0,0,0,1,0,0,0,0,0
ARGud9EGECQ,2023-01-12,0.9985925555229188,1215.0,TV9,284.0,0.0,undi.png,Mantena Ramaraju,TDP,Undi,0,0,0,1,0,0,0,0,0,0,0,0,0,0,0,0,0,0,0,0,0,0,0,0,0,0,0,0
upkOGj_KVeg,2023-01-13,0.9897834658622742,18833.0,Sakshi,389.0,95.0,undi.png,Mantena Ramaraju,TDP,Undi,0,0,1,0,1,1,1,0,0,0,0,0,0,0,0,0,0,0,0,0,0,1,0,0,0,0,0,0
tZOFqZHWrs8,2023-01-13,0.9970194697380066,790.0,ABN,104.0,2.0,undi.png,Mantena Ramaraju,TDP,Undi,0,0,0,0,0,0,0,0,0,0,0,0,0,0,0,0,0,0,0,0,0,0,0,0,0,0,0,0
Xx6_y4ZHZbI,2023-01-14,0.9982054233551024,1987.0,ABN,156.0,3.0,undi.png,Mantena Ramaraju,TDP,Undi,0,0,0,0,0,0,0,0,0,0,0,0,0,0,0,0,0,0,0,0,0,0,0,0,0,0,0,0
Sp812mtrzCU,2023-01-15,0.99861478805542,6919.0,TV9,448.0,12.0,undi.png,Mantena Ramaraju,TDP,Undi,0,0,0,0,0,0,0,0,0,0,0,0,0,0,0,0,0,0,0,0,0,0,0,0,0,0,0,0
xXFyR5c72vI,2023-01-15,-0.9863193035125732,23357.0,TV9,177.0,10.0,undi.png,Mantena Ramaraju,TDP,Undi,0,0,0,0,0,0,0,0,0,0,0,0,0,0,0,0,0,0,0,0,0,0,0,0,0,1,0,0
b1B-gvl0dqU,2023-01-16,0.9933759570121764,3761.0,TV9,401.0,4.0,undi.png,Mantena Ramaraju,TDP,Undi,0,0,0,0,0,0,0,0,0,0,0,0,0,0,0,0,0,0,0,0,0,0,0,0,0,0,0,0
VFkdpA5WxAM,2023-01-16,-0.9977498650550842,47167.0,TV5,400.0,85.0,undi.png,Mantena Ramaraju,TDP,Undi,1,0,0,0,0,0,1,0,0,0,0,0,0,0,0,0,1,0,0,0,0,1,1,0,0,0,0,1
L39asGnOnyI,2023-01-17,-0.99550062417984,4255.0,ABN,235.0,11.0,undi.png,Mantena Ramaraju,TDP,Undi,0,0,0,1,0,0,0,0,1,0,0,0,0,0,0,0,0,0,0,0,0,0,0,0,0,0,0,0
F2v4v-nYiDg,2023-01-17,-0.9969847798347472,3784.0,ABN,150.0,2.0,undi.png,Mantena Ramaraju,TDP,Undi,0,0,0,1,0,0,0,0,1,0,0,0,0,0,0,0,0,0,0,0,0,0,0,0,0,0,0,0
bRyisOWztb8,2023-01-17,0.9986205101013184,81190.0,ABN,520.0,153.0,undi.png,Mantena Ramaraju,TDP,Undi,0,0,0,0,0,0,0,0,0,0,0,0,0,0,0,0,0,0,0,0,0,0,0,0,0,0,0,0
9rfWX0D8v9M,2023-01-17,-0.993369162082672,7585.0,ABN,250.0,11.0,undi.png,Mantena Ramaraju,TDP,Undi,1,0,1,0,0,0,0,0,0,1,0,0,0,0,0,0,1,0,0,0,0,1,0,1,0,1,0,0
h77h2uGUjoo,2023-01-18,-0.997747004032135,2415.0,TV9,131.0,8.0,undi.png,Mantena Ramaraju,TDP,Undi,0,0,0,1,0,0,0,0,0,0,0,0,0,0,0,0,0,0,0,0,0,0,0,0,0,0,0,0
zUmP5dSaDuo,2023-01-18,-0.9983898401260376,2847.0,TV9,82.0,2.0,undi.png,Mantena Ramaraju,TDP,Undi,0,0,1,1,0,0,0,0,0,0,0,0,0,0,0,0,0,0,0,0,0,0,0,0,0,1,1,0
Lr-J8pam5B8,2023-01-18,-0.997403919696808,16702.0,Sakshi,178.0,154.0,undi.png,Mantena Ramaraju,TDP,Undi,0,0,0,0,0,1,1,0,0,0,0,0,0,0,0,0,0,0,0,0,0,0,0,0,1,0,0,0
rJUfQk4pWNc,2023-01-18,0.9952182173728944,526.0,TV5,211.0,0.0,undi.png,Mantena Ramaraju,TDP,Undi,0,0,0,0,0,0,0,0,0,0,0,0,0,0,0,0,0,0,0,0,0,1,0,0,0,0,0,0
G5EBtJ7Pz08,2023-01-19,0.994904398918152,1432.0,Sakshi,546.0,7.0,undi.png,Mantena Ramaraju,TDP,Undi,0,0,0,0,0,0,0,0,1,0,0,0,0,0,0,0,0,1,0,0,0,0,0,0,0,0,0,0
mMQUjGpIKAA,2023-01-19,-0.995407223701477,6967.0,ABN,470.0,11.0,undi.png,Mantena Ramaraju,TDP,Undi,0,0,0,0,0,0,0,0,0,0,0,0,0,0,0,0,0,0,0,0,0,0,0,0,0,0,0,0
G0WldsDx24E,2023-01-20,-0.9941404461860656,2470.0,Sakshi,249.0,1.0,undi.png,Mantena Ramaraju,TDP,Undi,0,1,1,0,1,1,0,0,0,1,0,0,0,0,0,0,0,0,0,0,0,0,0,0,0,0,0,0
CFdvBHvBDqI,2023-01-20,0.9694883823394777,15662.0,TV5,273.0,12.0,undi.png,Mantena Ramaraju,TDP,Undi,0,1,0,0,0,0,0,0,0,0,0,0,0,0,0,0,0,0,0,0,0,0,0,0,0,0,0,0
uJ-pInCOYug,2023-01-22,-0.9894071221351624,2548.0,TV9,250.0,12.0,undi.png,Mantena Ramaraju,TDP,Undi,0,0,0,0,0,0,0,0,0,0,0,0,0,0,0,0,0,0,0,0,0,0,0,0,0,0,0,0
eNVL4ECWcOc,2023-01-23,-0.997138738632202,5290.0,ABN,255.0,3.0,undi.png,Mantena Ramaraju,TDP,Undi,0,0,0,1,0,1,0,1,0,0,0,0,0,0,0,0,0,0,0,0,0,0,0,0,0,0,0,0
7gffIY7kFHk,2023-01-23,-0.9980992674827576,26057.0,ABN,480.0,63.0,undi.png,Mantena Ramaraju,TDP,Undi,0,0,0,0,0,0,0,0,0,0,0,0,0,0,0,0,0,0,0,0,0,0,0,0,0,0,0,0
0OqWCRr1lc0,2023-01-24,-0.997826874256134,1589.0,ABN,225.0,7.0,undi.png,Mantena Ramaraju,TDP,Undi,0,0,0,1,1,0,0,0,1,0,0,0,0,0,1,0,1,0,0,0,0,1,0,0,0,0,0,0
Dlao6cvaD5g,2023-01-24,-0.989801824092865,1241.0,Sakshi,212.0,7.0,undi.png,Mantena Ramaraju,TDP,Undi,0,0,0,0,0,0,0,0,0,0,0,0,0,0,0,0,0,0,0,0,0,0,0,0,0,0,0,0
SptxbmQLQ_g,2023-01-24,0.9909776449203492,2184.0,TV9,194.0,3.0,undi.png,Mantena Ramaraju,TDP,Undi,0,0,0,0,0,0,0,0,1,0,0,0,0,0,0,0,0,0,0,0,0,0,0,0,0,0,0,0
BYYcLeIZ3bc,2023-01-24,0.998021364212036,30674.0,ABN,425.0,129.0,undi.png,Mantena Ramaraju,TDP,Undi,0,0,0,0,0,0,0,0,0,0,0,0,0,0,0,0,0,0,0,0,0,1,0,0,0,0,0,0
fBii50_m4W0,2023-01-24,-0.9978601336479188,5682.0,ABN,505.0,12.0,undi.png,Mantena Ramaraju,TDP,Undi,0,0,0,0,0,0,0,0,0,0,0,0,0,0,0,0,0,0,0,0,0,0,0,0,0,0,0,0
e_16H78PwIM,2023-01-24,0.9939864873886108,2629.0,ABN,350.0,6.0,undi.png,Mantena Ramaraju,TDP,Undi,0,0,0,0,0,0,0,0,0,0,0,0,0,0,0,0,0,0,0,0,0,0,0,0,0,0,0,0
ED8p68R4Pyg,2023-01-24,0.9981278777122498,5662.0,ABN,250.0,6.0,undi.png,Mantena Ramaraju,TDP,Undi,1,1,1,1,0,0,0,1,0,1,0,0,0,0,0,0,0,0,0,0,0,1,0,0,0,0,1,0
sX3VEORbF9A,2023-01-24,-0.9876726269721984,2382.0,TV5,257.0,10.0,undi.png,Mantena Ramaraju,TDP,Undi,0,0,0,0,0,0,0,0,0,0,0,0,0,0,0,0,0,0,0,0,0,0,0,0,0,0,0,0
jd2NtQ3Pdh0,2023-01-24,-0.991140067577362,4547.0,ABN,523.0,2.0,undi.png,Mantena Ramaraju,TDP,Undi,0,0,0,0,0,0,0,0,0,0,0,0,0,0,0,0,0,0,0,0,0,0,0,0,0,0,0,0
gn9IZ-QnkrM,2023-01-26,-0.9851179122924804,2709.0,TV5,305.0,4.0,undi.png,Mantena Ramaraju,TDP,Undi,1,0,0,0,1,0,1,1,0,0,0,0,0,0,1,0,0,0,0,0,0,0,1,0,0,0,0,1
iCB_U7QMDTU,2023-01-26,0.9944376945495604,8532.0,Sakshi,502.0,21.0,undi.png,Mantena Ramaraju,TDP,Undi,0,0,0,0,1,1,1,1,0,0,0,0,0,0,0,0,0,0,0,0,0,0,0,0,0,0,0,0
2ori8pselQk,2023-01-26,0.9881812334060668,2292.0,TV5,555.0,5.0,undi.png,Mantena Ramaraju,TDP,Undi,1,0,0,0,0,0,1,1,0,0,0,0,0,0,1,0,0,0,0,0,0,0,0,0,0,0,0,0
R6SCkCOroNo,2023-01-26,0.993647038936615,1057.0,Sakshi,152.0,1.0,undi.png,Mantena Ramaraju,TDP,Undi,0,0,0,0,1,0,0,0,1,0,0,0,0,0,0,0,0,0,0,0,0,1,0,0,0,0,0,0
XVfOtddYP2w,2023-01-27,-0.9986722469329834,430.0,ABN,86.0,1.0,undi.png,Mantena Ramaraju,TDP,Undi,0,0,0,0,0,0,0,0,0,0,0,0,0,0,0,0,1,0,0,0,0,0,0,0,0,0,0,0
0ibZhI3CW8E,2023-01-28,0.9908617734909058,49006.0,Sakshi,398.0,89.0,undi.png,Mantena Ramaraju,TDP,Undi,0,0,0,0,0,0,0,1,0,0,0,0,0,0,0,0,0,0,0,0,0,0,0,0,0,0,0,0
X-Xra7CkKZw,2023-01-29,0.9984673857688904,981.0,TV9,304.0,3.0,undi.png,Mantena Ramaraju,TDP,Undi,0,0,0,0,0,0,0,0,0,0,0,0,0,0,0,0,0,0,0,0,0,0,0,0,0,0,0,0
LEXkYOqlMEU,2023-01-29,-0.9823904037475586,799.0,TV9,282.0,4.0,undi.png,Mantena Ramaraju,TDP,Undi,0,0,0,0,0,0,0,0,0,0,0,0,0,0,0,0,0,0,0,0,0,0,0,0,0,0,0,0
9v31GB3TPvk,2023-01-29,-0.9994602799415588,369.0,TV9,290.0,0.0,undi.png,Mantena Ramaraju,TDP,Undi,0,0,0,0,0,0,0,0,0,0,0,0,0,0,0,0,0,0,0,0,0,0,0,0,0,0,0,0
kWqL6xGSdhg,2023-01-29,0.9729177951812744,755.0,TV9,207.0,2.0,undi.png,Mantena Ramaraju,TDP,Undi,0,0,0,0,0,0,0,0,0,0,0,0,0,0,0,0,0,0,0,0,0,0,0,0,0,0,0,0
X5Uvz1CGt9M,2023-01-30,-0.9943990111351012,58633.0,ABN,310.0,81.0,undi.png,Mantena Ramaraju,TDP,Undi,1,1,1,0,0,0,0,0,0,1,0,1,0,0,1,0,0,0,0,0,0,0,0,0,0,0,0,0
rFdJ95Mt8lk,2023-01-30,0.992206871509552,1034.0,TV5,435.0,1.0,undi.png,Mantena Ramaraju,TDP,Undi,0,0,0,0,0,0,0,0,0,0,0,0,0,0,0,0,0,0,0,0,0,0,0,0,0,0,0,0
2lYPfFIxBEE,2023-01-30,0.9982505440711976,5897.0,ABN,350.0,5.0,undi.png,Mantena Ramaraju,TDP,Undi,0,0,0,0,0,0,0,0,1,0,0,0,0,0,0,0,0,0,0,0,0,0,0,0,0,0,0,0
ZIYpfdgT2lo,2023-01-30,-0.9994489550590516,13689.0,ABN,465.0,31.0,undi.png,Mantena Ramaraju,TDP,Undi,0,0,0,0,0,0,0,0,0,0,0,0,0,0,0,0,0,0,0,0,0,0,0,0,0,0,0,0
73aDpBB2IZg,2023-01-30,-0.9976078271865844,3725.0,TV9,173.0,2.0,undi.png,Mantena Ramaraju,TDP,Undi,0,0,0,0,0,0,0,0,0,0,0,0,0,0,0,0,0,0,0,0,0,0,0,0,0,0,0,0
7-CsXxdW9dE,2023-01-30,-0.9984099864959716,1825.0,TV9,228.0,0.0,undi.png,Mantena Ramaraju,TDP,Undi,0,0,0,0,0,0,0,0,1,0,0,0,0,0,0,0,0,0,0,0,0,0,0,0,0,0,0,0
sFhQ35_sUtQ,2023-01-30,-0.9979110360145568,13612.0,ABN,365.0,18.0,undi.png,Mantena Ramaraju,TDP,Undi,0,0,0,1,0,0,0,0,1,0,0,0,0,0,0,0,1,0,0,0,0,0,0,0,0,0,1,0
lA4XHlPNaw8,2023-01-31,-0.9892064332962036,6160.0,ABN,449.0,2.0,undi.png,Mantena Ramaraju,TDP,Undi,0,0,0,0,0,0,0,0,0,0,0,0,0,0,0,0,0,0,0,0,0,0,0,0,0,0,0,0
BQhk3-NOa6k,2023-02-01,0.9903844594955444,22202.0,ABN,405.0,16.0,undi.png,Mantena Ramaraju,TDP,Undi,0,0,0,0,0,0,0,0,0,0,0,0,0,0,0,0,0,0,0,0,0,0,0,0,0,0,0,0
QtDgZzg8l1Q,2023-02-01,-0.9902352690696716,3838.0,TV5,439.0,4.0,undi.png,Mantena Ramaraju,TDP,Undi,0,0,0,0,0,0,0,0,0,0,0,0,0,0,0,0,0,0,0,0,0,0,0,0,0,0,0,0
EgaUZHN3_U8,2023-02-02,-0.991306483745575,82726.0,TV9,234.0,59.0,undi.png,Mantena Ramaraju,TDP,Undi,1,0,0,1,0,0,0,0,0,0,0,0,0,0,0,0,0,0,0,0,0,0,0,0,0,0,0,0
KyHhgr8JIk0,2023-02-02,-0.9984328150749208,4593.0,ABN,430.0,4.0,undi.png,Mantena Ramaraju,TDP,Undi,0,0,0,0,0,0,0,0,0,0,0,0,0,0,0,0,0,0,0,0,0,0,0,0,0,0,0,0
SP5IshbeDCs,2023-02-02,-0.9973984956741332,5610.0,TV5,510.0,2.0,undi.png,Mantena Ramaraju,TDP,Undi,1,1,1,0,0,0,0,0,0,0,1,0,0,1,0,0,0,0,0,0,0,0,0,0,0,0,0,1
cbur-iMfeaw,2023-02-02,-0.9973526000976562,3501.0,TV5,125.0,1.0,undi.png,Mantena Ramaraju,TDP,Undi,0,1,0,0,0,0,0,0,1,0,0,0,0,0,0,0,0,0,0,0,0,0,0,0,0,0,0,0
0EfSpxJ5uAg,2023-02-02,-0.9979189038276672,1684.0,TV9,550.0,1.0,undi.png,Mantena Ramaraju,TDP,Undi,0,0,0,1,0,0,0,0,0,0,0,0,0,0,0,0,0,0,0,0,0,0,0,0,0,0,0,0
0ZaEMZt-0eA,2023-02-02,0.9849743843078612,2359.0,TV5,370.0,2.0,undi.png,Mantena Ramaraju,TDP,Undi,0,0,0,1,0,0,0,0,0,0,0,0,0,0,0,0,0,0,0,0,0,0,0,0,0,0,0,0
F2KuCMe1kiY,2023-02-02,-0.9985789060592652,737.0,ABN,65.0,0.0,undi.png,Mantena Ramaraju,TDP,Undi,0,0,0,0,0,0,0,0,1,0,0,0,0,0,0,0,0,0,0,0,0,0,0,0,0,0,0,0
bHTYtHkPVQw,2023-02-03,0.990895926952362,2779.0,ABN,315.0,2.0,undi.png,Mantena Ramaraju,TDP,Undi,0,0,0,0,0,0,0,0,0,0,0,0,0,0,1,0,0,0,0,0,0,0,0,0,0,0,0,0
Alys939iPlk,2023-02-03,-0.994778037071228,13213.0,Sakshi,535.0,34.0,undi.png,Mantena Ramaraju,TDP,Undi,0,0,1,0,0,0,0,1,0,0,0,0,0,0,0,0,0,0,0,0,0,0,0,0,0,0,0,0
40jkQn81gqA,2023-02-04,-0.9928814172744752,196389.0,TV5,379.0,77.0,undi.png,Mantena Ramaraju,TDP,Undi,0,0,0,0,0,0,0,0,0,0,0,0,0,0,0,0,0,0,0,0,0,0,0,0,0,0,0,0
DYrrOW6Bhl8,2023-02-05,-0.9981743097305298,85372.0,TV5,241.0,55.0,undi.png,Mantena Ramaraju,TDP,Undi,0,0,0,0,1,0,0,0,0,0,0,0,0,0,0,0,0,0,0,0,0,0,0,0,0,0,0,0
A57SA4dSv2I,2023-02-05,-0.9937826991081238,3591.0,TV9,272.0,2.0,undi.png,Mantena Ramaraju,TDP,Undi,0,0,0,1,0,0,0,0,0,0,0,0,0,0,0,0,0,0,0,0,0,0,0,0,0,0,0,0
7OAi5zDP7YY,2023-02-05,0.9970200657844543,2849.0,TV9,590.0,1.0,undi.png,Mantena Ramaraju,TDP,Undi,0,0,0,0,0,0,0,0,0,0,0,0,0,0,0,0,0,0,0,0,0,0,0,0,0,0,0,0
mrcM_aUrSS8,2023-02-05,-0.9837990999221802,2438.0,Sakshi,198.0,9.0,undi.png,Mantena Ramaraju,TDP,Undi,0,0,0,0,0,1,1,0,0,0,0,0,0,0,1,0,0,0,0,0,0,0,0,0,0,0,0,0
FvHOVKTDqIw,2023-02-07,0.9979560375213624,33185.0,TV5,595.0,23.0,undi.png,Mantena Ramaraju,TDP,Undi,0,1,1,0,0,0,0,0,0,0,0,0,0,0,0,0,0,0,0,0,0,0,0,0,0,0,0,0
c6ikRiJE9Q4,2023-02-07,-0.9895423650741576,2355.0,ABN,116.0,2.0,undi.png,Mantena Ramaraju,TDP,Undi,0,0,0,0,0,0,0,0,0,0,0,0,0,0,0,0,0,0,0,0,0,0,0,0,0,0,0,0
_GEpeDEj2ww,2023-02-08,-0.9958802461624146,2088.0,TV9,172.0,0.0,undi.png,Mantena Ramaraju,TDP,Undi,0,0,0,0,0,0,0,0,0,0,0,0,0,0,0,0,0,0,0,0,0,0,0,0,0,0,0,0
EKz9kdP2UaI,2023-02-08,0.998681366443634,494.0,TV9,278.0,0.0,undi.png,Mantena Ramaraju,TDP,Undi,0,0,0,0,0,0,0,0,0,0,0,0,0,0,0,0,0,0,0,0,0,1,0,0,0,0,0,0
RG5OcXEDIik,2023-02-09,0.9957475066184998,3655.0,TV9,425.0,2.0,undi.png,Mantena Ramaraju,TDP,Undi,0,0,0,0,0,0,0,0,0,0,0,0,0,0,0,0,0,0,0,0,0,0,0,0,1,0,0,0
f7HS_gmsHiU,2023-02-09,0.9961416125297546,9175.0,Sakshi,325.0,6.0,undi.png,Mantena Ramaraju,TDP,Undi,0,0,0,0,0,0,0,0,0,0,0,0,0,0,0,0,0,0,0,0,0,0,0,0,0,0,0,0
JSw5_KQqf7o,2023-02-09,-0.9983547329902648,1617.0,TV9,274.0,1.0,undi.png,Mantena Ramaraju,TDP,Undi,0,0,0,0,0,0,0,0,0,0,0,0,0,0,0,0,0,0,0,0,0,0,0,0,0,0,0,0
JAB1ZRGIdZU,2023-02-09,0.9956947565078736,3258.0,TV9,408.0,7.0,undi.png,Mantena Ramaraju,TDP,Undi,0,0,0,0,0,0,0,0,0,0,0,0,0,0,1,0,0,0,0,0,0,0,0,0,0,0,0,0
S8efCMcG8lg,2023-02-09,-0.9981472492218018,920.0,TV9,269.0,0.0,undi.png,Mantena Ramaraju,TDP,Undi,0,0,0,0,0,0,0,0,0,0,0,0,0,0,0,0,0,0,0,0,0,0,0,0,0,0,0,1
fDpdZRIv8lU,2023-02-10,-0.9893362522125244,17034.0,ABN,310.0,43.0,undi.png,Mantena Ramaraju,TDP,Undi,1,0,1,1,0,1,0,0,1,1,0,0,0,0,0,1,0,0,0,0,0,0,0,1,0,1,0,0
e8LiLoKa6oY,2023-02-10,0.9672962427139282,3297.0,TV9,415.0,6.0,undi.png,Mantena Ramaraju,TDP,Undi,1,0,1,0,0,1,0,0,1,0,0,0,0,0,0,0,0,0,0,0,0,0,0,0,0,1,0,0
dBNEGKqEuoM,2023-02-10,-0.9907398223876952,6474.0,TV5,255.0,9.0,undi.png,Mantena Ramaraju,TDP,Undi,0,1,1,0,0,0,0,0,0,1,0,0,0,0,0,0,0,0,0,0,0,0,0,0,0,0,0,0
F6K1kP9oJRU,2023-02-10,-0.9993314743041992,2847.0,Sakshi,311.0,3.0,undi.png,Mantena Ramaraju,TDP,Undi,1,1,1,0,1,1,1,1,0,1,0,0,0,0,0,0,0,0,0,1,0,0,0,1,0,1,1,0
5jmF-Y1y3Q0,2023-02-10,-0.9989100694656372,4000.0,ABN,375.0,15.0,undi.png,Mantena Ramaraju,TDP,Undi,0,0,0,1,0,0,0,0,0,0,0,0,0,0,0,0,0,0,0,0,0,0,0,0,0,0,0,0
lSBZw9EF5EA,2023-02-10,-0.9994636178016664,1260.0,ABN,220.0,1.0,undi.png,Mantena Ramaraju,TDP,Undi,0,0,0,1,0,0,0,0,0,0,0,0,0,0,0,0,0,0,1,0,0,0,0,0,0,0,0,0
pfzlOumbGZ8,2023-02-11,-0.9947810769081116,1416.0,ABN,274.0,3.0,undi.png,Mantena Ramaraju,TDP,Undi,1,0,0,0,0,0,0,1,0,0,0,0,0,0,0,0,0,0,0,0,0,0,0,0,0,0,0,0
nO29-7NTL_Q,2023-02-11,-0.9985507130622864,506.0,Sakshi,91.0,0.0,undi.png,Mantena Ramaraju,TDP,Undi,0,0,0,1,0,1,0,0,0,0,0,0,0,0,0,0,0,0,0,0,0,0,0,0,0,0,0,0
Nr9t0WjMB7c,2023-02-12,0.9981217980384828,1480.0,ABN,174.0,2.0,undi.png,Mantena Ramaraju,TDP,Undi,0,0,0,0,0,0,0,0,0,0,0,0,0,0,0,0,0,0,0,0,0,0,0,0,0,0,0,0
OnceOcuQg_s,2023-02-12,-0.9930530190467834,185569.0,TV9,361.0,20.0,undi.png,Mantena Ramaraju,TDP,Undi,0,0,0,0,0,0,0,0,1,0,0,0,0,0,0,0,0,0,0,0,0,0,0,0,0,0,0,0
3MjSO7qECI0,2023-02-14,0.9939925074577332,1927.0,ABN,553.0,5.0,undi.png,Mantena Ramaraju,TDP,Undi,0,0,0,0,0,0,0,0,0,0,0,0,0,0,0,0,0,0,0,0,0,0,0,0,0,0,0,0
rc8LCn1ma98,2023-02-14,-0.999190866947174,6627.0,TV9,343.0,13.0,undi.png,Mantena Ramaraju,TDP,Undi,0,0,0,1,0,0,0,0,0,0,0,0,0,0,0,0,0,0,0,0,0,0,0,0,0,0,0,0
Mp-2BhpmOu8,2023-02-14,0.992983341217041,1177.0,ABN,510.0,4.0,undi.png,Mantena Ramaraju,TDP,Undi,0,0,0,0,0,0,0,0,0,0,0,0,0,0,0,0,0,1,0,0,0,0,0,0,0,0,0,0
LalxNoeFnj0,2023-02-15,-0.9909747242927552,895.0,TV9,455.0,6.0,undi.png,Mantena Ramaraju,TDP,Undi,0,1,0,1,0,0,0,1,0,1,0,0,0,0,0,0,0,0,0,0,0,0,0,0,0,0,0,0
F1JdYf5yY5E,2023-02-15,-0.988888680934906,53946.0,ABN,225.0,43.0,undi.png,Mantena Ramaraju,TDP,Undi,0,0,0,0,0,1,0,0,0,0,0,0,0,0,0,0,0,1,0,0,0,0,0,0,0,0,1,0
1iyio5cq-0o,2023-02-15,0.9810097217559814,5082.0,ABN,232.0,14.0,undi.png,Mantena Ramaraju,TDP,Undi,0,0,0,0,0,0,0,0,0,0,1,0,0,0,0,0,0,1,1,0,1,0,0,0,0,0,1,0
zmCfUZyisgM,2023-02-16,0.9987659454345704,136195.0,Sakshi,516.0,197.0,undi.png,Mantena Ramaraju,TDP,Undi,0,0,1,0,1,1,1,0,0,0,0,0,0,0,1,0,0,0,0,0,0,0,0,0,0,0,0,0
vNlyOSvZD5M,2023-02-16,-0.9960439205169678,12441.0,TV5,585.0,13.0,undi.png,Mantena Ramaraju,TDP,Undi,0,0,0,0,0,0,0,0,0,0,0,0,0,0,0,0,0,0,0,0,0,1,0,0,0,0,0,0
_ZayPDNE5Lc,2023-02-16,0.9781426191329956,1066.0,ABN,421.0,2.0,undi.png,Mantena Ramaraju,TDP,Undi,0,0,0,0,0,0,0,0,0,0,0,0,0,0,0,0,0,0,0,0,0,0,0,0,0,0,0,0
XcbsbstDiVM,2023-02-18,0.9985032081604004,57662.0,Sakshi,308.0,36.0,undi.png,Mantena Ramaraju,TDP,Undi,0,0,0,0,1,0,0,0,0,0,0,0,0,0,0,0,0,0,0,0,0,0,0,0,0,0,0,0
x2fDaSoWBbk,2023-02-20,0.9881319403648376,3222.0,ABN,430.0,5.0,undi.png,Mantena Ramaraju,TDP,Undi,0,0,0,0,0,0,0,0,0,0,0,0,0,0,0,0,0,1,0,0,0,0,0,0,0,0,0,0
K1YPUs1n69o,2023-02-20,0.9912765026092528,1738.0,TV9,300.0,3.0,undi.png,Mantena Ramaraju,TDP,Undi,0,1,1,0,0,0,0,0,0,1,0,0,0,0,0,0,0,1,0,0,0,0,0,0,0,0,0,0
ARZU5F46oOE,2023-02-20,0.9956899285316468,2515.0,Sakshi,164.0,6.0,undi.png,Mantena Ramaraju,TDP,Undi,0,1,1,0,1,0,0,0,0,1,0,0,0,0,0,0,0,1,0,0,0,0,0,0,0,0,0,0
DPAk9Br4xtg,2023-02-20,0.9905057549476624,12780.0,TV9,407.0,2.0,undi.png,Mantena Ramaraju,TDP,Undi,0,1,1,0,0,0,0,0,0,0,0,0,0,0,0,0,0,1,0,0,0,0,0,0,0,0,0,0
AtIfEdDVElI,2023-02-20,0.99723082780838,2469.0,TV9,319.0,0.0,undi.png,Mantena Ramaraju,TDP,Undi,0,0,0,0,0,0,0,0,0,0,0,0,0,0,0,0,0,1,0,0,0,0,0,0,0,0,0,0
YDjPzsIEOwQ,2023-02-20,0.9925218224525452,8827.0,TV9,232.0,6.0,undi.png,Mantena Ramaraju,TDP,Undi,0,0,0,0,0,0,0,0,0,0,0,0,0,0,0,0,0,1,0,0,0,0,0,0,0,0,0,0
5w41SHBCgiM,2023-02-20,0.9952723383903505,3816.0,TV9,320.0,6.0,undi.png,Mantena Ramaraju,TDP,Undi,0,0,0,0,0,0,0,0,0,0,0,0,0,0,0,0,0,1,0,0,0,0,0,0,0,0,0,0
TXoTmhLXvKg,2023-02-21,-0.9988161325454712,7101.0,TV5,125.0,9.0,undi.png,Mantena Ramaraju,TDP,Undi,0,0,0,0,0,1,0,0,0,0,0,0,0,0,0,1,0,0,0,0,0,0,0,0,0,0,0,0
9HFmNRvzJgA,2023-02-21,-0.9965752959251404,13037.0,TV9,192.0,10.0,undi.png,Mantena Ramaraju,TDP,Undi,1,0,0,0,0,0,0,0,0,0,0,0,0,0,0,0,0,0,0,0,0,0,0,0,0,1,0,0
pUh_whsOHqs,2023-02-24,-0.9935603141784668,1846.0,Sakshi,255.0,6.0,undi.png,Mantena Ramaraju,TDP,Undi,0,0,0,0,1,1,0,1,0,0,0,0,0,0,0,0,0,0,1,0,0,0,0,0,0,0,0,0
GozBl1wP7v8,2023-02-24,-0.9981504082679749,3912.0,TV9,313.0,44.0,undi.png,Mantena Ramaraju,TDP,Undi,0,0,0,1,0,0,0,0,0,0,0,0,0,0,0,0,0,1,0,0,0,0,0,0,0,0,0,0
53gNRD9uos0,2023-02-26,0.9965115189552308,343.0,TV9,268.0,1.0,undi.png,Mantena Ramaraju,TDP,Undi,0,0,0,0,0,0,0,0,0,0,0,0,0,0,0,0,0,0,0,0,0,0,0,0,0,0,0,0
W7bBZWrRtYs,2023-02-26,-0.9953717589378356,378.0,TV9,293.0,0.0,undi.png,Mantena Ramaraju,TDP,Undi,0,0,0,0,0,0,0,0,0,0,0,0,0,0,0,0,0,0,0,0,0,0,0,0,0,0,0,0
oX0xjEuoJd8,2023-02-26,0.9964234232902528,479.0,TV9,258.0,2.0,undi.png,Mantena Ramaraju,TDP,Undi,0,0,0,0,0,0,0,0,0,0,0,0,0,0,0,0,0,0,0,0,0,0,0,0,0,0,0,0
l4ruq8y9cLA,2023-02-26,0.9984707236289978,381.0,TV9,297.0,0.0,undi.png,Mantena Ramaraju,TDP,Undi,0,0,0,1,0,0,0,0,0,0,0,0,0,0,0,0,0,0,0,0,0,0,0,0,0,0,0,0
4elFzBX15O8,2023-02-27,0.9986007809638976,362.0,TV5,139.0,0.0,undi.png,Mantena Ramaraju,TDP,Undi,0,0,0,0,0,0,0,0,0,0,0,0,0,0,0,0,0,0,0,0,0,0,0,0,0,0,0,0
TXkNnu4mWF0,2023-02-28,-0.9846718907356262,599.0,TV9,306.0,0.0,undi.png,Mantena Ramaraju,TDP,Undi,0,0,0,0,0,0,0,0,0,0,0,0,0,0,0,0,0,0,0,0,0,0,0,0,0,0,0,0
TpH8XraPWiM,2023-03-01,-0.990876853466034,537.0,TV9,308.0,1.0,undi.png,Mantena Ramaraju,TDP,Undi,0,0,0,0,0,0,0,0,0,0,0,0,0,0,0,0,0,0,0,0,0,0,0,0,0,0,0,0
zI-1FvvTYCo,2023-03-02,0.9984980821609496,1704.0,TV9,77.0,3.0,undi.png,Mantena Ramaraju,TDP,Undi,0,0,0,0,0,0,0,0,0,0,0,0,0,0,0,0,0,0,0,0,0,0,0,0,0,0,0,0
AvETKcGUDhM,2023-03-02,-0.9984286427497864,4225.0,TV9,216.0,7.0,undi.png,Mantena Ramaraju,TDP,Undi,0,0,0,0,0,1,0,0,1,0,1,0,0,0,0,0,1,0,0,0,0,0,0,0,0,0,0,0
wJ9UtVUJqDs,2023-03-03,0.9968464970588684,18384.0,TV9,283.0,23.0,undi.png,Mantena Ramaraju,TDP,Undi,0,0,0,0,0,0,0,0,0,0,0,0,0,0,0,0,0,0,0,0,0,0,0,0,0,0,1,0
3dNkvaw5Jw0,2023-03-03,0.9976081848144532,3271.0,Sakshi,289.0,16.0,undi.png,Mantena Ramaraju,TDP,Undi,0,1,1,1,1,0,0,0,1,1,0,0,0,0,0,0,0,0,0,0,0,0,0,0,1,0,0,0
0QOVwXto9N0,2023-03-05,0.9985320568084716,3748.0,TV9,217.0,4.0,undi.png,Mantena Ramaraju,TDP,Undi,1,0,0,0,0,0,0,0,0,0,0,0,0,0,0,0,0,0,0,0,0,1,0,0,0,0,0,0
5EjSOFv7x5Y,2023-03-05,0.9987316727638244,1370.0,TV9,213.0,0.0,undi.png,Mantena Ramaraju,TDP,Undi,0,0,0,0,0,0,0,0,0,0,0,0,0,0,0,0,0,0,0,0,0,0,0,0,0,0,0,0
3F0-BVGmTw0,2023-03-07,-0.994462549686432,1107.0,TV9,181.0,4.0,undi.png,Mantena Ramaraju,TDP,Undi,0,0,0,0,0,0,0,0,0,0,0,0,0,0,0,0,0,0,0,0,0,0,0,0,0,0,0,0
bQ5EKK2JMPc,2023-03-07,-0.9908609390258788,1368.0,ABN,150.0,0.0,undi.png,Mantena Ramaraju,TDP,Undi,1,0,1,0,0,0,0,0,0,0,0,0,1,0,1,0,0,0,0,0,0,1,0,0,0,1,0,0
Tp-tAYY6xeE,2023-03-08,-0.9983736276626588,2118.0,TV9,285.0,1.0,undi.png,Mantena Ramaraju,TDP,Undi,0,0,0,1,0,0,0,0,0,0,0,0,0,0,0,0,0,0,0,0,0,0,0,0,0,0,0,0
c-5i08OlzPk,2023-03-08,0.9966838955879213,2014.0,TV5,336.0,1.0,undi.png,Mantena Ramaraju,TDP,Undi,0,0,0,0,0,0,0,0,0,0,0,0,0,0,0,0,0,0,0,0,0,0,0,0,0,0,0,0
NZ62uzjWHeE,2023-03-09,-0.9981049299240112,1436.0,TV9,303.0,0.0,undi.png,Mantena Ramaraju,TDP,Undi,0,0,0,0,0,0,0,0,0,0,0,0,0,0,0,0,0,0,0,0,0,0,0,0,0,0,0,0
pIGoabPYlj4,2023-03-09,0.9939507246017456,509.0,TV5,77.0,0.0,undi.png,Mantena Ramaraju,TDP,Undi,1,0,0,0,0,0,0,0,0,0,0,0,0,0,0,0,0,0,1,0,0,0,0,0,0,0,0,0
VbdzRPmp-Og,2023-03-10,-0.99342280626297,1781.0,Sakshi,341.0,13.0,undi.png,Mantena Ramaraju,TDP,Undi,0,1,1,0,0,0,0,0,0,0,0,0,0,0,0,0,0,0,0,0,0,0,0,0,0,0,1,0
vDGZaySxFQc,2023-03-10,-0.9921018481254578,446.0,ABN,250.0,0.0,undi.png,Mantena Ramaraju,TDP,Undi,0,0,0,0,0,0,0,0,0,0,0,0,0,0,0,0,0,0,0,0,0,0,0,0,0,0,0,0
kLzK-EeaRjM,2023-03-10,0.9976097345352172,1685.0,Sakshi,206.0,5.0,undi.png,Mantena Ramaraju,TDP,Undi,0,0,0,1,0,1,0,0,0,0,0,0,0,0,0,0,0,0,0,0,0,0,0,0,0,0,0,0
9uHFiKTKuXc,2023-03-11,0.9919169545173644,2829.0,Sakshi,325.0,4.0,undi.png,Mantena Ramaraju,TDP,Undi,0,1,1,0,1,1,1,0,0,0,0,0,1,0,1,0,0,0,0,0,0,0,0,0,0,0,0,0
_tzAT-WaUXU,2023-03-11,-0.9982752799987792,34909.0,TV9,216.0,3.0,undi.png,Mantena Ramaraju,TDP,Undi,0,0,0,0,0,0,1,0,0,0,0,0,0,0,0,0,0,0,0,0,0,0,0,0,0,0,0,0
g_wK_-iC3GI,2023-03-12,-0.9965879917144777,1670.0,TV9,276.0,9.0,undi.png,Mantena Ramaraju,TDP,Undi,0,0,0,0,1,1,1,0,1,0,0,0,0,0,0,0,0,0,1,0,0,0,0,0,0,0,1,0
bTqXwXeAsrg,2023-03-12,-0.991242289543152,1303.0,TV9,222.0,3.0,undi.png,Mantena Ramaraju,TDP,Undi,0,0,0,0,0,0,1,0,0,0,0,0,0,0,0,0,0,0,0,0,0,0,0,0,0,0,0,0
bRI0XL0lQYI,2023-03-12,0.993585169315338,833.0,TV9,269.0,6.0,undi.png,Mantena Ramaraju,TDP,Undi,0,0,0,0,0,1,1,0,1,0,0,0,0,0,1,0,0,0,0,0,0,0,0,0,0,0,0,0
RIXBbleypDA,2023-03-12,-0.9971604347229004,808.0,TV9,260.0,9.0,undi.png,Mantena Ramaraju,TDP,Undi,0,1,1,0,1,0,1,0,0,1,0,0,0,0,0,0,0,0,0,0,0,1,0,0,0,0,0,0
mZ8wNVNtf2c,2023-03-12,0.9984512329101562,3643.0,Sakshi,152.0,1.0,undi.png,Mantena Ramaraju,TDP,Undi,0,1,1,0,0,0,0,0,0,0,0,0,0,0,0,0,0,0,0,0,0,0,1,0,0,0,0,0
ynzwjLWEasE,2023-03-12,0.9982945322990416,2329.0,Sakshi,293.0,6.0,undi.png,Mantena Ramaraju,TDP,Undi,1,1,1,0,1,0,1,1,0,1,1,1,0,0,0,1,0,0,0,1,0,1,0,1,1,1,1,0
WQ8dh4pmQPo,2023-03-12,-0.9992468357086182,962.0,TV9,264.0,11.0,undi.png,Mantena Ramaraju,TDP,Undi,0,0,0,0,0,0,1,0,0,0,0,0,0,0,0,0,0,0,0,0,0,0,0,0,0,0,0,0
vjggVdXyKaA,2023-03-12,0.9765691757202148,2139.0,ABN,305.0,2.0,undi.png,Mantena Ramaraju,TDP,Undi,0,1,1,1,0,0,0,0,0,0,0,0,0,0,0,0,0,0,0,0,0,0,0,0,0,0,0,0
YL56PpHIrsg,2023-03-13,0.9872581362724304,1294.0,TV9,329.0,4.0,undi.png,Mantena Ramaraju,TDP,Undi,0,0,0,0,0,0,0,0,0,0,0,0,0,0,0,0,0,0,0,0,0,0,0,0,0,0,0,0
bGnu_eePW4Y,2023-03-14,0.9971756935119628,3471.0,TV9,122.0,3.0,undi.png,Mantena Ramaraju,TDP,Undi,0,0,0,0,0,0,1,0,0,0,0,0,0,0,0,0,0,0,0,0,0,0,0,0,0,0,0,0
GgIoBdnc7qY,2023-03-14,-0.9906436800956726,54002.0,TV9,143.0,39.0,undi.png,Mantena Ramaraju,TDP,Undi,1,1,1,0,1,0,0,0,1,1,0,0,0,0,0,0,0,0,0,0,0,1,0,0,0,0,0,0
Jp2xsT09d3I,2023-03-14,-0.9994688630104064,12000.0,TV5,297.0,12.0,undi.png,Mantena Ramaraju,TDP,Undi,1,0,1,0,0,0,1,0,0,0,0,0,0,0,0,0,0,0,0,0,0,0,0,0,0,0,0,0
I230yvH6bqk,2023-03-15,-0.9944235682487488,1568.0,TV9,261.0,1.0,undi.png,Mantena Ramaraju,TDP,Undi,0,0,0,0,0,0,0,0,0,0,0,0,0,0,0,0,0,0,0,1,0,0,0,0,0,0,0,0
u84zucZD75Q,2023-03-15,-0.9862176775932312,992.0,TV9,266.0,0.0,undi.png,Mantena Ramaraju,TDP,Undi,1,0,1,1,0,0,0,0,0,1,1,0,0,0,0,0,0,0,0,1,0,0,0,1,0,0,1,0
W02fIBLcsWY,2023-03-15,0.9893630146980286,22397.0,TV9,229.0,52.0,undi.png,Mantena Ramaraju,TDP,Undi,1,1,1,0,0,0,1,0,1,0,0,0,0,0,1,0,0,0,1,0,0,1,0,0,0,0,0,0
Aj87qi63Ybk,2023-03-15,-0.9985333681106568,2746.0,ABN,266.0,7.0,undi.png,Mantena Ramaraju,TDP,Undi,0,1,1,0,0,0,0,0,0,0,0,0,0,0,0,0,0,0,1,0,0,0,0,0,0,0,0,0
zDozylCBl3c,2023-03-15,-0.9949786067008972,379333.0,ABN,245.0,232.0,undi.png,Mantena Ramaraju,TDP,Undi,1,0,0,0,0,0,0,0,0,0,0,0,0,0,0,0,0,0,1,1,0,0,0,0,0,0,0,0
KFcVwxjSxp0,2023-03-16,-0.9992985725402832,1488.0,TV5,82.0,5.0,undi.png,Mantena Ramaraju,TDP,Undi,1,0,1,0,0,0,0,0,1,0,0,0,0,0,0,0,0,0,0,0,0,0,0,0,0,1,0,0
JNXiMTqcZe0,2023-03-16,0.982959508895874,107567.0,TV9,160.0,10.0,undi.png,Mantena Ramaraju,TDP,Undi,0,0,0,0,0,0,0,0,0,0,0,0,0,0,0,0,0,0,0,0,0,0,0,0,0,0,0,0
eh3GHg3jick,2023-03-16,-0.9993376135826112,4808.0,TV5,190.0,5.0,undi.png,Mantena Ramaraju,TDP,Undi,1,0,0,0,0,0,0,0,0,0,1,0,0,0,0,0,0,0,1,0,0,0,0,0,0,1,0,0
qprMfOHdekc,2023-03-18,-0.9921452403068542,7430.0,TV5,256.0,9.0,undi.png,Mantena Ramaraju,TDP,Undi,1,0,1,0,1,1,0,0,0,0,0,0,0,0,0,0,0,0,0,0,0,0,0,0,0,0,0,0
VrVCB8qxlzg,2023-03-18,0.9967946410179138,16827.0,TV5,158.0,15.0,undi.png,Mantena Ramaraju,TDP,Undi,1,0,0,0,1,0,0,0,0,0,0,0,0,0,0,0,0,0,1,0,0,0,0,0,0,0,0,0
Ks_pBBIWqJc,2023-03-18,-0.9979503750801086,3703.0,TV9,270.0,7.0,undi.png,Mantena Ramaraju,TDP,Undi,0,0,0,0,0,0,0,0,1,0,0,0,0,0,0,0,0,0,0,1,1,0,0,0,0,0,0,0
3TMz8jXEFsQ,2023-03-20,-0.9994670748710632,3747.0,TV9,129.0,2.0,undi.png,Mantena Ramaraju,TDP,Undi,0,0,0,1,0,0,0,0,0,0,0,0,0,0,0,0,0,0,0,0,0,0,0,0,0,0,0,0
yDGZi0MHQE0,2023-03-21,-0.9909300208091736,661.0,TV9,283.0,0.0,undi.png,Mantena Ramaraju,TDP,Undi,0,0,0,1,0,1,0,0,0,0,0,0,0,0,0,0,0,0,0,0,0,0,0,0,1,0,0,0
bRk-2uMVD2M,2023-03-21,-0.9916008710861206,728.0,TV9,271.0,2.0,undi.png,Mantena Ramaraju,TDP,Undi,0,0,0,0,0,0,0,0,0,0,0,0,0,0,0,0,0,0,0,0,0,0,0,0,1,0,0,0
U6wn5gaCsNk,2023-03-21,-0.997882068157196,587.0,TV9,268.0,0.0,undi.png,Mantena Ramaraju,TDP,Undi,0,0,0,1,0,0,0,0,0,0,1,0,0,0,0,0,0,0,0,0,0,0,0,0,1,0,0,0
arQC0f5K0QQ,2023-03-21,0.9753441214561462,1785.0,TV9,296.0,18.0,undi.png,Mantena Ramaraju,TDP,Undi,0,0,1,1,1,0,0,0,0,1,1,0,0,0,1,0,0,0,0,0,0,0,0,0,1,0,1,0
F-2DoL1bsic,2023-03-21,-0.9945776462554932,10906.0,ABN,209.0,35.0,undi.png,Mantena Ramaraju,TDP,Undi,0,0,0,0,0,0,0,0,0,0,0,0,0,0,0,0,0,0,0,0,0,0,0,0,0,0,0,0
KsdtkHticBk,2023-03-21,-0.9964181184768676,1022.0,TV9,269.0,9.0,undi.png,Mantena Ramaraju,TDP,Undi,0,0,0,0,0,1,0,0,0,0,1,0,0,0,0,0,0,0,0,0,0,0,0,0,1,0,0,0
jgsnzQdxddE,2023-03-21,-0.9971835017204284,469.0,TV9,278.0,1.0,undi.png,Mantena Ramaraju,TDP,Undi,0,0,0,1,0,0,0,0,0,0,1,0,0,0,0,0,0,0,0,0,0,0,0,0,1,0,0,0
S_IVIu4kFY4,2023-03-23,-0.9970242381095886,2952.0,TV9,347.0,1.0,undi.png,Mantena Ramaraju,TDP,Undi,0,0,0,0,0,0,0,0,0,0,0,0,0,0,0,0,0,0,0,0,0,0,0,0,0,0,0,0
cQopDyGMHsA,2023-03-23,-0.991781771183014,164884.0,Sakshi,107.0,531.0,undi.png,Mantena Ramaraju,TDP,Undi,1,1,1,0,1,0,0,0,0,1,0,0,0,0,0,0,0,0,0,0,0,0,0,0,0,0,0,0
1_VMAp_2RoE,2023-03-24,-0.9984115362167358,1792.0,ABN,245.0,1.0,undi.png,Mantena Ramaraju,TDP,Undi,0,0,0,0,0,0,0,0,0,0,0,0,0,0,0,0,0,0,0,0,0,0,0,0,0,0,0,0
y0kSY48V51U,2023-03-24,-0.9835383296012878,2237.0,TV9,206.0,7.0,undi.png,Mantena Ramaraju,TDP,Undi,1,0,0,0,0,0,0,0,0,0,0,0,0,0,0,0,0,0,0,0,0,0,0,0,0,0,0,0
s64w1zGLb-A,2023-03-26,-0.9983924031257628,21822.0,Sakshi,312.0,52.0,undi.png,Mantena Ramaraju,TDP,Undi,0,1,1,0,1,1,0,0,0,1,0,0,0,0,0,0,0,0,0,0,0,0,0,0,0,0,1,1
yK3uOaeq3CI,2023-03-26,-0.997217893600464,85135.0,TV9,218.0,15.0,undi.png,Mantena Ramaraju,TDP,Undi,0,0,0,0,0,0,0,0,0,0,0,0,1,0,0,0,0,0,0,0,0,0,0,0,0,0,0,0
Z-0iCUVnowk,2023-03-26,-0.994520366191864,9786.0,TV9,240.0,13.0,undi.png,Mantena Ramaraju,TDP,Undi,0,0,0,0,0,1,0,0,0,0,0,0,0,0,0,0,0,0,0,0,0,0,0,0,0,0,0,0
IBOrDqmrw9c,2023-03-26,0.9668335914611816,6308.0,TV9,271.0,12.0,undi.png,Mantena Ramaraju,TDP,Undi,0,1,1,1,0,1,0,0,1,0,0,0,0,0,0,0,1,0,0,0,0,0,0,0,0,0,0,0
GtFf5jYuZeQ,2023-03-26,-0.9970478415489196,40455.0,TV9,300.0,96.0,undi.png,Mantena Ramaraju,TDP,Undi,1,0,1,0,0,1,0,0,0,0,1,0,0,0,0,0,0,0,0,0,0,0,0,0,0,1,0,0
pF3659oilW4,2023-03-26,-0.9836506247520448,2739.0,TV9,324.0,5.0,undi.png,Mantena Ramaraju,TDP,Undi,0,0,0,0,0,1,0,0,0,0,0,0,0,0,1,0,0,0,1,0,0,0,0,0,0,0,0,0
k-kaqvBxvWw,2023-03-26,-0.9943654537200928,2721.0,TV9,217.0,2.0,undi.png,Mantena Ramaraju,TDP,Undi,1,1,1,0,0,1,0,0,1,0,0,0,0,0,0,0,0,0,0,0,0,0,0,0,0,0,1,0
RP5qoBrr474,2023-03-26,-0.997995138168335,488.0,TV9,51.0,0.0,undi.png,Mantena Ramaraju,TDP,Undi,0,0,1,0,0,0,0,0,0,1,0,0,0,0,0,0,0,0,0,0,0,0,0,0,0,0,1,0
Wlw9CtvD8BA,2023-03-26,-0.9960054755210876,8097.0,TV9,301.0,5.0,undi.png,Mantena Ramaraju,TDP,Undi,0,1,1,0,0,1,1,0,0,1,0,1,0,0,0,0,0,0,1,0,0,0,0,0,0,1,1,0
B8yr1uFLTkQ,2023-03-26,-0.9755519032478333,8278.0,TV9,286.0,26.0,undi.png,Mantena Ramaraju,TDP,Undi,0,0,0,0,0,1,0,0,0,0,0,0,0,0,0,0,0,0,0,0,0,0,0,0,0,0,0,0
w8u6CltDkCQ,2023-03-26,-0.9619439244270324,1245.0,TV9,135.0,1.0,undi.png,Mantena Ramaraju,TDP,Undi,0,0,0,0,0,0,0,0,0,0,0,0,1,0,0,0,0,0,0,0,0,0,0,0,0,0,0,0
TacjhideJ0g,2023-03-26,-0.9986186027526855,5574.0,TV9,314.0,16.0,undi.png,Mantena Ramaraju,TDP,Undi,1,0,0,0,0,1,0,0,0,0,0,1,0,0,0,0,0,0,0,0,0,0,0,0,0,0,0,0
sYev6tdlypA,2023-03-27,0.9977286458015442,4367.0,TV9,217.0,3.0,undi.png,Mantena Ramaraju,TDP,Undi,1,0,0,0,0,1,0,0,1,0,0,0,0,0,0,0,0,0,0,0,0,0,0,0,0,0,0,0
-GpHTXAXMew,2023-03-27,-0.99285227060318,4824.0,TV9,291.0,3.0,undi.png,Mantena Ramaraju,TDP,Undi,1,0,1,1,0,0,0,0,1,0,0,0,0,0,0,0,0,0,0,0,0,0,0,0,0,0,0,0
OAd7llOmS3Q,2023-03-27,-0.9979516863822936,6043.0,ABN,121.0,7.0,undi.png,Mantena Ramaraju,TDP,Undi,0,1,0,0,1,0,0,0,0,0,0,0,0,0,0,0,0,0,0,0,0,0,0,0,0,0,0,0
5_ew1jmCYWE,2023-03-29,0.970654308795929,3139.0,ABN,230.0,0.0,undi.png,Mantena Ramaraju,TDP,Undi,0,0,0,0,0,0,0,0,0,0,0,0,0,0,0,0,0,0,0,0,1,0,0,0,0,0,0,0
O9u4z3cLHTs,2023-03-30,-0.9978781938552856,8644.0,Sakshi,245.0,9.0,undi.png,Mantena Ramaraju,TDP,Undi,1,0,1,1,1,1,0,0,0,0,0,0,0,0,0,0,0,0,0,1,0,0,0,0,0,0,0,1
fDQyLzLR0Zg,2023-03-31,-0.9985828399658204,2007.0,TV9,208.0,8.0,undi.png,Mantena Ramaraju,TDP,Undi,0,0,0,0,0,0,0,0,1,0,1,1,0,0,0,0,0,1,0,0,0,0,0,0,0,0,0,0
GlikUz_EC88,2023-03-31,-0.9983447790145874,2603.0,TV9,233.0,10.0,undi.png,Mantena Ramaraju,TDP,Undi,0,0,0,0,0,1,0,0,0,0,1,1,0,0,0,0,0,1,1,0,0,0,0,0,0,0,0,0
KWhNdQUzzvQ,2023-04-01,-0.9954147338867188,1185.0,TV9,106.0,6.0,undi.png,Mantena Ramaraju,TDP,Undi,0,0,0,0,0,0,0,0,0,0,0,0,0,0,0,0,0,0,0,0,0,0,0,0,0,0,0,0
hE8PVkLglbY,2023-04-02,0.9977685213088988,1420.0,TV9,220.0,0.0,undi.png,Mantena Ramaraju,TDP,Undi,1,1,1,1,0,0,0,0,0,1,0,0,0,0,0,0,0,0,0,0,0,0,0,0,0,1,0,0
RxA48TmH9kM,2023-04-03,0.998665690422058,1004.0,ABN,260.0,0.0,undi.png,Mantena Ramaraju,TDP,Undi,1,0,0,0,0,0,0,0,0,0,0,0,0,0,0,0,0,0,0,0,0,0,0,0,0,0,0,0
nlBbZbGUn2Q,2023-04-04,-0.9909939169883728,3170.0,ABN,285.0,10.0,undi.png,Mantena Ramaraju,TDP,Undi,0,1,1,1,0,0,0,0,0,1,0,0,0,0,0,0,0,0,0,0,0,1,0,0,0,0,0,0
SId49PtVPA0,2023-04-05,-0.9944023489952089,1168.0,TV5,67.0,3.0,undi.png,Mantena Ramaraju,TDP,Undi,0,0,0,1,0,0,0,0,1,0,0,0,0,0,0,0,0,0,0,0,0,0,0,0,0,0,0,0
zCBzVrl0hKQ,2023-04-05,0.9983421564102172,2391.0,Sakshi,307.0,4.0,undi.png,Mantena Ramaraju,TDP,Undi,0,1,1,0,1,0,0,1,0,1,0,0,0,0,0,0,0,0,0,0,0,0,0,0,0,0,0,0
9S4b5FbIk5A,2023-04-05,0.997654378414154,1942.0,TV9,338.0,12.0,undi.png,Mantena Ramaraju,TDP,Undi,1,0,0,0,0,1,0,0,0,0,0,0,0,0,0,0,0,0,0,0,0,0,0,0,0,0,0,0
UkRAXtYjv1A,2023-04-06,0.9986227750778198,938.0,TV9,278.0,5.0,undi.png,Mantena Ramaraju,TDP,Undi,0,0,0,1,0,0,0,0,0,0,0,0,0,0,0,0,0,1,1,0,0,0,0,0,0,0,0,0
6kRkkHi25lg,2023-04-06,0.9968675971031188,2147.0,TV9,275.0,6.0,undi.png,Mantena Ramaraju,TDP,Undi,0,0,0,1,0,0,0,0,0,0,0,0,0,0,0,0,0,1,0,0,0,0,0,0,0,0,0,0
XVXkEld63f0,2023-04-08,0.9933390021324158,348.0,TV5,210.0,0.0,undi.png,Mantena Ramaraju,TDP,Undi,0,1,0,0,0,0,0,0,0,0,0,0,0,0,0,0,0,0,0,0,0,0,0,0,0,0,0,0
UdJbAeV-sXM,2023-04-10,0.9979846477508544,2456.0,TV9,275.0,1.0,undi.png,Mantena Ramaraju,TDP,Undi,0,0,0,0,0,0,0,0,0,0,0,0,0,0,0,0,0,0,0,0,0,0,0,0,0,0,0,0
1NlCfwkm_Yo,2023-04-10,-0.9987058639526368,3710.0,TV9,259.0,5.0,undi.png,Mantena Ramaraju,TDP,Undi,0,0,0,0,0,0,0,0,0,1,0,0,0,0,0,0,0,0,0,0,0,0,1,0,0,1,0,0
KAAuo0UsgnU,2023-04-10,-0.9947525262832642,1618.0,TV9,158.0,6.0,undi.png,Mantena Ramaraju,TDP,Undi,0,0,0,0,0,0,0,0,0,0,0,0,0,0,0,0,0,0,0,0,0,0,0,0,0,0,1,0
RSEmLYLcrpI,2023-04-10,0.996170699596405,1023.0,TV9,184.0,1.0,undi.png,Mantena Ramaraju,TDP,Undi,0,0,0,0,0,0,0,0,0,0,0,0,0,0,0,0,0,0,0,0,0,0,0,0,0,0,0,0
2_Et4bS5fs8,2023-04-11,0.996404767036438,1146.0,TV9,191.0,2.0,undi.png,Mantena Ramaraju,TDP,Undi,0,1,1,1,1,0,0,0,1,0,0,0,0,0,0,0,1,0,0,0,0,0,0,0,0,0,0,0
YCWf6cM9aPU,2023-04-12,-0.9959231615066528,2513.0,TV9,182.0,9.0,undi.png,Mantena Ramaraju,TDP,Undi,1,0,1,0,1,0,1,0,1,0,0,1,0,0,0,0,1,0,0,0,0,0,0,0,0,1,1,0
4cGI28CMh4I,2023-04-13,0.9984001517295836,11424.0,TV5,212.0,5.0,undi.png,Mantena Ramaraju,TDP,Undi,1,1,1,0,1,1,0,0,0,1,0,0,0,0,0,0,0,0,0,0,0,0,0,0,0,0,0,0
EymTevzI-SI,2023-04-13,-0.9970670342445374,62512.0,Sakshi,224.0,315.0,undi.png,Mantena Ramaraju,TDP,Undi,0,1,1,1,1,1,0,0,0,0,0,0,0,0,0,0,0,0,0,0,0,0,0,0,0,0,1,0
lnxLEyAMwFU,2023-04-13,0.9934950470924376,9688.0,TV5,252.0,5.0,undi.png,Mantena Ramaraju,TDP,Undi,1,0,1,1,0,0,0,1,0,1,0,0,0,0,0,1,0,0,0,0,0,0,0,0,0,0,0,0
30DOc8uwQzI,2023-04-14,-0.9923031330108644,2431.0,TV9,151.0,5.0,undi.png,Mantena Ramaraju,TDP,Undi,0,0,0,0,1,0,0,0,1,0,0,0,0,0,0,0,1,0,0,0,0,0,0,0,0,0,0,0
rq_pk9Z9MGo,2023-04-14,-0.9834011793136596,473.0,TV5,70.0,1.0,undi.png,Mantena Ramaraju,TDP,Undi,0,0,0,0,0,0,0,0,0,0,0,0,0,0,0,0,0,0,0,0,0,0,0,0,0,0,0,0
q9DmA1Fy08w,2023-04-15,0.9888771176338196,199707.0,TV9,190.0,81.0,undi.png,Mantena Ramaraju,TDP,Undi,0,0,0,0,0,0,0,0,0,0,0,0,0,0,0,0,0,0,0,0,0,0,0,0,0,0,1,0
l3MfVr50qgM,2023-04-15,-0.9874383807182312,6150.0,TV9,159.0,25.0,undi.png,Mantena Ramaraju,TDP,Undi,0,1,0,0,0,0,0,0,1,0,0,0,0,0,0,0,0,0,0,0,0,0,0,0,0,0,0,0
y7XaLoTURRA,2023-04-16,-0.9983816146850586,1515.0,TV9,197.0,0.0,undi.png,Mantena Ramaraju,TDP,Undi,0,0,0,0,0,0,0,0,0,0,0,0,0,0,0,0,0,0,0,0,0,0,0,0,0,0,0,0
jxMCOVLCmWI,2023-04-16,-0.9991382360458374,2413.0,TV9,352.0,1.0,undi.png,Mantena Ramaraju,TDP,Undi,0,0,0,0,0,0,0,0,0,0,0,0,0,0,0,0,0,0,0,0,0,0,0,0,0,0,0,0
eJg98fU7Lgc,2023-04-16,-0.9986978769302368,862.0,TV9,324.0,1.0,undi.png,Mantena Ramaraju,TDP,Undi,0,0,0,0,0,0,0,0,0,0,0,0,0,0,0,0,0,0,0,0,0,0,0,0,0,0,0,0
-PQ6QYPtw10,2023-04-17,-0.9914892911911012,2012.0,TV9,258.0,0.0,undi.png,Mantena Ramaraju,TDP,Undi,0,0,0,0,0,0,0,0,0,0,0,0,0,0,0,0,0,0,0,0,0,1,0,0,0,0,0,0
4iTBza95sBE,2023-04-17,-0.9961446523666382,649.0,TV9,100.0,0.0,undi.png,Mantena Ramaraju,TDP,Undi,0,0,0,0,0,0,0,0,1,0,0,0,0,0,0,0,0,0,0,0,0,0,0,0,0,0,0,0
dCyqNLCbzoY,2023-04-18,-0.9967790246009828,3326.0,TV5,305.0,5.0,undi.png,Mantena Ramaraju,TDP,Undi,1,1,1,0,0,1,0,0,0,0,0,0,0,0,0,0,1,0,1,0,0,1,0,0,0,0,0,0
IyFKXccu-Ic,2023-04-18,-0.9985474944114684,4008.0,TV5,305.0,6.0,undi.png,Mantena Ramaraju,TDP,Undi,1,1,0,0,0,1,0,0,0,0,0,0,0,0,0,0,1,0,0,0,0,0,0,0,0,0,0,0
3hefTnlQHyk,2023-04-18,0.9914152026176452,950.0,TV9,231.0,2.0,undi.png,Mantena Ramaraju,TDP,Undi,0,0,0,0,0,0,0,0,0,0,0,0,0,0,0,0,0,0,0,0,0,0,0,0,0,0,0,0
DBf7JeDlrIA,2023-04-18,-0.989301860332489,1559.0,TV5,100.0,2.0,undi.png,Mantena Ramaraju,TDP,Undi,1,1,1,0,1,1,0,0,0,0,0,0,0,0,0,0,0,0,0,0,0,0,0,0,0,0,0,0
tHBvVhy54Ic,2023-04-19,-0.9980289340019226,57729.0,TV5,190.0,50.0,undi.png,Mantena Ramaraju,TDP,Undi,1,0,0,0,0,1,0,0,0,0,0,0,0,0,0,0,0,0,0,1,0,0,0,0,0,0,0,0
pvOWfFCAkI0,2023-04-20,-0.9985005855560304,8028.0,TV5,260.0,6.0,undi.png,Mantena Ramaraju,TDP,Undi,1,0,1,0,0,1,0,0,0,0,0,0,0,0,0,0,0,0,0,0,0,0,0,0,0,0,0,0
lK2Ycbg1i1g,2023-04-20,-0.994533896446228,6988.0,TV5,305.0,6.0,undi.png,Mantena Ramaraju,TDP,Undi,1,0,0,0,0,1,0,0,0,0,0,0,0,0,0,0,0,0,0,0,0,0,0,0,0,0,0,0
yx0VClIAFqg,2023-04-21,0.9934428930282592,339.0,TV9,287.0,2.0,undi.png,Mantena Ramaraju,TDP,Undi,0,0,0,0,0,0,0,0,0,0,0,0,0,0,0,0,0,0,0,0,0,0,0,0,0,0,0,0
yEjPRIvWnJE,2023-04-21,-0.993851900100708,784.0,TV9,203.0,0.0,undi.png,Mantena Ramaraju,TDP,Undi,0,0,0,0,0,0,0,0,0,0,0,0,0,0,1,0,1,0,0,0,0,1,0,0,0,0,0,0
Fzy_eykvsDs,2023-04-22,-0.982177734375,1204.0,TV5,105.0,7.0,undi.png,Mantena Ramaraju,TDP,Undi,0,0,0,0,1,0,0,0,0,0,0,0,0,0,0,0,0,0,0,0,0,0,0,0,0,0,0,0
DiLFK6fKong,2023-04-22,0.9980964064598083,23665.0,Sakshi,42897.0,7.0,undi.png,Mantena Ramaraju,TDP,Undi,0,0,1,0,0,1,0,1,0,0,0,0,0,0,0,0,0,0,0,0,0,0,0,0,0,0,0,0
