ids,upload_date,sentiment,view_count,uploader,duration,comment_count,f_id,name,party,constituency,tdp,ycp,ysrcp,schemes,cm jagan,chandrababu,pawan kalyan,nara lokesh,AP ,yuvagalam,amaravati,janasena party,ap employees,ap assembly session today,alliance,vangalapudi anitha,polavaram,visakha,byreddy siddharth reddy,roja,nellore ,yuvashakti,tadepalli,ys vijayamma,Pension,suprem court,ap development,tadipatri,varahi ,maa nammakam nuvve jagan,nandigama
Y0ofvoWJop8,2019-12-20,0.9952705502510072,2104.0,Sakshi,393.0,3.0,prathipadu_.png,Mekathoti Sucharita,YSRCP,Prathipadu,0,0,0,0,0,0,0,0,0,0,0,0,0,0,0,0,0,0,0,0,0,0,0,0,0,0,0,0,0,0,0
NAB207GRiqc,2019-12-22,0.9967832565307616,3335.0,Sakshi,85.0,0.0,prathipadu_.png,Mekathoti Sucharita,YSRCP,Prathipadu,1,0,0,0,0,0,0,0,0,0,0,0,0,0,0,0,0,1,0,0,0,1,0,0,0,0,1,0,0,0,0
mnIuh7Kz8bo,2019-12-24,0.9976801872253418,3327.0,Sakshi,227.0,17.0,prathipadu_.png,Mekathoti Sucharita,YSRCP,Prathipadu,0,1,1,0,1,0,0,0,1,0,0,0,0,0,0,0,0,1,0,0,0,0,0,0,0,1,1,0,0,0,0
6xkTehex1VQ,2019-12-27,0.997666358947754,7953.0,Sakshi,158.0,7.0,prathipadu_.png,Mekathoti Sucharita,YSRCP,Prathipadu,1,1,1,0,1,0,0,0,1,0,0,0,1,0,0,0,0,0,0,0,0,0,1,0,0,1,1,1,0,1,0
Kr2yodIyMSk,2020-03-10,0.9980588555336,7007.0,Sakshi,239.0,1.0,prathipadu_.png,Mekathoti Sucharita,YSRCP,Prathipadu,0,1,1,0,1,0,0,0,0,1,0,0,0,0,0,0,0,1,0,0,0,1,0,0,0,0,0,0,0,0,0
JNFQYlW0uvQ,2020-03-14,-0.9732643365859984,731676.0,Sakshi,385.0,208.0,prathipadu_.png,Mekathoti Sucharita,YSRCP,Prathipadu,0,0,1,0,0,1,0,0,0,0,0,0,0,0,0,0,0,0,0,0,0,0,0,0,0,0,0,0,0,0,0
1Hi3GMT6Tbg,2021-02-19,0.9985187649726868,3261.0,Sakshi,166.0,5.0,prathipadu_.png,Mekathoti Sucharita,YSRCP,Prathipadu,0,1,1,1,0,0,0,0,0,0,0,0,0,0,1,0,0,0,0,0,0,0,0,0,0,0,1,0,0,0,0
clHtaknM-Ew,2021-09-04,0.99722820520401,3212.0,Sakshi,160.0,21.0,prathipadu_.png,Mekathoti Sucharita,YSRCP,Prathipadu,0,0,1,0,0,1,0,0,1,0,0,0,0,0,0,0,0,1,0,0,0,1,0,0,0,0,1,0,0,0,1
1922qOQpsIc,2021-10-26,-0.9938854575157166,31617.0,Sakshi,577.0,30.0,prathipadu_.png,Mekathoti Sucharita,YSRCP,Prathipadu,0,0,1,0,0,0,0,0,0,0,0,0,0,0,0,0,0,0,0,1,0,0,0,0,0,0,0,0,0,0,0
Qk3My3eVvaw,2021-12-08,0.9985699653625488,5546.0,Sakshi,235.0,29.0,prathipadu_.png,Mekathoti Sucharita,YSRCP,Prathipadu,0,0,1,0,0,0,0,0,1,1,1,0,0,1,1,1,1,1,0,0,0,1,0,0,0,1,1,1,0,0,0
3nFrggdkLO0,2021-12-08,0.9960930943489076,2160.0,Sakshi,346.0,3.0,prathipadu_.png,Mekathoti Sucharita,YSRCP,Prathipadu,0,0,0,0,0,0,0,0,0,0,0,0,0,0,0,0,0,0,0,0,0,0,0,0,0,0,0,0,0,0,0
0VZEFPGUdq0,2021-12-10,0.8783113956451416,1692.0,Sakshi,261.0,2.0,prathipadu_.png,Mekathoti Sucharita,YSRCP,Prathipadu,0,1,1,1,0,1,0,0,1,1,1,0,0,0,0,0,1,0,0,0,0,0,0,0,0,1,1,0,0,0,0
7vb_i7sie_k,2021-12-13,0.994698405265808,13544.0,Sakshi,421.0,34.0,prathipadu_.png,Mekathoti Sucharita,YSRCP,Prathipadu,0,0,0,0,0,0,0,0,0,0,0,0,0,0,0,0,0,0,0,1,0,0,0,0,0,0,0,0,0,0,0
LSQAZ02UJRQ,2021-12-13,-0.9970865845680236,11362.0,Sakshi,149.0,104.0,prathipadu_.png,Mekathoti Sucharita,YSRCP,Prathipadu,0,1,0,1,0,1,1,0,0,0,0,0,0,0,0,0,0,1,0,1,0,0,0,0,0,0,0,0,0,0,0
d3FsEO8Vcv8,2021-12-15,0.9939448237419128,21469.0,Sakshi,237.0,56.0,prathipadu_.png,Mekathoti Sucharita,YSRCP,Prathipadu,1,0,1,1,0,1,0,0,1,0,0,0,0,0,0,0,0,0,0,0,0,0,0,0,0,0,0,0,0,0,0
3vojEMFt4Gg,2022-01-01,0.9987323880195618,31221.0,Sakshi,373.0,43.0,prathipadu_.png,Mekathoti Sucharita,YSRCP,Prathipadu,1,1,1,1,1,0,0,0,0,0,0,0,0,0,1,0,0,0,0,1,0,1,0,0,1,0,1,1,0,0,0
KqxwGbZGQoQ,2022-02-14,0.9987881779670716,7370.0,Sakshi,286.0,15.0,prathipadu_.png,Mekathoti Sucharita,YSRCP,Prathipadu,0,0,0,0,0,0,0,0,1,0,0,0,0,0,1,0,0,0,0,0,0,0,0,0,0,0,1,0,0,0,0
vpxe0Rflx8I,2022-02-16,-0.9976623058319092,6476.0,Sakshi,231.0,30.0,prathipadu_.png,Mekathoti Sucharita,YSRCP,Prathipadu,0,0,0,1,0,0,0,0,1,0,0,0,0,0,0,0,0,0,0,0,0,1,0,0,0,0,1,0,0,0,0
L_bqbl7CCo4,2022-02-16,0.9969536066055298,83953.0,Sakshi,65.0,66.0,prathipadu_.png,Mekathoti Sucharita,YSRCP,Prathipadu,0,0,1,0,1,0,0,0,0,0,0,0,0,0,0,0,0,0,0,0,0,0,0,0,0,0,0,0,0,0,0
4_7zjQxksVQ,2022-03-04,-0.9613940119743348,129983.0,Sakshi,195.0,96.0,prathipadu_.png,Mekathoti Sucharita,YSRCP,Prathipadu,0,0,1,0,0,0,0,0,1,0,0,0,0,0,0,0,0,0,0,0,0,0,0,0,0,1,1,0,0,0,0
clKoqU1HBUg,2022-03-08,0.9982243180274964,13828.0,Sakshi,363.0,4.0,prathipadu_.png,Mekathoti Sucharita,YSRCP,Prathipadu,0,1,1,0,1,0,0,0,0,0,0,0,0,0,0,0,0,0,0,0,0,0,0,0,0,0,0,0,0,0,0
NKJXIMsJXto,2022-03-09,0.9984789490699768,7258.0,Sakshi,181.0,2.0,prathipadu_.png,Mekathoti Sucharita,YSRCP,Prathipadu,0,0,0,0,0,0,0,0,1,0,0,0,0,1,0,0,0,0,0,0,0,0,0,0,0,1,0,0,0,1,0
756ut-TNJrg,2022-03-09,0.99432110786438,43238.0,Sakshi,274.0,26.0,prathipadu_.png,Mekathoti Sucharita,YSRCP,Prathipadu,0,0,0,0,0,0,0,0,0,0,0,0,1,0,0,0,0,0,0,0,0,0,0,0,0,1,0,0,0,0,0
huAuqqt2Tj8,2022-03-09,0.9967190623283386,1106.0,Sakshi,516.0,1.0,prathipadu_.png,Mekathoti Sucharita,YSRCP,Prathipadu,0,0,0,0,0,0,0,0,0,0,0,0,0,0,0,0,0,0,0,0,0,0,0,0,0,0,0,0,0,0,0
hAl8EE2l_co,2022-03-10,-0.9976913928985596,3817.0,Sakshi,236.0,0.0,prathipadu_.png,Mekathoti Sucharita,YSRCP,Prathipadu,0,0,1,0,0,0,0,0,1,0,0,0,0,0,0,0,0,0,0,0,0,0,0,0,0,0,1,0,0,0,0
jSeQ44G05zc,2022-03-10,0.9981745481491088,59154.0,Sakshi,182.0,18.0,prathipadu_.png,Mekathoti Sucharita,YSRCP,Prathipadu,0,0,0,0,0,0,0,0,0,0,0,0,0,0,0,0,0,0,0,0,0,0,0,0,1,1,0,0,0,0,0
K9fU7_YxISM,2022-03-10,-0.9940581321716307,28325.0,Sakshi,395.0,5.0,prathipadu_.png,Mekathoti Sucharita,YSRCP,Prathipadu,0,0,0,0,0,0,0,0,0,0,0,0,0,0,0,0,0,0,0,0,0,0,0,0,0,1,0,0,0,0,0
Hq51_V6fGfQ,2022-03-12,-0.9975228905677797,11908.0,Sakshi,271.0,2.0,prathipadu_.png,Mekathoti Sucharita,YSRCP,Prathipadu,0,0,0,0,0,0,0,0,0,0,0,0,0,0,0,0,0,0,0,0,0,0,0,0,0,0,0,0,0,0,0
S1LKKHOoz28,2022-03-12,-0.9933406710624696,3929.0,Sakshi,182.0,1.0,prathipadu_.png,Mekathoti Sucharita,YSRCP,Prathipadu,0,0,0,0,0,0,0,0,0,0,0,0,0,0,1,0,0,0,0,0,0,0,0,0,0,0,0,0,0,0,0
-n84XSSeeJY,2022-03-12,0.998387336730957,2619.0,Sakshi,195.0,3.0,prathipadu_.png,Mekathoti Sucharita,YSRCP,Prathipadu,0,1,1,0,0,0,0,0,0,0,0,0,0,0,0,0,0,0,0,0,0,0,0,0,0,0,1,0,0,0,0
c8vaF4JDiA8,2022-03-12,0.9986255168914796,23593.0,Sakshi,101.0,56.0,prathipadu_.png,Mekathoti Sucharita,YSRCP,Prathipadu,0,1,1,0,1,0,0,0,1,0,0,0,0,0,0,0,0,0,0,0,0,0,0,0,0,1,0,0,0,0,0
MhNoh8L8Z_w,2022-03-14,0.9962424039840698,17890.0,Sakshi,68.0,254.0,prathipadu_.png,Mekathoti Sucharita,YSRCP,Prathipadu,0,0,0,0,0,0,1,0,1,0,0,1,0,0,0,0,0,0,0,0,0,0,0,0,0,0,0,0,0,0,0
k2A7KbI1OPs,2022-03-24,0.997162401676178,6843.0,Sakshi,301.0,6.0,prathipadu_.png,Mekathoti Sucharita,YSRCP,Prathipadu,0,0,0,1,0,0,0,0,0,0,0,0,0,1,0,0,0,0,0,0,0,0,0,0,0,0,0,0,0,0,0
xRMjVhMIB9w,2022-04-05,0.9984637498855592,6038.0,Sakshi,301.0,7.0,prathipadu_.png,Mekathoti Sucharita,YSRCP,Prathipadu,0,0,0,0,1,0,0,0,0,0,0,0,0,1,0,0,0,0,0,0,0,0,0,0,0,1,1,0,0,0,0
EBUeb5BBEX8,2022-04-22,0.997743844985962,50607.0,Sakshi,91.0,78.0,prathipadu_.png,Mekathoti Sucharita,YSRCP,Prathipadu,0,1,1,0,1,0,0,0,0,1,0,0,0,0,1,0,0,1,0,0,0,1,0,0,0,0,0,0,1,0,0
e7M7Tp9NH3I,2022-04-22,-0.998412013053894,37391.0,Sakshi,106.0,108.0,prathipadu_.png,Mekathoti Sucharita,YSRCP,Prathipadu,0,0,0,0,1,1,0,0,0,0,0,0,0,0,0,0,0,0,0,0,0,0,0,0,0,0,0,0,0,0,0
xx13CsuKLhc,2022-05-10,-0.9988635778427124,82972.0,Sakshi,312.0,282.0,prathipadu_.png,Mekathoti Sucharita,YSRCP,Prathipadu,1,1,1,1,0,1,1,0,0,0,0,0,0,0,1,0,0,0,0,0,0,0,0,0,0,1,0,0,0,0,0
FmMmfSc8KE4,2022-05-10,-0.9993543028831482,204810.0,Sakshi,235.0,494.0,prathipadu_.png,Mekathoti Sucharita,YSRCP,Prathipadu,0,1,1,0,0,1,1,0,0,0,0,0,0,0,0,0,0,0,0,0,0,0,0,0,0,0,0,0,0,0,0
p3RTlKy7EaE,2022-05-10,-0.9991222023963928,156682.0,Sakshi,272.0,443.0,prathipadu_.png,Mekathoti Sucharita,YSRCP,Prathipadu,0,0,1,0,0,0,1,0,0,0,0,0,0,0,1,0,0,0,0,0,0,0,0,0,0,0,0,0,0,0,0
pv5Q-9rByy4,2022-05-12,0.9970433115959167,14835.0,Sakshi,263.0,47.0,prathipadu_.png,Mekathoti Sucharita,YSRCP,Prathipadu,0,1,1,1,1,0,0,0,0,0,0,0,0,0,0,0,0,0,0,0,0,0,0,0,1,0,1,0,0,0,0
5NkiBrnpTMc,2022-05-18,0.991796851158142,3471.0,Sakshi,135.0,17.0,prathipadu_.png,Mekathoti Sucharita,YSRCP,Prathipadu,0,0,0,0,1,1,0,0,0,0,0,0,0,0,0,0,0,0,0,1,0,0,0,0,0,0,1,0,0,0,0
inZFNu1JZuA,2022-05-21,0.9986411929130554,189508.0,Sakshi,453.0,117.0,prathipadu_.png,Mekathoti Sucharita,YSRCP,Prathipadu,0,0,0,0,1,0,0,0,0,0,0,0,0,0,0,0,0,0,0,0,0,0,0,0,0,0,0,0,0,0,0
C7Ck9o2_kOc,2022-06-21,-0.9960914254188538,72044.0,Sakshi,304.0,505.0,prathipadu_.png,Mekathoti Sucharita,YSRCP,Prathipadu,0,0,0,1,1,1,1,0,0,0,0,0,0,0,1,0,0,0,0,0,0,0,0,0,0,0,1,0,0,0,0
Cudcww-L_A4,2022-06-27,-0.9901081323623656,1701.0,Sakshi,259.0,0.0,prathipadu_.png,Mekathoti Sucharita,YSRCP,Prathipadu,0,1,1,0,1,0,0,0,0,0,0,0,0,0,0,0,0,1,0,0,0,0,0,0,0,1,0,1,0,0,0
BIyFt3B9TlE,2022-07-07,0.9961491823196412,1162.0,Sakshi,237.0,0.0,prathipadu_.png,Mekathoti Sucharita,YSRCP,Prathipadu,0,1,1,1,1,0,0,0,1,1,1,0,0,0,1,0,1,0,0,0,0,0,0,0,1,1,1,1,0,0,1
sGdLl0z6W04,2022-07-07,0.9973887801170348,5419.0,Sakshi,287.0,4.0,prathipadu_.png,Mekathoti Sucharita,YSRCP,Prathipadu,0,1,1,1,1,0,0,0,0,0,0,1,0,1,0,0,0,0,0,0,0,0,0,0,0,1,1,0,0,0,0
EsJwJdOCNk8,2022-07-10,0.997364342212677,63847.0,Sakshi,571.0,38.0,prathipadu_.png,Mekathoti Sucharita,YSRCP,Prathipadu,0,0,1,0,0,0,0,0,0,0,0,0,0,0,0,0,0,0,0,0,0,0,0,0,0,0,0,0,0,0,0
S5ezpXBzq6o,2022-07-26,0.9987401366233826,39071.0,Sakshi,528.0,58.0,prathipadu_.png,Mekathoti Sucharita,YSRCP,Prathipadu,0,0,0,0,1,0,0,0,1,0,0,0,0,0,0,0,0,0,0,0,0,0,0,0,0,0,0,0,0,0,0
2tARWvpsk6s,2022-08-19,-0.9929962754249572,46948.0,Sakshi,159.0,130.0,prathipadu_.png,Mekathoti Sucharita,YSRCP,Prathipadu,1,0,0,0,1,0,0,0,1,0,0,0,0,0,0,0,0,0,0,0,0,0,0,0,0,0,0,0,0,0,0
3pUDkyrXyS0,2022-08-24,-0.99213844537735,8141.0,TV5,169.0,25.0,prathipadu_.png,Mekathoti Sucharita,YSRCP,Prathipadu,1,0,1,0,0,1,0,0,0,0,0,0,0,0,0,0,0,0,1,0,0,1,1,0,0,0,1,1,0,0,0
NJkSVLrTvaU,2022-08-24,-0.9981264472007751,2425.0,TV5,90.0,18.0,prathipadu_.png,Mekathoti Sucharita,YSRCP,Prathipadu,1,0,1,0,0,0,0,0,0,1,0,0,0,0,0,0,0,0,0,0,0,1,0,0,0,1,0,1,0,0,0
obwTl4NFYtc,2022-08-24,-0.998789608478546,415.0,TV5,131.0,2.0,prathipadu_.png,Mekathoti Sucharita,YSRCP,Prathipadu,1,0,0,1,0,0,0,0,0,0,0,0,0,0,0,0,0,0,0,0,0,1,0,0,0,1,0,1,0,0,0
9z4V4B56at4,2022-08-24,-0.990140974521637,1291.0,TV5,454.0,1.0,prathipadu_.png,Mekathoti Sucharita,YSRCP,Prathipadu,0,0,0,0,0,0,0,0,0,0,0,0,0,0,0,0,0,0,0,0,0,0,0,0,0,0,0,0,0,0,0
pMgOgj6OXJA,2022-08-24,-0.9982107877731324,1316.0,TV5,266.0,1.0,prathipadu_.png,Mekathoti Sucharita,YSRCP,Prathipadu,0,0,0,1,0,0,0,0,0,0,0,0,0,0,0,0,0,0,0,0,0,0,0,0,0,0,0,0,0,0,0
-ViVN0ELAoM,2022-08-26,-0.9984172582626344,1883.0,TV5,260.0,3.0,prathipadu_.png,Mekathoti Sucharita,YSRCP,Prathipadu,0,0,0,0,0,0,0,0,0,0,0,0,0,0,0,0,0,0,0,0,0,1,0,0,0,1,0,0,0,0,0
Zp6e12RPLg8,2022-08-27,-0.9974154233932496,51823.0,TV5,235.0,211.0,prathipadu_.png,Mekathoti Sucharita,YSRCP,Prathipadu,1,1,1,0,0,0,0,0,0,0,0,0,0,0,0,0,0,0,0,0,0,0,0,0,0,1,0,0,0,0,0
1yFIjntomTM,2022-08-27,-0.9944936633110046,641.0,TV5,191.0,0.0,prathipadu_.png,Mekathoti Sucharita,YSRCP,Prathipadu,1,0,0,0,0,0,0,0,0,0,0,0,0,0,0,0,0,0,0,0,0,0,0,0,0,0,0,0,0,0,0
AMgqfDGqAd4,2022-08-27,-0.9983069896697998,7084.0,TV5,220.0,1.0,prathipadu_.png,Mekathoti Sucharita,YSRCP,Prathipadu,0,1,1,0,0,0,0,0,0,0,0,0,1,0,0,0,0,0,0,0,0,1,0,0,0,0,0,0,0,0,0
Y2R-tU4AJjo,2022-08-27,-0.99740332365036,5518.0,TV5,287.0,14.0,prathipadu_.png,Mekathoti Sucharita,YSRCP,Prathipadu,1,1,1,0,0,1,0,0,0,0,0,0,0,0,0,0,0,0,0,0,0,0,0,0,0,0,0,1,0,0,0
ACEHLaBGHB4,2022-08-28,-0.998598039150238,6352.0,TV5,287.0,5.0,prathipadu_.png,Mekathoti Sucharita,YSRCP,Prathipadu,1,0,0,0,0,0,0,0,1,0,0,0,0,0,0,0,0,0,0,0,0,0,0,0,0,0,0,0,0,0,0
Fz8x4d5eE-w,2022-08-28,-0.9985082745552064,2346.0,TV5,251.0,1.0,prathipadu_.png,Mekathoti Sucharita,YSRCP,Prathipadu,1,0,0,0,0,0,0,0,0,0,0,0,0,0,0,0,0,0,0,0,0,0,0,0,0,0,0,0,0,0,0
34FHZwhlsbc,2022-08-29,-0.9960916638374328,9163.0,TV5,335.0,9.0,prathipadu_.png,Mekathoti Sucharita,YSRCP,Prathipadu,1,0,0,0,0,0,0,0,0,0,0,0,0,0,0,0,0,0,0,0,0,0,0,0,0,1,1,0,0,0,0
hD0Vq_xeyCo,2022-08-29,-0.9994613528251648,3113.0,TV5,200.0,0.0,prathipadu_.png,Mekathoti Sucharita,YSRCP,Prathipadu,1,1,1,0,0,0,0,0,0,0,0,0,0,0,0,0,0,0,0,0,0,0,0,0,0,0,0,0,0,0,0
w49BjSMY_Pw,2022-08-29,-0.9975990653038024,4980.0,TV5,142.0,1.0,prathipadu_.png,Mekathoti Sucharita,YSRCP,Prathipadu,1,0,1,0,0,1,0,0,0,0,0,0,0,0,0,0,0,0,0,0,1,0,0,0,0,0,0,0,0,0,0
m-CP6oaKYu0,2022-08-30,-0.995439887046814,9579.0,Sakshi,157.0,32.0,prathipadu_.png,Mekathoti Sucharita,YSRCP,Prathipadu,0,0,0,0,1,0,1,0,0,0,1,0,0,0,0,0,0,1,0,0,0,0,0,0,0,1,0,0,0,0,0
OoXnKZFaHro,2022-09-01,-0.9983955025672911,1598.0,TV5,187.0,0.0,prathipadu_.png,Mekathoti Sucharita,YSRCP,Prathipadu,1,0,0,0,0,0,0,0,0,0,0,0,0,0,0,0,0,0,0,0,0,0,0,0,0,0,0,0,0,0,0
Y5FiAm9i_u8,2022-09-01,0.998491644859314,15166.0,TV5,355.0,17.0,prathipadu_.png,Mekathoti Sucharita,YSRCP,Prathipadu,0,0,0,0,0,0,0,0,0,0,0,0,0,0,0,0,0,0,0,0,0,0,0,0,0,0,0,0,0,0,0
YvOmzVYKFNo,2022-09-08,-0.9951263666152954,2821.0,TV5,440.0,3.0,prathipadu_.png,Mekathoti Sucharita,YSRCP,Prathipadu,0,0,0,0,0,0,0,0,0,0,0,0,0,0,0,0,0,0,0,0,0,0,0,0,0,0,0,0,0,0,0
H5oRvb6vL8o,2022-09-08,-0.9981595873832704,327.0,TV5,286.0,0.0,prathipadu_.png,Mekathoti Sucharita,YSRCP,Prathipadu,1,0,1,0,0,0,0,0,0,0,0,0,0,0,1,0,0,0,0,0,0,0,0,0,0,1,0,1,0,0,0
jOYUzcRSypw,2022-09-09,0.9977680444717408,763.0,TV5,552.0,0.0,prathipadu_.png,Mekathoti Sucharita,YSRCP,Prathipadu,0,0,0,0,0,0,0,0,0,0,0,0,0,0,0,0,0,0,0,0,0,0,0,0,0,0,0,0,0,0,0
P6nlZHdWYwY,2022-09-10,-0.9905105233192444,6720.0,TV5,306.0,7.0,prathipadu_.png,Mekathoti Sucharita,YSRCP,Prathipadu,1,0,1,0,0,0,0,0,0,0,0,0,0,0,0,0,1,0,0,0,0,1,0,0,0,0,0,1,0,0,0
Re7WqcyPyUk,2022-09-11,-0.9967190623283386,5136.0,TV5,221.0,8.0,prathipadu_.png,Mekathoti Sucharita,YSRCP,Prathipadu,1,1,1,0,0,0,0,0,0,0,0,0,0,0,0,0,1,0,0,0,0,1,1,0,0,1,0,1,0,0,0
OYMGJyAbeb8,2022-09-12,-0.9948452711105348,11221.0,TV5,215.0,17.0,prathipadu_.png,Mekathoti Sucharita,YSRCP,Prathipadu,1,1,1,0,1,0,0,0,0,0,0,0,0,1,0,0,0,0,0,0,0,1,1,0,0,1,0,1,0,0,1
JtcIDr7vivE,2022-09-16,0.9987803101539612,6720.0,Sakshi,363.0,9.0,prathipadu_.png,Mekathoti Sucharita,YSRCP,Prathipadu,0,0,0,0,0,1,0,0,0,0,0,0,0,0,0,0,0,0,0,0,0,0,0,0,0,0,0,0,0,0,0
_bbSZdwX-Xc,2022-09-18,-0.9655523896217346,18709.0,Sakshi,374.0,26.0,prathipadu_.png,Mekathoti Sucharita,YSRCP,Prathipadu,0,0,0,0,0,1,0,0,0,0,0,0,0,0,0,0,0,0,0,0,0,0,0,0,0,0,0,0,0,0,0
cPr8om-S6Ck,2022-09-19,0.9952660799026488,14642.0,Sakshi,406.0,13.0,prathipadu_.png,Mekathoti Sucharita,YSRCP,Prathipadu,0,0,0,0,1,1,0,0,0,0,0,0,0,0,0,0,0,0,0,0,0,0,0,0,0,0,1,0,0,0,0
X2NWctLkstI,2022-09-21,-0.9979183077812196,4120.0,TV5,155.0,11.0,prathipadu_.png,Mekathoti Sucharita,YSRCP,Prathipadu,1,0,0,0,0,1,0,0,1,0,0,0,1,1,0,0,0,0,0,0,0,0,0,0,0,0,1,0,0,0,0
nzfi-Ow0b7E,2022-09-24,0.996301770210266,2674.0,Sakshi,178.0,6.0,prathipadu_.png,Mekathoti Sucharita,YSRCP,Prathipadu,0,1,1,0,0,0,0,0,0,0,1,0,0,0,0,0,0,0,0,0,0,0,0,0,0,0,0,0,0,0,0
eVZ2psEeYnk,2022-09-28,-0.9993785619735718,940.0,TV5,191.0,1.0,prathipadu_.png,Mekathoti Sucharita,YSRCP,Prathipadu,1,1,1,0,1,0,0,0,1,0,0,0,0,0,0,0,0,0,0,0,0,1,0,0,0,1,1,1,0,0,0
ATgGciJwf9c,2022-09-29,-0.9948832988739014,18356.0,TV5,155.0,20.0,prathipadu_.png,Mekathoti Sucharita,YSRCP,Prathipadu,0,1,1,0,1,0,0,0,1,0,0,0,0,0,0,0,0,0,0,0,0,0,0,0,0,0,0,0,0,0,0
76JW8d3RA3c,2022-09-29,0.9881508350372314,85970.0,TV5,325.0,94.0,prathipadu_.png,Mekathoti Sucharita,YSRCP,Prathipadu,0,1,1,0,0,0,0,0,0,1,1,0,0,0,1,1,1,1,1,0,0,1,1,0,0,0,0,1,0,1,0
5s2gNJNx2No,2022-09-29,-0.9992635846138,8102.0,TV5,450.0,20.0,prathipadu_.png,Mekathoti Sucharita,YSRCP,Prathipadu,1,1,1,1,0,0,0,0,0,1,0,1,0,0,0,0,0,0,0,0,0,1,1,0,0,1,0,1,0,0,0
KJt5IVvnHYg,2022-09-29,-0.9988096952438354,9432.0,TV5,205.0,21.0,prathipadu_.png,Mekathoti Sucharita,YSRCP,Prathipadu,1,0,1,0,1,0,0,0,0,0,0,0,0,0,0,0,0,0,0,0,0,1,1,0,0,0,0,1,0,0,0
kf1KKo_bOso,2022-10-03,0.9919171929359436,31915.0,TV5,458.0,38.0,prathipadu_.png,Mekathoti Sucharita,YSRCP,Prathipadu,0,1,0,0,0,0,0,0,0,0,0,0,0,0,0,0,0,0,0,0,0,0,0,0,0,0,0,0,0,0,0
LF4MlymXGlA,2022-10-03,-0.9951496720314026,512.0,TV5,130.0,0.0,prathipadu_.png,Mekathoti Sucharita,YSRCP,Prathipadu,1,0,1,0,0,0,0,0,0,0,0,0,0,0,0,0,0,0,1,0,0,1,0,0,0,0,0,0,0,0,0
EKXrzp-G-kg,2022-10-03,-0.9937294721603394,5715.0,TV5,346.0,16.0,prathipadu_.png,Mekathoti Sucharita,YSRCP,Prathipadu,0,0,0,0,0,0,0,0,0,0,1,0,0,0,0,0,0,0,0,0,0,0,0,0,0,0,0,0,0,0,0
GeqraJOeQK4,2022-10-11,0.9884164929389954,516.0,TV5,71.0,0.0,prathipadu_.png,Mekathoti Sucharita,YSRCP,Prathipadu,0,0,0,0,0,0,0,0,0,0,0,0,0,0,0,0,0,0,0,0,0,1,0,0,0,0,0,0,0,0,0
hHElo2wr7Kg,2022-10-11,-0.9981587529182434,887.0,TV5,323.0,2.0,prathipadu_.png,Mekathoti Sucharita,YSRCP,Prathipadu,1,0,0,1,0,0,0,0,0,0,0,0,0,0,0,0,0,0,0,0,0,0,0,0,0,0,0,0,0,0,0
1otd124VMjs,2022-10-11,-0.9967446327209472,1419.0,TV5,355.0,0.0,prathipadu_.png,Mekathoti Sucharita,YSRCP,Prathipadu,0,1,1,0,0,0,0,0,0,0,0,0,0,0,0,0,0,0,0,0,0,0,0,0,0,0,0,0,0,0,0
mFDrrHbLk5Q,2022-10-13,-0.9600335359573364,6635.0,TV5,400.0,8.0,prathipadu_.png,Mekathoti Sucharita,YSRCP,Prathipadu,0,0,0,0,1,0,0,0,0,0,0,0,0,0,0,0,0,0,0,0,0,0,0,0,0,0,0,0,0,0,0
0-SVs9AwbuQ,2022-10-15,0.9967948794364928,1694.0,TV5,435.0,3.0,prathipadu_.png,Mekathoti Sucharita,YSRCP,Prathipadu,0,1,0,0,0,1,0,0,0,0,0,0,0,0,0,1,0,0,0,0,0,0,0,0,0,0,0,0,0,0,0
1NQGL3Aywp0,2022-10-16,0.9974965453147888,7995.0,TV5,351.0,10.0,prathipadu_.png,Mekathoti Sucharita,YSRCP,Prathipadu,0,0,0,0,0,0,0,0,0,0,0,0,0,0,0,0,0,0,0,0,0,0,0,0,0,0,0,0,0,0,0
wbZP8Iw9eRs,2022-10-17,0.990054726600647,17765.0,TV5,335.0,31.0,prathipadu_.png,Mekathoti Sucharita,YSRCP,Prathipadu,1,1,1,0,0,0,1,0,0,0,0,1,0,0,0,0,0,1,0,0,0,1,0,0,0,1,0,0,0,0,0
kAeW7qC0eEs,2022-10-18,-0.9852563142776488,3451.0,ABN,194.0,1.0,prathipadu_.png,Mekathoti Sucharita,YSRCP,Prathipadu,0,0,0,0,0,0,0,0,0,0,0,0,0,0,0,0,0,0,0,0,0,0,0,0,0,1,0,0,0,0,0
3HM92clvjA8,2022-10-19,0.9964649677276612,468.0,ABN,99.0,0.0,prathipadu_.png,Mekathoti Sucharita,YSRCP,Prathipadu,0,0,0,0,0,0,0,0,0,0,0,0,0,0,0,0,0,0,0,0,0,1,0,0,0,0,0,0,0,0,0
oiaE3s74KBE,2022-10-19,-0.99224853515625,779.0,ABN,244.0,1.0,prathipadu_.png,Mekathoti Sucharita,YSRCP,Prathipadu,0,0,0,0,0,0,0,0,0,0,0,0,0,0,0,0,0,0,0,0,0,0,0,0,0,0,1,0,0,0,0
h0ghU9GKxVE,2022-10-20,-0.9948828220367432,1776.0,TV5,275.0,4.0,prathipadu_.png,Mekathoti Sucharita,YSRCP,Prathipadu,0,0,0,0,0,0,0,0,0,0,0,0,0,0,0,0,0,0,0,0,0,0,0,0,0,0,0,0,0,0,0
eqCZS6l4h1Y,2022-10-20,0.9979214072227478,1841.0,TV5,320.0,3.0,prathipadu_.png,Mekathoti Sucharita,YSRCP,Prathipadu,0,0,1,0,0,0,0,0,0,1,0,0,1,1,0,0,0,0,0,1,0,1,0,0,0,1,0,1,0,0,0
zY-OeuCzeV4,2022-10-23,-0.9973133206367492,7783.0,TV5,265.0,29.0,prathipadu_.png,Mekathoti Sucharita,YSRCP,Prathipadu,0,0,0,0,0,0,0,0,0,1,0,0,0,1,0,0,0,0,0,0,0,1,0,0,0,1,1,0,0,0,0
ewuyYY1dpa8,2022-10-25,0.9986263513565063,2963.0,TV5,468.0,1.0,prathipadu_.png,Mekathoti Sucharita,YSRCP,Prathipadu,0,0,0,0,0,0,0,0,0,0,0,0,0,0,0,0,0,0,0,0,0,0,0,0,0,0,0,0,0,0,0
f_TqGW7y1UA,2022-10-25,0.9942804574966432,4303.0,Sakshi,154.0,12.0,prathipadu_.png,Mekathoti Sucharita,YSRCP,Prathipadu,0,0,0,1,1,0,0,0,1,0,1,0,0,0,1,0,0,1,0,0,0,0,0,0,0,0,1,0,0,0,0
dV3zXITqG8w,2022-10-25,0.9900076389312744,2774.0,TV5,142.0,0.0,prathipadu_.png,Mekathoti Sucharita,YSRCP,Prathipadu,0,0,0,0,0,0,0,0,0,0,0,0,0,0,0,0,0,0,0,0,0,0,0,0,0,0,0,0,0,0,0
uYoeIQuAaBc,2022-10-26,-0.9973503351211548,4049.0,Sakshi,78.0,14.0,prathipadu_.png,Mekathoti Sucharita,YSRCP,Prathipadu,0,0,0,0,0,0,0,1,0,0,0,0,0,0,0,0,0,0,0,0,0,0,0,0,0,0,0,0,0,0,0
pqNvuZdRKxU,2022-10-29,-0.99686998128891,844.0,TV5,250.0,0.0,prathipadu_.png,Mekathoti Sucharita,YSRCP,Prathipadu,0,1,1,0,0,0,0,0,0,0,1,0,0,0,0,0,0,0,1,0,0,0,0,0,0,1,1,1,0,0,0
iUb590Lgesw,2022-10-30,-0.9984428286552428,4295.0,ABN,53.0,8.0,prathipadu_.png,Mekathoti Sucharita,YSRCP,Prathipadu,0,0,0,0,0,0,0,0,1,0,1,0,0,0,0,0,0,0,0,0,0,0,0,0,0,0,0,0,0,0,0
9LQ43VMk3Pw,2022-11-01,-0.9994741082191468,1670.0,TV5,250.0,5.0,prathipadu_.png,Mekathoti Sucharita,YSRCP,Prathipadu,1,1,1,1,1,0,0,0,0,0,0,1,0,0,0,0,0,1,0,1,0,1,0,0,0,1,1,0,0,0,0
AqrLYg3-liE,2022-11-02,-0.996170461177826,2556.0,TV5,350.0,1.0,prathipadu_.png,Mekathoti Sucharita,YSRCP,Prathipadu,0,1,0,0,0,0,0,0,0,0,0,0,0,0,0,0,0,0,0,0,0,0,0,0,0,0,0,0,0,0,0
uMl9jiOyWoo,2022-11-02,-0.9986212253570556,5839.0,ABN,357.0,9.0,prathipadu_.png,Mekathoti Sucharita,YSRCP,Prathipadu,0,0,0,0,0,0,0,0,1,0,0,0,0,0,0,0,0,0,0,0,0,0,0,0,0,0,0,0,0,0,0
s-UqnWP3fqc,2022-11-02,-0.9992423057556152,421.0,ABN,274.0,0.0,prathipadu_.png,Mekathoti Sucharita,YSRCP,Prathipadu,0,0,0,0,0,0,0,0,0,0,0,0,1,0,0,0,0,0,0,0,0,0,0,0,0,1,0,0,0,0,0
kw5xKofvS9M,2022-11-02,-0.9966467022895812,1135.0,ABN,232.0,2.0,prathipadu_.png,Mekathoti Sucharita,YSRCP,Prathipadu,0,0,0,0,0,0,0,0,0,0,0,0,0,0,0,0,0,0,0,0,0,0,0,0,0,0,0,0,0,0,0
xpyZeuZ3zhc,2022-11-03,-0.9974794983863832,63945.0,ABN,596.0,92.0,prathipadu_.png,Mekathoti Sucharita,YSRCP,Prathipadu,0,0,0,0,0,0,0,0,0,0,0,0,0,0,0,0,0,0,0,0,0,0,0,0,0,0,0,0,0,0,0
z5WozThAIqs,2022-11-04,0.9973891377449036,2375.0,Sakshi,194.0,2.0,prathipadu_.png,Mekathoti Sucharita,YSRCP,Prathipadu,0,0,0,0,0,0,0,0,0,0,0,0,0,0,0,0,0,0,0,0,0,0,0,0,0,0,0,0,0,0,0
dJcTfoBsamE,2022-11-05,-0.9939392805099488,3476.0,ABN,528.0,3.0,prathipadu_.png,Mekathoti Sucharita,YSRCP,Prathipadu,0,0,0,0,0,0,0,0,0,0,0,0,0,0,0,0,0,0,0,0,0,0,0,0,0,0,0,0,0,0,0
7VlyIQJ0Jsg,2022-11-06,0.9974831938743592,3024.0,ABN,294.0,0.0,prathipadu_.png,Mekathoti Sucharita,YSRCP,Prathipadu,0,0,0,0,0,0,0,0,0,0,0,0,0,0,0,0,0,0,0,0,0,0,0,0,0,0,0,0,0,0,0
OBLX-MMDu4M,2022-11-06,0.9947276711463928,3123.0,TV5,95.0,1.0,prathipadu_.png,Mekathoti Sucharita,YSRCP,Prathipadu,0,0,0,0,0,0,0,0,0,0,0,0,0,0,0,0,0,0,0,1,0,0,0,0,0,1,0,0,0,0,0
yA_EIC6Dixs,2022-11-06,0.9816033840179444,1281.0,ABN,220.0,1.0,prathipadu_.png,Mekathoti Sucharita,YSRCP,Prathipadu,0,0,0,0,0,0,0,0,0,0,0,0,1,0,0,0,0,0,0,0,0,0,0,0,1,0,1,0,0,0,0
TQBoO8SY8nQ,2022-11-06,-0.9988032579421996,2415.0,TV5,480.0,9.0,prathipadu_.png,Mekathoti Sucharita,YSRCP,Prathipadu,0,0,0,0,0,0,0,0,0,0,0,0,0,0,0,0,0,0,0,0,0,0,0,0,0,0,0,0,0,0,0
7DrXKKMuwDc,2022-11-07,0.9880310893058776,1896.0,TV5,301.0,1.0,prathipadu_.png,Mekathoti Sucharita,YSRCP,Prathipadu,0,0,0,0,1,0,0,0,0,0,0,0,0,0,0,0,0,1,0,0,0,0,0,0,0,0,0,0,0,0,0
qAWg6W93OXU,2022-11-07,0.9911288022994996,318.0,ABN,140.0,0.0,prathipadu_.png,Mekathoti Sucharita,YSRCP,Prathipadu,0,0,0,0,0,0,0,0,0,0,0,0,0,0,0,0,0,0,0,0,0,0,0,0,0,0,0,0,0,0,0
DRmPllRimC8,2022-11-07,-0.9978650212287904,1901.0,ABN,183.0,8.0,prathipadu_.png,Mekathoti Sucharita,YSRCP,Prathipadu,1,0,1,0,0,1,0,0,0,0,0,0,0,0,0,0,0,0,0,0,0,0,0,0,0,0,0,0,0,0,1
B3UxYKZEi7A,2022-11-07,0.9972564578056335,759.0,TV5,357.0,1.0,prathipadu_.png,Mekathoti Sucharita,YSRCP,Prathipadu,0,0,0,0,0,0,0,0,0,0,0,0,0,0,0,0,0,0,0,0,0,0,0,0,0,0,0,0,0,0,0
AmBKfEf3gB0,2022-11-07,-0.995256006717682,1364.0,TV5,131.0,3.0,prathipadu_.png,Mekathoti Sucharita,YSRCP,Prathipadu,0,0,0,0,0,0,0,0,0,0,0,0,0,0,0,0,0,0,0,0,0,0,0,0,0,0,0,0,0,0,0
4C865siPwbQ,2022-11-07,-0.9982282519340516,1255.0,ABN,267.0,1.0,prathipadu_.png,Mekathoti Sucharita,YSRCP,Prathipadu,0,0,0,0,0,0,0,0,0,0,1,0,0,0,0,0,0,0,0,0,0,0,0,0,0,1,0,0,0,0,0
XzaDv5JBbE0,2022-11-07,0.9979348182678224,629.0,TV5,178.0,0.0,prathipadu_.png,Mekathoti Sucharita,YSRCP,Prathipadu,0,0,0,0,0,0,0,0,0,0,0,0,1,0,0,0,0,1,0,0,0,0,0,0,0,0,0,0,0,0,0
PFaC0IHUxAE,2022-11-08,-0.995089590549469,505.0,TV5,175.0,0.0,prathipadu_.png,Mekathoti Sucharita,YSRCP,Prathipadu,0,0,0,0,0,0,0,0,0,0,0,0,0,0,0,0,0,0,0,0,0,0,0,0,0,0,0,0,0,0,0
CBboNlTTfhI,2022-11-11,0.9955606460571288,5030.0,Sakshi,460.0,10.0,prathipadu_.png,Mekathoti Sucharita,YSRCP,Prathipadu,0,0,0,0,0,1,1,0,0,0,0,0,0,0,0,0,0,0,0,0,1,0,0,0,0,0,0,0,0,0,0
HhiqrFs-IQ0,2022-11-11,-0.9941825270652772,1648.0,ABN,331.0,1.0,prathipadu_.png,Mekathoti Sucharita,YSRCP,Prathipadu,1,0,0,0,0,0,0,0,1,1,0,0,1,0,0,1,0,1,0,0,1,1,1,0,0,1,1,1,0,0,0
M0FYIpDrj8Q,2022-11-11,-0.9978874325752258,303.0,TV5,165.0,0.0,prathipadu_.png,Mekathoti Sucharita,YSRCP,Prathipadu,0,0,0,1,0,0,0,0,0,0,0,0,0,0,0,0,0,0,0,0,0,0,1,0,0,0,0,0,0,0,0
MitgrPIXVUk,2022-11-11,-0.998784363269806,1097.0,TV5,217.0,1.0,prathipadu_.png,Mekathoti Sucharita,YSRCP,Prathipadu,0,1,0,1,0,0,1,0,1,0,1,0,0,0,0,0,0,1,1,0,0,0,0,0,0,0,1,0,0,0,0
UvgN04xj6BE,2022-11-11,-0.9952242374420166,2540.0,TV5,248.0,0.0,prathipadu_.png,Mekathoti Sucharita,YSRCP,Prathipadu,0,1,0,0,1,0,0,0,1,0,0,0,0,0,0,0,0,1,0,0,0,1,0,0,0,0,0,0,0,0,0
7lAeZBvW02M,2022-11-13,-0.8706135749816895,866.0,ABN,256.0,0.0,prathipadu_.png,Mekathoti Sucharita,YSRCP,Prathipadu,1,1,1,1,0,1,0,0,0,0,0,0,0,0,0,0,0,0,0,0,0,1,1,0,0,0,0,1,1,0,0
IV6ZzNkYY-o,2022-11-13,0.994045615196228,14660.0,Sakshi,203.0,59.0,prathipadu_.png,Mekathoti Sucharita,YSRCP,Prathipadu,0,0,1,0,1,0,1,0,0,0,0,1,0,1,0,0,0,0,0,1,0,0,0,0,0,0,1,0,0,0,0
YePDp8oBOb4,2022-11-14,0.995898425579071,10056.0,TV5,520.0,6.0,prathipadu_.png,Mekathoti Sucharita,YSRCP,Prathipadu,0,0,0,0,0,0,0,0,0,0,0,0,0,0,0,0,0,0,0,0,0,0,0,0,0,0,0,0,0,0,0
20qHW9ZzIcA,2022-11-14,-0.9917318820953368,31423.0,TV5,327.0,17.0,prathipadu_.png,Mekathoti Sucharita,YSRCP,Prathipadu,0,1,1,0,1,0,0,0,1,1,0,0,0,0,0,0,1,0,0,0,0,0,1,0,0,1,1,0,0,0,0
T2xBWUs2K08,2022-11-15,0.9977631568908693,2440.0,ABN,68.0,1.0,prathipadu_.png,Mekathoti Sucharita,YSRCP,Prathipadu,0,0,0,0,0,0,0,0,0,0,0,0,0,0,0,0,0,0,0,0,0,0,0,0,0,0,0,0,0,0,0
tyeylwL0c1s,2022-11-16,0.9978284239768982,27294.0,Sakshi,388.0,118.0,prathipadu_.png,Mekathoti Sucharita,YSRCP,Prathipadu,0,0,0,0,0,0,0,0,1,0,1,0,0,0,0,0,0,0,0,0,0,0,0,0,0,0,0,0,0,0,0
mZs6qfDEp-k,2022-11-17,0.99871826171875,10551.0,Sakshi,177.0,28.0,prathipadu_.png,Mekathoti Sucharita,YSRCP,Prathipadu,0,0,0,0,0,0,0,0,0,0,0,0,0,0,1,0,0,1,0,1,0,1,0,0,0,1,1,1,0,0,0
dVJ3N5L3Tg8,2022-11-18,-0.9960739612579346,804.0,ABN,181.0,1.0,prathipadu_.png,Mekathoti Sucharita,YSRCP,Prathipadu,0,1,1,1,0,0,0,0,0,0,0,0,0,0,0,0,0,0,0,0,0,1,0,0,0,0,0,0,0,0,0
LnQ4q_6BcGg,2022-11-21,-0.9971674084663392,484.0,ABN,154.0,0.0,prathipadu_.png,Mekathoti Sucharita,YSRCP,Prathipadu,0,0,0,0,0,0,0,0,0,0,0,0,0,0,0,0,0,0,0,0,0,0,0,0,0,0,0,0,0,0,0
nzgveej06aw,2022-11-21,0.9983283877372742,1425.0,TV5,348.0,0.0,prathipadu_.png,Mekathoti Sucharita,YSRCP,Prathipadu,0,0,0,1,0,0,0,0,0,1,0,0,0,0,0,0,0,0,0,0,0,1,0,0,0,1,0,0,0,0,0
GfUChS_K3NU,2022-11-22,-0.9950064420700072,2915.0,TV9,219.0,4.0,prathipadu_.png,Mekathoti Sucharita,YSRCP,Prathipadu,0,0,0,0,0,1,0,0,0,0,0,0,0,0,0,0,0,0,0,0,0,0,0,0,0,0,0,0,0,0,0
4RiaxOLSOgo,2022-11-25,-0.9931780099868774,1707.0,TV9,225.0,1.0,prathipadu_.png,Mekathoti Sucharita,YSRCP,Prathipadu,0,0,0,0,0,0,0,0,0,0,0,0,0,0,0,0,0,0,0,0,0,0,0,0,0,0,0,0,0,0,0
qair3jZhGAU,2022-11-28,-0.9985107779502868,1896.0,TV5,504.0,1.0,prathipadu_.png,Mekathoti Sucharita,YSRCP,Prathipadu,0,0,0,0,0,0,0,0,0,0,0,0,0,0,0,0,0,0,0,0,0,0,0,0,0,0,0,0,0,0,0
nDjmHaISL_M,2022-11-29,-0.989422619342804,5692.0,TV5,192.0,8.0,prathipadu_.png,Mekathoti Sucharita,YSRCP,Prathipadu,0,0,0,0,0,0,0,0,1,0,1,0,0,0,0,0,0,0,0,0,0,0,0,0,0,1,0,0,0,0,0
3YvedFdUqZo,2022-11-30,-0.999479591846466,69538.0,TV5,290.0,86.0,prathipadu_.png,Mekathoti Sucharita,YSRCP,Prathipadu,0,1,1,0,1,0,0,0,0,0,0,0,0,0,0,0,0,0,0,0,0,0,0,0,0,0,0,0,0,0,0
N2Sxr8iDoVY,2022-11-30,-0.9972544312477112,602.0,ABN,181.0,0.0,prathipadu_.png,Mekathoti Sucharita,YSRCP,Prathipadu,0,1,0,0,0,0,0,0,1,0,0,0,0,0,0,0,0,0,0,0,0,0,1,0,0,0,0,0,0,0,0
JM4h6FlRaGE,2022-12-02,-0.998377561569214,2027.0,TV5,293.0,0.0,prathipadu_.png,Mekathoti Sucharita,YSRCP,Prathipadu,0,0,0,1,0,0,0,0,0,0,0,0,0,0,0,0,0,0,0,0,0,0,0,0,0,0,0,0,0,0,0
lKx1ccG25KA,2022-12-02,-0.9922129511833192,7501.0,ABN,289.0,5.0,prathipadu_.png,Mekathoti Sucharita,YSRCP,Prathipadu,0,1,0,1,0,1,0,0,0,0,0,0,0,0,0,0,0,0,0,0,0,0,0,0,0,0,0,0,0,0,0
3Er1139O26Q,2022-12-02,0.9923611283302308,23890.0,TV5,287.0,18.0,prathipadu_.png,Mekathoti Sucharita,YSRCP,Prathipadu,1,0,0,0,1,1,0,0,0,1,0,0,0,1,0,0,1,1,0,0,0,1,1,0,0,1,0,1,0,0,0
ksNuu1f_Fmw,2022-12-02,-0.9924303889274596,821.0,ABN,310.0,0.0,prathipadu_.png,Mekathoti Sucharita,YSRCP,Prathipadu,0,0,0,0,0,0,0,0,0,0,0,0,0,0,0,0,0,0,0,0,0,0,0,0,0,0,0,0,0,0,0
Z_i7tI2sEd0,2022-12-02,-0.9831482172012328,958.0,TV5,312.0,0.0,prathipadu_.png,Mekathoti Sucharita,YSRCP,Prathipadu,0,0,0,1,0,0,0,0,0,1,0,0,0,0,0,0,1,0,0,0,0,0,0,0,0,0,0,0,0,0,0
SEgfBsDDP68,2022-12-03,0.9957899451255798,91873.0,Sakshi,599.0,91.0,prathipadu_.png,Mekathoti Sucharita,YSRCP,Prathipadu,0,0,0,0,0,0,0,0,0,0,0,0,0,0,0,0,0,0,0,0,0,0,0,0,0,0,0,0,0,0,0
GjA_tvmfe48,2022-12-05,0.9218698143959044,1740.0,TV5,418.0,0.0,prathipadu_.png,Mekathoti Sucharita,YSRCP,Prathipadu,0,0,0,0,0,0,0,0,0,0,0,0,0,0,0,0,0,0,0,0,0,0,0,0,0,0,0,0,0,0,0
8pcx_S--sSo,2022-12-05,-0.9971312284469604,99714.0,TV5,283.0,71.0,prathipadu_.png,Mekathoti Sucharita,YSRCP,Prathipadu,1,0,0,0,0,0,0,0,0,0,0,0,0,0,0,0,0,0,0,0,0,1,0,0,0,0,1,0,0,0,0
bRTFS-Y2f9A,2022-12-05,-0.9986748695373536,4864.0,ABN,595.0,4.0,prathipadu_.png,Mekathoti Sucharita,YSRCP,Prathipadu,0,0,0,0,0,0,0,0,0,0,0,0,0,0,0,0,0,0,0,0,0,0,0,0,0,0,0,0,0,0,0
zK2-MC9Rsg4,2022-12-05,0.9909342527389526,12079.0,Sakshi,212.0,21.0,prathipadu_.png,Mekathoti Sucharita,YSRCP,Prathipadu,0,0,1,0,0,1,0,0,0,0,0,0,0,0,0,0,0,0,1,1,0,0,0,0,0,0,1,0,0,0,0
ne9DO26fuQM,2022-12-05,-0.9935073852539062,2964.0,ABN,500.0,0.0,prathipadu_.png,Mekathoti Sucharita,YSRCP,Prathipadu,0,0,0,0,0,0,0,0,0,0,0,0,0,0,0,0,0,0,0,0,0,0,0,0,0,0,0,0,0,0,0
DHjQDIxZqxA,2022-12-06,-0.992616593837738,30145.0,ABN,455.0,12.0,prathipadu_.png,Mekathoti Sucharita,YSRCP,Prathipadu,0,0,0,0,0,0,0,0,0,0,0,0,0,0,0,0,0,0,0,0,0,0,0,0,0,0,0,0,0,0,0
xtTgFybJdIs,2022-12-09,0.9968054294586182,2769.0,TV9,515.0,4.0,prathipadu_.png,Mekathoti Sucharita,YSRCP,Prathipadu,0,0,0,0,0,0,0,0,0,0,0,0,0,0,0,0,0,0,0,0,0,0,0,0,0,0,0,0,0,0,0
53mibMGQT7I,2022-12-09,-0.9953102469444276,68455.0,TV9,198.0,38.0,prathipadu_.png,Mekathoti Sucharita,YSRCP,Prathipadu,0,0,0,0,0,0,0,0,0,0,0,0,0,0,0,0,0,0,0,0,0,0,0,0,0,0,0,0,0,0,0
KBUrE9Ke7kI,2022-12-10,-0.9977679252624512,2885.0,TV5,120.0,2.0,prathipadu_.png,Mekathoti Sucharita,YSRCP,Prathipadu,0,0,0,0,0,0,0,0,0,0,0,0,0,0,0,0,0,0,0,0,0,0,0,0,0,0,0,0,0,0,0
t0sRyrxMokU,2022-12-10,0.9957854151725768,7121.0,TV5,326.0,13.0,prathipadu_.png,Mekathoti Sucharita,YSRCP,Prathipadu,0,0,0,0,0,0,0,0,0,0,0,0,0,0,0,0,0,0,0,0,0,0,0,0,0,0,0,0,1,0,0
3Smuf5hYbso,2022-12-10,0.9815043807029724,1124.0,TV5,171.0,0.0,prathipadu_.png,Mekathoti Sucharita,YSRCP,Prathipadu,0,0,0,0,0,0,0,0,0,0,0,0,0,0,0,0,0,0,0,0,0,0,0,0,0,0,0,0,0,0,0
2-xjHfRDvnQ,2022-12-11,-0.9927131533622742,2790.0,TV5,99.0,1.0,prathipadu_.png,Mekathoti Sucharita,YSRCP,Prathipadu,0,0,0,0,0,0,0,0,0,0,0,0,0,0,0,0,0,0,0,0,0,0,0,0,0,0,0,0,0,0,0
BKxM8wEaSM0,2022-12-11,0.9848981499671936,3808.0,TV5,403.0,3.0,prathipadu_.png,Mekathoti Sucharita,YSRCP,Prathipadu,1,1,0,0,0,0,0,0,0,0,0,0,0,0,0,0,0,0,0,0,1,0,0,0,0,0,0,0,0,0,0
ciaeNCqdETg,2022-12-12,-0.993750274181366,6084.0,TV9,253.0,0.0,prathipadu_.png,Mekathoti Sucharita,YSRCP,Prathipadu,0,0,0,0,0,0,0,0,0,0,0,0,0,0,0,0,0,0,0,0,0,0,0,0,0,0,0,0,0,0,0
Ur7i4kOoYas,2022-12-12,0.9920454025268556,1976.0,TV9,241.0,1.0,prathipadu_.png,Mekathoti Sucharita,YSRCP,Prathipadu,0,0,0,0,0,0,0,0,0,0,0,0,0,0,0,0,0,0,0,0,0,0,0,0,0,0,1,0,0,0,0
pqUAel5Z6AQ,2022-12-13,-0.9960893392562866,1162.0,ABN,279.0,0.0,prathipadu_.png,Mekathoti Sucharita,YSRCP,Prathipadu,1,0,0,0,0,0,0,0,0,0,0,0,0,0,0,0,0,0,0,0,1,0,0,0,0,0,0,0,0,0,0
O3tDQLBlBmk,2022-12-14,-0.9917560815811156,1608.0,TV9,306.0,0.0,prathipadu_.png,Mekathoti Sucharita,YSRCP,Prathipadu,0,0,0,0,0,0,0,0,1,0,0,0,0,0,0,0,0,0,0,0,0,0,0,0,0,0,1,0,0,0,0
tVn5UJ-GW_o,2022-12-16,0.998198926448822,3332.0,TV9,264.0,3.0,prathipadu_.png,Mekathoti Sucharita,YSRCP,Prathipadu,0,1,1,0,1,0,0,0,0,0,0,0,0,1,0,0,0,0,0,0,0,0,1,0,0,0,1,1,0,0,0
ViFFrpIsRoc,2022-12-16,0.997446060180664,674.0,TV5,246.0,0.0,prathipadu_.png,Mekathoti Sucharita,YSRCP,Prathipadu,0,0,0,0,0,0,0,0,0,0,0,0,0,0,0,0,0,0,0,0,1,0,0,0,0,0,0,0,0,0,0
XMTJd2ssCp0,2022-12-17,0.5335525870323181,2887.0,TV5,165.0,1.0,prathipadu_.png,Mekathoti Sucharita,YSRCP,Prathipadu,0,0,0,0,0,0,0,0,0,0,0,0,0,0,0,0,0,0,0,0,0,0,0,0,0,0,0,0,0,0,0
f1zUGat1JIA,2022-12-18,-0.9958975315093994,573.0,TV5,194.0,3.0,prathipadu_.png,Mekathoti Sucharita,YSRCP,Prathipadu,0,0,0,0,0,0,0,0,0,0,0,0,0,0,0,0,0,0,0,0,0,0,0,0,0,0,0,0,0,0,0
ZIP__AJk5BM,2022-12-18,-0.9979660511016846,4780.0,TV5,267.0,2.0,prathipadu_.png,Mekathoti Sucharita,YSRCP,Prathipadu,1,1,1,0,0,0,0,0,0,0,0,0,0,0,0,0,0,0,0,0,1,1,0,0,0,0,0,0,1,0,0
sCMWyTa3bl8,2022-12-19,0.9983345866203308,2394.0,Sakshi,395.0,4.0,prathipadu_.png,Mekathoti Sucharita,YSRCP,Prathipadu,0,0,0,0,0,0,0,0,0,0,0,0,0,0,0,0,0,0,0,1,0,0,0,0,0,0,0,0,0,0,0
VSKOVcvy3WU,2022-12-20,0.9965184926986694,2131.0,TV5,207.0,12.0,prathipadu_.png,Mekathoti Sucharita,YSRCP,Prathipadu,0,1,1,0,0,0,0,0,0,0,0,0,0,0,0,0,0,0,0,1,0,0,0,0,0,0,0,0,0,0,0
RjpqeevEWhA,2023-01-01,0.9982183575630188,9994.0,Sakshi,519.0,17.0,prathipadu_.png,Mekathoti Sucharita,YSRCP,Prathipadu,0,0,0,0,1,1,0,0,0,0,0,0,0,0,0,0,0,0,0,0,0,0,0,0,1,0,0,0,0,0,0
bxMUxY9lnlo,2023-01-01,-0.9962235689163208,3135.0,Sakshi,277.0,0.0,prathipadu_.png,Mekathoti Sucharita,YSRCP,Prathipadu,0,1,1,1,1,0,0,0,0,1,1,1,0,0,1,1,0,1,0,0,0,1,0,1,1,1,1,0,1,0,1
xRQydBNB3vc,2023-01-01,-0.9993605017662048,38367.0,ABN,231.0,35.0,prathipadu_.png,Mekathoti Sucharita,YSRCP,Prathipadu,0,1,1,0,1,0,0,0,0,0,0,0,0,0,0,0,0,0,0,0,0,0,0,0,1,0,0,0,0,0,0
y2FXYBAYFRE,2023-01-03,-0.994195818901062,5798.0,TV5,445.0,2.0,prathipadu_.png,Mekathoti Sucharita,YSRCP,Prathipadu,0,0,0,0,0,0,0,0,0,0,0,0,0,0,0,0,0,0,0,0,1,0,1,0,0,0,0,0,0,0,0
dOIZce8z93w,2023-01-03,-0.9993902444839478,442.0,ABN,435.0,1.0,prathipadu_.png,Mekathoti Sucharita,YSRCP,Prathipadu,1,0,0,0,0,0,0,0,0,0,0,0,0,0,0,0,0,0,0,0,0,0,0,0,0,0,0,0,0,0,0
lI3odMYmt_c,2023-01-03,-0.9925835132598876,643.0,ABN,80.0,1.0,prathipadu_.png,Mekathoti Sucharita,YSRCP,Prathipadu,0,0,0,0,0,0,0,0,0,0,0,0,0,0,0,0,0,0,0,0,0,0,0,0,0,0,0,0,0,0,0
cQpn-G6pzBk,2023-01-03,-0.9952396154403688,1702.0,Sakshi,362.0,13.0,prathipadu_.png,Mekathoti Sucharita,YSRCP,Prathipadu,0,0,0,0,0,1,0,0,0,0,0,0,0,0,0,0,0,0,0,0,0,0,0,0,0,0,0,0,0,0,0
nR-x_bC4TUk,2023-01-04,0.998683750629425,1925.0,TV9,212.0,1.0,prathipadu_.png,Mekathoti Sucharita,YSRCP,Prathipadu,0,0,0,0,0,0,0,0,0,0,0,0,0,0,0,0,0,0,0,0,0,0,0,0,0,0,0,0,0,0,0
y1TpQEjI4DI,2023-01-05,-0.9961060881614684,1412.0,ABN,227.0,0.0,prathipadu_.png,Mekathoti Sucharita,YSRCP,Prathipadu,0,0,0,0,0,0,0,0,0,0,0,0,0,0,0,0,0,0,0,0,0,0,0,0,1,0,0,0,0,0,0
24bWJcPcH8U,2023-01-05,-0.9976932406425476,2857.0,TV9,478.0,0.0,prathipadu_.png,Mekathoti Sucharita,YSRCP,Prathipadu,0,0,0,0,0,0,0,0,0,0,0,0,0,0,0,0,0,0,0,0,0,0,0,0,0,0,0,0,0,0,0
asTzTrY6EX0,2023-01-05,-0.9935929179191588,13357.0,ABN,207.0,13.0,prathipadu_.png,Mekathoti Sucharita,YSRCP,Prathipadu,0,0,0,0,0,0,0,0,0,0,0,0,0,0,0,0,0,0,0,0,0,0,0,0,0,0,0,0,0,0,0
eos8PeqorUk,2023-01-05,-0.9945412278175354,12551.0,TV5,96.0,12.0,prathipadu_.png,Mekathoti Sucharita,YSRCP,Prathipadu,1,0,0,0,0,1,0,0,1,0,0,0,1,0,0,0,0,0,0,0,0,0,0,0,0,0,1,0,0,0,0
qiE0xN-5-jc,2023-01-06,0.9938223361968994,138322.0,TV5,190.0,114.0,prathipadu_.png,Mekathoti Sucharita,YSRCP,Prathipadu,0,1,0,0,0,0,0,0,0,0,0,0,0,0,0,0,0,0,0,0,0,0,0,0,0,0,0,0,0,0,0
qeKu-W-_MiQ,2023-01-06,0.9977533221244812,5764.0,Sakshi,134.0,3.0,prathipadu_.png,Mekathoti Sucharita,YSRCP,Prathipadu,1,0,1,0,0,0,0,0,0,0,0,0,0,0,1,0,0,1,0,0,0,1,0,0,0,0,0,1,1,0,0
8FMR4I75a6k,2023-01-06,-0.9826274514198304,16188.0,Sakshi,370.0,62.0,prathipadu_.png,Mekathoti Sucharita,YSRCP,Prathipadu,0,0,0,0,1,0,0,0,0,0,0,0,0,0,0,0,0,0,0,0,0,0,0,0,0,0,0,0,0,0,0
Bv6TUwr9egg,2023-01-07,0.9929377436637878,30172.0,TV9,432.0,15.0,prathipadu_.png,Mekathoti Sucharita,YSRCP,Prathipadu,0,0,0,0,0,0,0,0,0,0,0,0,0,0,0,0,0,0,0,0,0,0,0,0,0,0,0,0,0,0,0
1zXMegCLqOo,2023-01-07,-0.990515947341919,914.0,Sakshi,290.0,0.0,prathipadu_.png,Mekathoti Sucharita,YSRCP,Prathipadu,0,0,0,0,0,0,0,0,0,0,0,0,0,0,0,0,0,0,0,0,0,0,0,0,0,0,0,0,0,0,0
jEOZb7YxpME,2023-01-07,-0.9976304769515992,25920.0,TV9,397.0,11.0,prathipadu_.png,Mekathoti Sucharita,YSRCP,Prathipadu,0,0,0,0,0,0,0,0,0,0,0,0,0,0,0,0,0,0,0,0,0,0,0,0,0,0,0,0,0,0,0
A_A1lySdKxo,2023-01-08,0.9010125398635864,2354.0,TV9,134.0,6.0,prathipadu_.png,Mekathoti Sucharita,YSRCP,Prathipadu,0,0,0,0,0,0,0,0,0,1,0,0,0,0,0,0,0,0,0,0,1,1,0,1,0,0,0,0,0,0,0
pVZ0-hEtADM,2023-01-08,-0.9943488240242004,152332.0,TV9,396.0,83.0,prathipadu_.png,Mekathoti Sucharita,YSRCP,Prathipadu,0,0,0,0,0,0,0,0,0,0,0,0,0,0,0,0,0,0,0,0,0,0,0,0,0,0,0,0,0,0,0
FlR7TbCZsEw,2023-01-08,0.9945613741874696,16699.0,TV5,204.0,38.0,prathipadu_.png,Mekathoti Sucharita,YSRCP,Prathipadu,0,0,0,0,0,1,1,0,0,0,0,0,0,0,0,0,0,0,0,0,0,0,0,0,0,0,0,0,0,0,0
BE8W-woH-tA,2023-01-08,-0.9955793023109436,117300.0,TV9,390.0,78.0,prathipadu_.png,Mekathoti Sucharita,YSRCP,Prathipadu,0,0,0,0,0,0,0,0,1,0,0,0,0,0,0,0,0,0,0,0,0,0,0,0,0,0,0,0,0,0,0
5_SOOL9TVxQ,2023-01-09,0.9945974349975586,1226.0,TV9,135.0,0.0,prathipadu_.png,Mekathoti Sucharita,YSRCP,Prathipadu,0,0,0,0,0,0,0,0,0,0,0,0,0,0,0,0,0,0,0,0,0,0,0,0,0,0,1,0,0,0,0
fV0qk5o1MGg,2023-01-09,0.7616948485374451,13383.0,ABN,274.0,19.0,prathipadu_.png,Mekathoti Sucharita,YSRCP,Prathipadu,0,1,1,0,0,0,0,0,0,0,0,1,0,0,0,0,0,0,0,0,0,1,0,0,0,0,0,0,0,0,0
NWlggwoBM1s,2023-01-09,-0.993844985961914,38547.0,TV9,175.0,19.0,prathipadu_.png,Mekathoti Sucharita,YSRCP,Prathipadu,0,0,0,0,0,0,0,0,0,0,0,0,0,0,0,0,0,0,0,0,0,0,0,0,0,0,0,0,0,0,0
CsUqocr1v4c,2023-01-10,-0.9986187219619752,337901.0,TV9,469.0,518.0,prathipadu_.png,Mekathoti Sucharita,YSRCP,Prathipadu,0,0,0,0,0,0,0,0,0,0,0,0,0,0,0,0,0,0,0,0,0,0,0,0,0,0,0,0,0,0,0
kohcaai9V34,2023-01-10,0.9955233335494996,28168.0,Sakshi,558.0,65.0,prathipadu_.png,Mekathoti Sucharita,YSRCP,Prathipadu,0,1,0,0,0,1,0,0,0,0,0,0,0,0,0,0,0,0,0,0,0,0,0,0,0,0,0,0,0,0,0
JMtyRCZfcLE,2023-01-10,-0.9932490587234496,1915.0,TV9,273.0,0.0,prathipadu_.png,Mekathoti Sucharita,YSRCP,Prathipadu,0,0,0,0,0,0,0,0,0,0,0,0,0,0,0,0,0,0,0,0,0,0,0,0,0,0,0,0,0,0,0
MjUKznUB7Uw,2023-01-10,-0.998596727848053,3036.0,TV9,270.0,8.0,prathipadu_.png,Mekathoti Sucharita,YSRCP,Prathipadu,1,1,1,1,1,0,1,1,0,1,1,1,1,1,1,0,1,1,0,1,1,1,1,1,1,1,1,1,0,0,1
52j9QaFxlPM,2023-01-12,-0.9957375526428224,3476.0,ABN,289.0,7.0,prathipadu_.png,Mekathoti Sucharita,YSRCP,Prathipadu,0,0,0,0,0,0,0,0,1,0,0,0,0,0,0,0,0,0,0,0,0,0,0,0,0,1,1,0,0,0,0
fqEJEDgaLgY,2023-01-13,0.9863100051879884,4021.0,TV9,99.0,2.0,prathipadu_.png,Mekathoti Sucharita,YSRCP,Prathipadu,0,0,0,0,0,0,0,0,0,0,0,0,0,0,0,0,0,0,0,0,0,0,0,0,0,0,0,0,0,0,0
nBIQZcWeF80,2023-01-13,-0.9970918893814088,120996.0,TV9,389.0,10.0,prathipadu_.png,Mekathoti Sucharita,YSRCP,Prathipadu,0,0,0,0,0,0,0,0,0,0,0,0,0,0,0,0,0,0,0,0,0,0,0,0,0,0,0,0,0,0,0
4nXguuUSkag,2023-01-13,-0.9973747730255128,2455.0,TV9,233.0,0.0,prathipadu_.png,Mekathoti Sucharita,YSRCP,Prathipadu,0,0,0,0,0,0,0,0,0,0,0,0,0,0,0,0,0,0,0,0,0,0,0,0,0,0,0,0,0,0,0
iFUMVByT970,2023-01-13,-0.99934059381485,27737.0,TV5,595.0,35.0,prathipadu_.png,Mekathoti Sucharita,YSRCP,Prathipadu,0,0,0,0,0,0,0,0,1,0,0,0,0,0,0,0,0,0,0,0,0,0,0,0,0,0,0,0,0,0,0
x080UICPmwk,2023-01-13,0.9983811378479004,3320.0,TV5,177.0,4.0,prathipadu_.png,Mekathoti Sucharita,YSRCP,Prathipadu,0,0,0,0,0,0,0,0,0,0,0,0,0,0,0,0,0,0,0,0,0,0,0,0,0,0,0,0,0,0,0
HLWBpTbjXSU,2023-01-14,0.998773157596588,2343.0,TV9,284.0,0.0,prathipadu_.png,Mekathoti Sucharita,YSRCP,Prathipadu,0,0,0,0,0,0,0,0,0,0,0,0,0,0,0,0,0,0,0,0,0,0,0,0,0,0,0,0,0,0,0
Ou0WC5gwfs0,2023-01-14,0.998891055583954,790.0,TV9,267.0,0.0,prathipadu_.png,Mekathoti Sucharita,YSRCP,Prathipadu,0,0,0,1,0,0,0,0,0,0,0,0,0,0,1,0,0,0,0,0,1,1,0,0,0,1,1,1,0,0,0
zNFRhVOQR3M,2023-01-14,0.9982342720031738,2688.0,TV5,139.0,0.0,prathipadu_.png,Mekathoti Sucharita,YSRCP,Prathipadu,1,0,1,1,0,0,0,0,0,0,0,0,0,0,0,0,0,0,0,0,0,0,0,0,0,0,0,0,0,0,0
6FtYap52XPQ,2023-01-14,0.995654821395874,1724.0,TV9,389.0,0.0,prathipadu_.png,Mekathoti Sucharita,YSRCP,Prathipadu,0,0,0,0,0,0,0,0,0,0,0,0,0,0,0,0,0,0,0,0,0,0,0,0,0,0,0,0,0,0,0
M8ywCNk9doc,2023-01-14,0.997998297214508,2097.0,TV9,213.0,0.0,prathipadu_.png,Mekathoti Sucharita,YSRCP,Prathipadu,0,0,0,0,0,0,0,0,0,0,0,0,0,0,0,0,0,0,0,0,0,0,0,0,0,0,0,0,0,0,0
helcLOVEhcs,2023-01-15,0.9938451051712036,1454.0,TV9,270.0,5.0,prathipadu_.png,Mekathoti Sucharita,YSRCP,Prathipadu,0,0,0,0,0,0,0,0,0,0,0,0,0,0,0,0,0,0,0,1,0,0,0,0,0,0,0,1,0,0,0
YZz39jJaYBU,2023-01-15,0.998894989490509,2511.0,TV9,268.0,2.0,prathipadu_.png,Mekathoti Sucharita,YSRCP,Prathipadu,0,0,0,1,0,0,0,0,1,0,0,0,0,0,0,0,0,0,0,1,0,0,0,0,0,0,1,1,0,0,0
evPYKW2kyRA,2023-01-15,0.9989153146743774,6406.0,TV9,173.0,15.0,prathipadu_.png,Mekathoti Sucharita,YSRCP,Prathipadu,0,0,0,0,1,0,0,0,0,0,0,0,0,0,0,0,0,0,0,1,1,0,0,0,0,1,1,0,0,0,0
HTT9_EmpGYY,2023-01-16,0.9983308911323548,1539.0,TV9,213.0,0.0,prathipadu_.png,Mekathoti Sucharita,YSRCP,Prathipadu,0,0,0,0,0,0,0,0,0,0,0,0,0,0,0,0,0,0,0,0,0,0,0,0,0,0,0,0,0,0,0
rY6u22m_cXA,2023-01-17,-0.9743106365203856,317.0,ABN,242.0,0.0,prathipadu_.png,Mekathoti Sucharita,YSRCP,Prathipadu,0,0,0,0,0,0,0,0,0,0,0,0,0,0,0,0,0,0,0,0,0,0,0,0,0,0,0,0,0,0,0
F4LD0y1tFb0,2023-01-17,-0.9986061453819276,1134.0,ABN,60.0,0.0,prathipadu_.png,Mekathoti Sucharita,YSRCP,Prathipadu,0,0,0,0,0,0,0,0,0,0,0,0,0,0,0,0,0,0,0,0,1,0,0,0,0,0,0,0,0,0,0
VypWC6Podgg,2023-01-17,0.9948620200157166,4049.0,TV5,285.0,3.0,prathipadu_.png,Mekathoti Sucharita,YSRCP,Prathipadu,1,0,0,1,0,0,0,0,0,0,0,0,0,0,0,0,0,1,0,0,1,1,1,0,0,0,0,1,0,0,0
hs3on2_ZOzk,2023-01-17,0.99617600440979,8382.0,Sakshi,425.0,4.0,prathipadu_.png,Mekathoti Sucharita,YSRCP,Prathipadu,0,0,0,0,0,0,0,0,0,0,0,0,0,0,1,0,0,0,0,1,0,0,0,0,0,0,0,0,0,0,0
sEN8ZcJhBxE,2023-01-17,-0.9984757304191588,2732.0,ABN,255.0,0.0,prathipadu_.png,Mekathoti Sucharita,YSRCP,Prathipadu,0,0,0,0,0,0,0,0,0,0,0,0,0,0,0,0,0,0,0,0,0,0,0,0,0,0,0,0,0,0,0
8OF3CLZ967I,2023-01-17,0.9880826473236084,579.0,TV5,119.0,2.0,prathipadu_.png,Mekathoti Sucharita,YSRCP,Prathipadu,0,0,0,0,1,0,1,0,0,0,0,1,0,0,0,0,0,0,0,0,0,1,0,0,0,0,0,0,0,0,0
8XA3iYZ6-2Y,2023-01-17,-0.9886534810066224,1220.0,TV5,153.0,4.0,prathipadu_.png,Mekathoti Sucharita,YSRCP,Prathipadu,0,0,0,0,0,0,0,0,0,0,0,0,0,0,0,0,0,0,0,0,0,0,0,0,0,0,0,0,0,0,0
tumk8AAo0_E,2023-01-19,-0.9955505132675172,1731.0,TV5,82.0,0.0,prathipadu_.png,Mekathoti Sucharita,YSRCP,Prathipadu,1,1,1,0,0,0,0,0,0,0,0,0,1,0,1,0,0,0,0,0,1,1,0,0,0,1,0,0,1,0,0
s8sv-OHZ_-U,2023-01-20,0.9981775283813475,3367.0,Sakshi,143.0,1.0,prathipadu_.png,Mekathoti Sucharita,YSRCP,Prathipadu,0,1,1,0,1,0,0,0,1,1,0,0,0,0,1,0,0,1,0,0,0,1,1,0,0,0,1,1,0,0,0
oJQav4nN-BY,2023-01-20,-0.9979379773139954,701.0,ABN,159.0,1.0,prathipadu_.png,Mekathoti Sucharita,YSRCP,Prathipadu,0,0,0,0,0,0,0,0,0,0,0,0,0,0,0,0,0,0,0,0,0,0,0,0,0,0,0,0,0,0,0
GKQmuAbMZB0,2023-01-20,-0.9975200295448304,870.0,TV9,285.0,0.0,prathipadu_.png,Mekathoti Sucharita,YSRCP,Prathipadu,0,0,0,0,0,0,0,0,0,0,0,0,0,0,0,0,0,0,0,0,1,0,0,0,0,0,0,0,0,0,0
FZG7271C3Xw,2023-01-21,-0.9982157945632936,4061.0,TV9,109.0,5.0,prathipadu_.png,Mekathoti Sucharita,YSRCP,Prathipadu,0,0,0,0,0,0,0,0,0,0,0,0,0,0,0,0,0,0,0,0,0,0,0,0,0,0,0,0,0,0,0
WlmTQPSy3RA,2023-01-21,-0.998766303062439,4087.0,ABN,328.0,2.0,prathipadu_.png,Mekathoti Sucharita,YSRCP,Prathipadu,0,0,0,1,0,0,0,0,0,0,0,0,0,0,0,0,0,0,0,0,0,0,0,0,0,0,0,0,0,0,0
hRG5uP_5nXM,2023-01-21,-0.9677355885505676,4060.0,TV5,167.0,5.0,prathipadu_.png,Mekathoti Sucharita,YSRCP,Prathipadu,0,1,1,0,0,0,0,0,0,1,0,0,0,0,0,0,0,0,0,0,1,1,0,1,0,0,0,0,1,0,0
rtVQYpSvwkM,2023-01-21,-0.9983221888542176,1459.0,TV9,76.0,2.0,prathipadu_.png,Mekathoti Sucharita,YSRCP,Prathipadu,0,0,0,0,0,0,0,0,0,0,0,0,0,0,0,0,0,0,0,0,0,0,0,0,0,0,0,0,0,0,0
ZZZVA6aPNK8,2023-01-22,0.9978233575820924,1705.0,TV5,169.0,3.0,prathipadu_.png,Mekathoti Sucharita,YSRCP,Prathipadu,0,0,0,0,0,0,0,1,0,0,0,0,0,0,0,0,0,0,0,0,1,0,0,0,0,0,0,0,0,0,0
nWw4HCpIpLA,2023-01-22,0.9981802701950072,2190.0,TV9,62.0,0.0,prathipadu_.png,Mekathoti Sucharita,YSRCP,Prathipadu,0,0,0,0,0,0,0,0,0,0,0,0,0,0,0,0,0,0,0,0,1,0,0,0,0,0,0,0,0,0,0
CyxPYuKZji0,2023-01-22,-0.9927552342414856,25763.0,TV5,283.0,12.0,prathipadu_.png,Mekathoti Sucharita,YSRCP,Prathipadu,1,0,0,0,0,0,0,0,1,0,0,0,0,0,0,0,0,0,0,0,0,0,0,0,0,0,0,0,0,0,0
O7jfBhnIO64,2023-01-23,-0.9875065088272096,770.0,TV5,244.0,0.0,prathipadu_.png,Mekathoti Sucharita,YSRCP,Prathipadu,0,0,1,0,0,0,0,0,0,0,0,0,0,0,0,0,0,0,0,0,0,0,0,0,0,0,0,0,0,0,0
GymLyuqdSK8,2023-01-23,0.9933547973632812,951.0,TV5,162.0,6.0,prathipadu_.png,Mekathoti Sucharita,YSRCP,Prathipadu,0,0,0,0,0,0,0,0,1,0,0,0,0,0,0,0,0,0,0,0,0,0,0,0,0,0,0,0,0,0,0
DXmFbeQpICI,2023-01-24,-0.9955581426620485,278.0,TV5,173.0,0.0,prathipadu_.png,Mekathoti Sucharita,YSRCP,Prathipadu,1,1,1,1,0,0,0,0,0,0,0,0,0,0,1,0,0,0,0,0,1,1,1,0,0,0,0,1,1,0,0
Od2eo3Z_b7o,2023-01-24,0.9985777139663696,1666.0,ABN,215.0,1.0,prathipadu_.png,Mekathoti Sucharita,YSRCP,Prathipadu,0,0,0,0,0,0,1,0,0,0,0,1,0,0,1,0,0,0,0,0,0,1,0,0,0,0,1,0,1,0,0
C2jm53MNVS0,2023-01-26,0.9949091076850892,885.0,ABN,392.0,0.0,prathipadu_.png,Mekathoti Sucharita,YSRCP,Prathipadu,0,0,0,0,0,0,0,0,0,0,0,0,0,0,0,0,0,0,0,0,0,0,0,0,0,0,0,0,0,0,0
hD40pJtwE_o,2023-01-26,0.9983807802200316,4132.0,TV9,234.0,2.0,prathipadu_.png,Mekathoti Sucharita,YSRCP,Prathipadu,1,0,1,0,0,0,0,0,0,0,0,0,0,0,0,0,0,0,0,1,0,0,0,0,0,0,0,0,0,0,0
X89s2JrYBKY,2023-01-26,0.9986227750778198,727.0,ABN,105.0,0.0,prathipadu_.png,Mekathoti Sucharita,YSRCP,Prathipadu,0,0,0,0,0,0,0,0,0,0,0,0,0,0,0,0,0,0,0,0,0,0,1,0,0,0,0,1,0,0,0
06xmbcVftIw,2023-01-26,0.9980720281600952,1977.0,ABN,307.0,2.0,prathipadu_.png,Mekathoti Sucharita,YSRCP,Prathipadu,0,0,0,0,0,0,0,0,0,0,0,0,0,0,0,0,0,0,0,0,0,0,1,0,0,0,0,1,0,0,1
oGrz8XAoczg,2023-01-28,-0.996509850025177,2786.0,ABN,451.0,7.0,prathipadu_.png,Mekathoti Sucharita,YSRCP,Prathipadu,0,0,0,0,0,0,0,0,0,0,0,0,0,0,0,0,0,0,0,0,0,0,0,0,0,0,0,0,0,0,0
Pc7gkCRB-XI,2023-01-30,-0.9923405647277832,677.0,ABN,283.0,1.0,prathipadu_.png,Mekathoti Sucharita,YSRCP,Prathipadu,0,0,0,0,0,0,0,0,0,0,0,0,0,0,0,0,0,0,0,0,0,0,0,0,0,1,0,0,0,0,0
jq4gpggFOVY,2023-01-31,0.9833692908287048,8058.0,TV9,348.0,22.0,prathipadu_.png,Mekathoti Sucharita,YSRCP,Prathipadu,0,0,0,0,0,0,0,0,0,0,0,0,0,0,0,0,0,0,0,0,0,0,0,0,0,0,0,0,0,0,0
R-GxZiNUKXo,2023-02-04,0.9945993423461914,913.0,TV5,73.0,1.0,prathipadu_.png,Mekathoti Sucharita,YSRCP,Prathipadu,0,0,0,0,0,0,0,0,0,0,0,0,0,0,0,0,0,0,0,0,0,0,0,0,0,0,0,0,0,0,0
kc2ZL_PfABE,2023-02-06,0.9938348531723022,1015.0,TV5,477.0,0.0,prathipadu_.png,Mekathoti Sucharita,YSRCP,Prathipadu,0,0,0,0,0,0,0,0,0,0,0,0,0,0,0,0,0,0,0,0,0,0,0,0,0,0,0,0,0,0,0
0_K0bJ2RDus,2023-02-06,0.9891614317893982,6509.0,TV5,255.0,7.0,prathipadu_.png,Mekathoti Sucharita,YSRCP,Prathipadu,1,0,1,0,0,0,0,0,1,0,0,0,0,0,0,0,0,1,0,1,1,1,0,0,0,0,0,0,1,0,1
A7ob9iaBhOY,2023-02-08,-0.997904658317566,2160.0,TV5,534.0,4.0,prathipadu_.png,Mekathoti Sucharita,YSRCP,Prathipadu,0,0,0,0,0,0,0,0,0,0,0,0,0,0,0,0,0,0,0,0,0,0,0,0,0,0,0,0,0,0,0
AHiZKlq0Js0,2023-02-08,-0.9898419976234436,3274.0,TV5,255.0,2.0,prathipadu_.png,Mekathoti Sucharita,YSRCP,Prathipadu,0,1,0,0,0,0,0,0,0,0,0,0,0,0,0,0,0,0,0,0,0,0,0,0,0,0,0,0,0,0,0
XuhfcNiUI6g,2023-02-08,-0.985753893852234,44925.0,TV5,180.0,25.0,prathipadu_.png,Mekathoti Sucharita,YSRCP,Prathipadu,1,0,0,0,0,0,0,0,0,0,0,0,0,0,0,0,0,0,0,0,0,1,0,0,0,0,0,0,0,0,0
2Pc2jz1sxhs,2023-02-08,-0.9994038343429564,7061.0,TV5,156.0,16.0,prathipadu_.png,Mekathoti Sucharita,YSRCP,Prathipadu,0,0,0,0,0,0,0,0,0,0,0,0,0,0,0,0,0,0,0,0,1,0,0,0,0,0,0,0,0,0,0
PEnVPDNVFzU,2023-02-08,-0.99766206741333,5524.0,TV5,116.0,5.0,prathipadu_.png,Mekathoti Sucharita,YSRCP,Prathipadu,0,0,0,0,0,0,0,0,1,0,0,0,0,0,0,0,0,0,1,0,0,0,0,0,0,0,1,0,0,0,0
BMR8Y6IXQuI,2023-02-08,0.9979172348976136,2612.0,TV5,470.0,1.0,prathipadu_.png,Mekathoti Sucharita,YSRCP,Prathipadu,1,1,1,1,1,0,0,0,0,0,0,1,0,0,0,0,0,0,0,0,0,0,0,0,0,0,0,0,0,0,0
ovh7xbNjO5I,2023-02-09,-0.9870423078536988,2282.0,Sakshi,162.0,2.0,prathipadu_.png,Mekathoti Sucharita,YSRCP,Prathipadu,0,0,0,0,1,0,0,1,0,0,0,0,0,0,0,0,0,0,0,0,0,0,0,0,0,0,0,0,0,0,0
sMIdmfntdsI,2023-02-09,0.9984574317932128,691.0,ABN,318.0,0.0,prathipadu_.png,Mekathoti Sucharita,YSRCP,Prathipadu,0,0,0,0,0,0,0,0,0,0,0,0,0,0,0,0,0,0,0,0,0,0,0,1,0,1,0,0,0,1,0
fzbJyqUKlOo,2023-02-10,0.9719404578208924,446.0,TV5,190.0,0.0,prathipadu_.png,Mekathoti Sucharita,YSRCP,Prathipadu,0,0,0,0,0,0,0,0,1,0,0,0,0,1,0,0,0,1,0,0,0,0,0,0,0,0,1,0,0,0,0
cghUcBFCzGY,2023-02-10,-0.9985764026641846,740.0,TV5,175.0,0.0,prathipadu_.png,Mekathoti Sucharita,YSRCP,Prathipadu,0,0,0,0,1,0,0,0,0,0,0,0,0,0,0,0,0,0,0,0,0,1,1,0,0,0,1,1,1,0,0
pb2J_D8f4KI,2023-02-10,-0.9975438714027404,3661.0,TV5,85.0,3.0,prathipadu_.png,Mekathoti Sucharita,YSRCP,Prathipadu,0,1,1,0,0,0,0,0,1,0,0,0,0,0,0,0,0,0,0,1,0,0,0,0,0,0,0,0,0,0,0
Qs1F38WXhfU,2023-02-14,-0.9907622933387756,467.0,ABN,273.0,3.0,prathipadu_.png,Mekathoti Sucharita,YSRCP,Prathipadu,0,0,0,0,0,0,0,0,0,0,0,0,0,0,0,0,0,0,0,0,0,1,0,0,0,1,0,0,0,0,0
S67LDlgci6M,2023-02-14,-0.9977596998214722,523.0,ABN,291.0,0.0,prathipadu_.png,Mekathoti Sucharita,YSRCP,Prathipadu,0,1,0,0,0,0,0,0,0,0,0,0,0,0,0,0,0,0,0,0,0,1,0,0,0,0,1,0,0,0,0
0978ejAyyzI,2023-02-14,-0.9876713752746582,571.0,ABN,130.0,0.0,prathipadu_.png,Mekathoti Sucharita,YSRCP,Prathipadu,0,0,0,0,0,0,0,0,0,0,0,0,0,0,0,0,0,0,0,0,0,0,0,0,0,0,0,0,0,0,0
Q_GG-n2ghtg,2023-02-15,-0.9991852641105652,6265.0,Sakshi,252.0,21.0,prathipadu_.png,Mekathoti Sucharita,YSRCP,Prathipadu,0,1,1,1,0,1,0,1,0,0,0,0,1,0,0,0,0,0,0,0,0,0,0,0,0,1,0,0,0,0,0
cA6ghx16_JA,2023-02-15,0.9982812404632568,45747.0,TV5,388.0,68.0,prathipadu_.png,Mekathoti Sucharita,YSRCP,Prathipadu,0,0,0,0,0,0,0,0,0,0,0,0,0,0,0,0,0,0,0,0,0,0,0,0,0,0,0,0,0,0,0
r8moSvNwscE,2023-02-17,-0.975594699382782,1496.0,ABN,385.0,6.0,prathipadu_.png,Mekathoti Sucharita,YSRCP,Prathipadu,0,0,0,0,0,0,0,0,1,0,0,0,0,0,0,0,0,0,0,0,0,0,0,0,0,0,0,0,0,0,0
GRws6kaGUsY,2023-02-18,0.9988491535186768,4758.0,TV5,296.0,2.0,prathipadu_.png,Mekathoti Sucharita,YSRCP,Prathipadu,0,0,0,0,0,0,0,0,0,0,0,0,0,0,0,0,0,0,0,0,0,0,0,0,0,1,0,0,0,0,0
zMBrsK6w63Y,2023-02-18,0.9986016154289246,750.0,TV9,327.0,0.0,prathipadu_.png,Mekathoti Sucharita,YSRCP,Prathipadu,0,0,0,0,0,0,0,0,0,0,0,0,0,0,0,0,0,0,0,0,0,0,0,0,0,0,0,0,0,0,0
-ybrpcB_938,2023-02-19,0.9936471581459044,6872.0,TV9,46.0,4.0,prathipadu_.png,Mekathoti Sucharita,YSRCP,Prathipadu,0,0,0,0,0,0,0,0,0,0,0,0,0,0,0,0,0,0,0,0,0,0,0,0,0,0,0,0,0,0,0
q2u40SJz8NI,2023-02-20,-0.9990211725234984,923.0,ABN,221.0,0.0,prathipadu_.png,Mekathoti Sucharita,YSRCP,Prathipadu,0,0,0,0,0,0,0,0,0,0,0,0,0,0,1,0,0,0,0,0,0,0,0,0,0,0,0,0,0,0,0
ZASbTxv2EL4,2023-02-20,-0.9981226325035096,2645.0,TV5,281.0,2.0,prathipadu_.png,Mekathoti Sucharita,YSRCP,Prathipadu,0,0,1,0,0,0,0,0,0,0,0,0,0,1,1,0,0,0,0,0,1,1,0,0,0,1,0,0,0,0,0
1iq4uqLoxv8,2023-02-20,-0.9989780187606812,273192.0,TV9,38.0,203.0,prathipadu_.png,Mekathoti Sucharita,YSRCP,Prathipadu,0,0,0,0,0,0,0,0,0,0,0,0,0,0,0,0,0,0,0,0,0,0,0,0,0,1,0,0,0,0,0
fVOslIZpVhk,2023-02-20,-0.997905135154724,2633.0,TV5,195.0,1.0,prathipadu_.png,Mekathoti Sucharita,YSRCP,Prathipadu,1,1,1,1,1,1,1,0,0,0,0,1,1,0,0,0,0,0,0,0,0,0,0,0,0,0,0,0,0,0,0
WDjCY-iwmvw,2023-02-20,-0.9977259039878844,4318.0,TV5,188.0,4.0,prathipadu_.png,Mekathoti Sucharita,YSRCP,Prathipadu,1,0,0,0,0,0,0,0,1,0,0,0,0,0,0,0,0,0,0,0,0,0,0,0,1,1,1,0,0,0,0
yu_dp09gPSw,2023-02-27,0.9982293248176576,1274.0,TV9,291.0,0.0,prathipadu_.png,Mekathoti Sucharita,YSRCP,Prathipadu,0,1,1,1,1,0,0,0,0,0,0,1,0,0,1,0,0,0,0,0,0,1,0,0,0,1,0,0,0,1,0
rdh_X-xk57k,2023-02-27,0.9908135533332824,594.0,TV9,260.0,1.0,prathipadu_.png,Mekathoti Sucharita,YSRCP,Prathipadu,0,1,1,1,1,0,0,0,1,0,0,0,0,0,0,0,0,0,0,1,1,1,0,0,0,1,1,0,0,1,0
Cz-8FbBNFFA,2023-02-27,0.9865424633026124,1437.0,TV9,275.0,1.0,prathipadu_.png,Mekathoti Sucharita,YSRCP,Prathipadu,0,1,1,0,0,1,0,0,0,0,0,0,0,0,0,0,0,0,0,0,0,0,0,0,0,0,0,0,0,0,0
F2_gdGvvHFc,2023-02-27,-0.9875584840774536,580.0,TV9,301.0,1.0,prathipadu_.png,Mekathoti Sucharita,YSRCP,Prathipadu,0,1,1,1,1,0,0,0,0,1,1,1,0,0,1,1,1,0,0,0,0,1,1,0,0,1,1,1,0,1,1
MCsYcfSGe9A,2023-03-01,-0.9871059656143188,427.0,ABN,75.0,0.0,prathipadu_.png,Mekathoti Sucharita,YSRCP,Prathipadu,1,0,0,0,0,0,0,0,0,0,0,0,0,0,0,0,0,0,1,0,0,0,0,0,0,0,0,0,0,0,0
FkO0rY4tA8A,2023-03-03,-0.9939613342285156,569.0,TV5,76.0,1.0,prathipadu_.png,Mekathoti Sucharita,YSRCP,Prathipadu,0,0,0,0,0,0,0,0,0,0,0,0,0,0,0,0,0,0,0,0,0,0,0,0,0,0,1,0,0,0,0
W_kXc1vEB70,2023-03-03,0.9933652281761168,668.0,TV5,254.0,1.0,prathipadu_.png,Mekathoti Sucharita,YSRCP,Prathipadu,0,0,0,0,0,0,0,0,0,0,0,0,0,0,0,0,0,0,0,0,0,0,0,0,0,0,0,0,0,0,0
BJ41irrfF6I,2023-03-04,0.9957386255264282,885.0,ABN,207.0,7.0,prathipadu_.png,Mekathoti Sucharita,YSRCP,Prathipadu,0,0,0,0,0,0,0,0,0,0,0,0,0,0,0,0,0,0,0,0,0,0,0,0,0,0,0,0,0,0,0
vQQCz5OJBQ8,2023-03-04,-0.9819321632385254,106001.0,Sakshi,267.0,192.0,prathipadu_.png,Mekathoti Sucharita,YSRCP,Prathipadu,0,0,0,0,1,1,0,0,1,0,0,0,0,0,0,0,0,0,0,1,0,0,0,0,0,0,1,0,0,0,0
BqKGhDhWUE0,2023-03-04,0.9983773231506348,7626.0,TV9,302.0,3.0,prathipadu_.png,Mekathoti Sucharita,YSRCP,Prathipadu,0,0,1,1,0,1,0,0,1,0,0,0,1,0,0,0,0,1,0,0,1,0,0,0,0,1,1,1,1,1,0
9nWeJilIdDo,2023-03-05,0.9904120564460754,759.0,TV5,234.0,0.0,prathipadu_.png,Mekathoti Sucharita,YSRCP,Prathipadu,0,0,0,0,0,0,0,0,0,0,0,0,0,0,0,0,1,0,0,0,0,0,0,0,0,1,0,0,0,0,0
b779lw_UpMY,2023-03-06,-0.991496443748474,7818.0,TV5,137.0,8.0,prathipadu_.png,Mekathoti Sucharita,YSRCP,Prathipadu,0,0,0,0,0,0,0,0,0,0,0,0,0,0,0,0,0,0,0,0,0,0,0,0,0,0,0,0,0,0,0
umtwt695k8g,2023-03-06,-0.9985570311546326,259.0,TV5,105.0,3.0,prathipadu_.png,Mekathoti Sucharita,YSRCP,Prathipadu,0,0,0,0,0,0,0,0,0,0,0,0,0,0,0,0,0,0,0,0,0,0,0,0,0,0,0,0,0,0,0
yktRRb500ZU,2023-03-06,-0.9952049255371094,1101.0,TV5,305.0,3.0,prathipadu_.png,Mekathoti Sucharita,YSRCP,Prathipadu,0,0,0,0,0,0,0,0,1,0,0,1,1,0,0,0,1,0,0,0,0,0,0,0,0,1,1,0,0,0,0
e7IHduSJ-94,2023-03-07,0.9939616322517396,1089.0,TV9,240.0,0.0,prathipadu_.png,Mekathoti Sucharita,YSRCP,Prathipadu,0,1,1,1,0,0,0,0,0,1,0,0,0,0,0,0,0,0,0,0,0,1,1,0,0,1,0,0,0,0,0
G5Kdh5HGJ3c,2023-03-07,0.9981614947319032,817.0,TV9,282.0,2.0,prathipadu_.png,Mekathoti Sucharita,YSRCP,Prathipadu,0,0,0,0,0,0,0,0,0,0,0,0,0,0,0,0,0,0,0,0,0,0,0,0,0,0,0,0,0,0,0
BOKFFogE1QQ,2023-03-07,0.9978051781654358,1432.0,TV5,97.0,4.0,prathipadu_.png,Mekathoti Sucharita,YSRCP,Prathipadu,0,0,0,0,0,0,0,0,0,0,0,0,0,0,0,0,0,0,0,0,0,0,0,1,0,1,0,0,0,0,0
uSFAiPZ_8EY,2023-03-07,0.8212208151817322,542.0,TV5,299.0,0.0,prathipadu_.png,Mekathoti Sucharita,YSRCP,Prathipadu,0,0,0,0,0,0,0,0,0,0,0,0,0,0,0,0,0,0,0,0,0,0,0,0,0,0,0,0,0,0,0
BvoZqjNdr30,2023-03-07,0.99748957157135,1411.0,TV5,200.0,1.0,prathipadu_.png,Mekathoti Sucharita,YSRCP,Prathipadu,0,0,0,0,0,0,0,0,0,1,0,0,0,0,0,0,0,0,0,0,0,1,0,0,0,0,0,0,0,0,0
5g_GbpgOwhU,2023-03-09,-0.9660500884056092,783.0,ABN,325.0,1.0,prathipadu_.png,Mekathoti Sucharita,YSRCP,Prathipadu,0,0,0,1,0,1,0,0,1,0,0,0,0,0,0,0,0,0,0,0,0,0,0,0,0,1,0,0,0,0,0
2IDoKHQvWLY,2023-03-09,-0.997007429599762,559.0,ABN,290.0,2.0,prathipadu_.png,Mekathoti Sucharita,YSRCP,Prathipadu,0,0,0,0,0,0,0,0,0,0,0,0,0,0,0,0,0,0,0,0,0,1,0,0,0,1,0,1,0,0,0
AiAGXmOr8xg,2023-03-11,0.99694162607193,5310.0,TV9,237.0,23.0,prathipadu_.png,Mekathoti Sucharita,YSRCP,Prathipadu,0,0,1,0,0,0,0,0,0,1,0,1,0,0,0,1,1,1,0,1,1,1,1,0,0,1,0,1,1,0,1
wiA5ei2kjVY,2023-03-11,-0.9977396726608276,3429.0,TV9,334.0,13.0,prathipadu_.png,Mekathoti Sucharita,YSRCP,Prathipadu,0,0,0,0,0,0,0,0,0,0,0,0,0,0,0,0,0,0,0,0,0,0,0,0,0,0,0,0,0,0,0
fwh-kUpFQt8,2023-03-11,-0.9992554783821106,15179.0,TV9,222.0,77.0,prathipadu_.png,Mekathoti Sucharita,YSRCP,Prathipadu,0,0,0,0,0,0,0,0,0,0,0,0,0,0,0,0,0,0,0,0,0,0,0,0,0,0,0,0,0,0,0
nlr1gZcaD0k,2023-03-11,-0.9992596507072448,577.0,TV9,263.0,1.0,prathipadu_.png,Mekathoti Sucharita,YSRCP,Prathipadu,0,0,0,0,0,0,0,0,0,0,0,0,0,0,0,0,0,0,0,0,0,0,0,0,0,0,0,0,0,0,0
1rqOyFHjv9Y,2023-03-11,-0.9953321814537048,2294.0,TV9,263.0,15.0,prathipadu_.png,Mekathoti Sucharita,YSRCP,Prathipadu,0,0,0,0,0,0,0,0,0,0,0,0,0,0,0,0,0,0,0,0,0,1,0,0,0,0,1,0,0,0,0
R-L7porezWU,2023-03-11,-0.9978339076042176,1009.0,TV9,266.0,7.0,prathipadu_.png,Mekathoti Sucharita,YSRCP,Prathipadu,0,0,0,0,0,0,0,0,0,0,0,0,0,0,0,0,0,0,0,0,0,0,0,0,0,0,0,0,0,0,0
stGQ6Tp68gQ,2023-03-11,-0.9976601600646972,1103.0,TV9,76.0,2.0,prathipadu_.png,Mekathoti Sucharita,YSRCP,Prathipadu,0,0,0,0,0,0,0,0,0,0,0,0,0,0,0,0,0,0,0,0,0,0,0,0,0,0,0,0,0,0,0
uHQ0HpmO-jc,2023-03-12,0.9976176619529724,1528.0,ABN,244.0,0.0,prathipadu_.png,Mekathoti Sucharita,YSRCP,Prathipadu,1,0,1,0,0,0,0,0,0,0,0,0,0,0,0,0,0,0,0,0,0,0,0,0,0,0,0,0,0,0,0
pxlwCeQLWD8,2023-03-14,-0.98274427652359,1263.0,TV9,250.0,0.0,prathipadu_.png,Mekathoti Sucharita,YSRCP,Prathipadu,1,0,0,0,0,1,0,1,1,1,0,0,0,1,0,1,0,1,0,0,1,1,1,0,0,0,1,1,0,0,1
hXZTYenEdMs,2023-03-14,0.9942949414253236,3731.0,ABN,230.0,7.0,prathipadu_.png,Mekathoti Sucharita,YSRCP,Prathipadu,0,0,0,0,0,0,0,0,1,0,0,0,0,0,0,0,0,0,0,0,0,0,0,0,0,0,0,0,0,0,0
ocdcC6VUckU,2023-03-15,-0.998087465763092,1441.0,ABN,343.0,0.0,prathipadu_.png,Mekathoti Sucharita,YSRCP,Prathipadu,0,0,0,0,0,0,0,0,0,0,0,0,0,0,0,0,0,0,0,0,0,0,0,0,0,1,1,1,0,0,0
uLT8N5ebOoc,2023-03-15,-0.998343586921692,628.0,ABN,262.0,0.0,prathipadu_.png,Mekathoti Sucharita,YSRCP,Prathipadu,0,0,1,1,0,0,0,0,0,0,0,0,0,0,0,0,1,0,0,0,0,1,1,0,0,0,0,1,0,0,0
D8mzgM8hwSM,2023-03-15,0.9788464307785034,689.0,TV9,161.0,0.0,prathipadu_.png,Mekathoti Sucharita,YSRCP,Prathipadu,0,0,0,0,0,0,0,0,0,0,0,0,0,0,0,0,0,0,0,0,0,0,0,0,0,0,0,0,0,0,0
MBYZ0QJYeoI,2023-03-16,0.997102916240692,3447.0,ABN,240.0,0.0,prathipadu_.png,Mekathoti Sucharita,YSRCP,Prathipadu,0,0,0,0,0,0,0,0,0,0,0,0,0,1,0,0,0,0,0,0,0,0,0,0,0,0,0,0,0,0,0
A7vxoWYmD4A,2023-03-17,-0.9967445135116576,1523.0,TV9,225.0,1.0,prathipadu_.png,Mekathoti Sucharita,YSRCP,Prathipadu,0,0,0,0,0,0,0,0,0,0,0,0,0,0,0,0,0,0,0,0,0,0,0,0,0,1,0,0,0,0,0
9iQ9ldIokaQ,2023-03-17,-0.9978693723678588,3176.0,Sakshi,211.0,6.0,prathipadu_.png,Mekathoti Sucharita,YSRCP,Prathipadu,1,0,0,0,1,1,1,1,0,1,0,0,0,0,0,0,0,0,0,0,0,0,1,0,0,0,0,1,0,0,0
3RwQuUMbdEY,2023-03-18,-0.9832739233970642,25163.0,TV5,80.0,70.0,prathipadu_.png,Mekathoti Sucharita,YSRCP,Prathipadu,0,1,0,0,1,1,0,0,0,0,0,0,0,0,0,0,0,0,0,0,0,0,0,0,0,0,0,0,0,0,0
ABQl5CDiJfw,2023-03-19,-0.999473750591278,1553.0,TV9,265.0,1.0,prathipadu_.png,Mekathoti Sucharita,YSRCP,Prathipadu,0,0,0,0,1,0,0,0,0,0,0,0,0,0,0,0,0,0,0,0,0,0,0,0,0,1,0,0,0,0,0
og0pOyMCTwE,2023-03-20,-0.9970520734786988,16779.0,ABN,135.0,22.0,prathipadu_.png,Mekathoti Sucharita,YSRCP,Prathipadu,0,0,0,0,0,0,0,0,1,0,0,0,0,1,0,0,0,0,0,0,0,0,0,0,0,0,0,0,0,0,0
t4fNKCjLUKM,2023-03-21,-0.9994502663612366,10510.0,TV9,261.0,12.0,prathipadu_.png,Mekathoti Sucharita,YSRCP,Prathipadu,0,0,0,0,0,0,0,0,0,0,0,0,0,0,0,0,0,0,0,0,0,0,0,0,0,0,0,0,0,0,0
_Ap1wX5-dZ4,2023-03-21,-0.9986328482627868,4068.0,TV9,75.0,0.0,prathipadu_.png,Mekathoti Sucharita,YSRCP,Prathipadu,0,0,0,0,0,0,0,0,0,0,0,0,0,0,0,0,0,0,0,0,0,0,0,0,0,0,0,0,0,0,0
9lo6iTenqD4,2023-03-22,-0.9993509650230408,1226.0,TV9,321.0,5.0,prathipadu_.png,Mekathoti Sucharita,YSRCP,Prathipadu,0,0,0,0,0,0,0,0,0,0,0,0,0,0,0,0,0,0,0,0,0,0,0,0,0,0,0,0,0,0,0
oLNkJBZKMsY,2023-03-22,-0.9925423860549928,3001.0,TV9,279.0,21.0,prathipadu_.png,Mekathoti Sucharita,YSRCP,Prathipadu,0,0,1,1,1,0,1,1,0,1,1,0,1,0,1,1,1,1,1,1,1,1,1,1,0,1,1,1,0,1,1
-s24Sxugy_M,2023-03-23,0.991081178188324,1008.0,ABN,274.0,1.0,prathipadu_.png,Mekathoti Sucharita,YSRCP,Prathipadu,0,1,1,1,1,0,0,0,1,0,0,0,0,0,1,0,0,1,0,0,0,1,0,0,0,1,0,0,0,0,0
98i1EmC9zGQ,2023-03-27,-0.999373495578766,14879.0,ABN,349.0,10.0,prathipadu_.png,Mekathoti Sucharita,YSRCP,Prathipadu,0,0,0,0,0,0,0,0,0,0,0,0,0,0,0,0,0,0,0,0,0,0,0,0,0,0,0,0,0,0,0
CT9tAEE0Rq0,2023-03-27,-0.9989888072013856,23420.0,TV5,140.0,65.0,prathipadu_.png,Mekathoti Sucharita,YSRCP,Prathipadu,1,0,1,0,0,0,0,0,0,0,0,0,0,0,0,1,0,0,0,0,0,0,1,0,0,1,0,1,0,0,0
GvNNZN23LYo,2023-03-28,-0.9989991784095764,40836.0,TV5,245.0,46.0,prathipadu_.png,Mekathoti Sucharita,YSRCP,Prathipadu,1,1,0,0,1,1,1,0,0,0,0,1,0,0,1,0,0,0,0,0,0,1,0,0,0,0,0,0,0,0,0
AM8SFc_ZaF8,2023-03-29,-0.9851477742195128,2632.0,ABN,305.0,2.0,prathipadu_.png,Mekathoti Sucharita,YSRCP,Prathipadu,0,0,0,1,1,0,0,0,1,0,0,0,0,0,0,0,1,0,0,0,0,1,0,1,0,1,1,0,0,0,0
W1HFXt5Z-6E,2023-04-03,0.9985268115997314,639.0,TV9,326.0,1.0,prathipadu_.png,Mekathoti Sucharita,YSRCP,Prathipadu,0,0,0,0,0,0,0,0,0,0,0,0,0,0,0,0,0,0,0,0,0,0,0,0,1,0,0,0,0,0,0
XG4RmZlM8Gc,2023-04-03,-0.9988538026809692,585.0,ABN,275.0,0.0,prathipadu_.png,Mekathoti Sucharita,YSRCP,Prathipadu,1,1,1,1,0,0,0,0,1,1,0,0,1,0,1,0,0,0,0,1,1,0,1,0,0,0,1,1,0,1,1
DN_lpUl_FEw,2023-04-03,0.9959912896156312,734.0,ABN,277.0,1.0,prathipadu_.png,Mekathoti Sucharita,YSRCP,Prathipadu,0,1,1,0,0,0,0,0,0,1,0,0,1,0,0,0,0,0,0,0,0,0,0,1,0,0,0,0,0,0,0
j5SdVkXQ9AU,2023-04-03,-0.9992183446884156,1675.0,ABN,187.0,7.0,prathipadu_.png,Mekathoti Sucharita,YSRCP,Prathipadu,0,0,0,0,0,0,0,0,0,0,0,0,1,0,0,0,0,0,0,0,0,0,0,0,0,0,0,0,0,0,0
IufR2hS1Er0,2023-04-04,-0.9992697834968568,2377.0,TV5,300.0,2.0,prathipadu_.png,Mekathoti Sucharita,YSRCP,Prathipadu,1,1,0,1,1,1,0,0,0,0,0,0,0,0,0,0,0,0,0,0,0,0,0,0,1,0,0,0,0,0,0
cRdfdDhlCeA,2023-04-06,-0.9980212450027466,1736.0,ABN,226.0,1.0,prathipadu_.png,Mekathoti Sucharita,YSRCP,Prathipadu,0,0,0,1,0,0,0,0,0,0,0,0,0,0,1,0,0,0,0,0,0,0,0,0,0,0,0,0,0,0,0
YgMEnnfxiVQ,2023-04-11,-0.9981156587600708,3730.0,TV9,306.0,15.0,prathipadu_.png,Mekathoti Sucharita,YSRCP,Prathipadu,1,0,0,1,0,0,0,1,0,0,0,0,0,0,0,0,0,0,0,0,0,0,0,0,0,0,0,0,0,0,0
5YqUTdooeOI,2023-04-13,0.9034128189086914,2716.0,TV9,207.0,1.0,prathipadu_.png,Mekathoti Sucharita,YSRCP,Prathipadu,0,0,0,0,0,0,0,0,0,0,0,0,0,0,0,0,0,0,0,0,0,0,0,0,0,0,0,0,0,0,0
Pkhbvz2slCQ,2023-04-14,-0.9868839383125304,800.0,ABN,87.0,0.0,prathipadu_.png,Mekathoti Sucharita,YSRCP,Prathipadu,0,0,0,0,0,0,0,0,0,0,0,0,0,0,0,0,0,0,0,0,0,0,0,0,0,0,0,0,0,0,0
lHaTYAanzk0,2023-04-14,-0.998263657093048,3131.0,ABN,244.0,5.0,prathipadu_.png,Mekathoti Sucharita,YSRCP,Prathipadu,0,0,0,0,1,0,0,0,0,0,0,0,0,0,0,0,0,0,0,0,0,0,0,0,0,1,0,0,0,1,0
_dZcdBY80c0,2023-04-14,-0.9992982149124146,1411.0,ABN,215.0,2.0,prathipadu_.png,Mekathoti Sucharita,YSRCP,Prathipadu,1,0,0,0,1,0,0,0,0,0,0,0,0,1,0,0,0,0,0,0,0,0,0,0,0,1,0,1,0,0,0
iK6Ibej7l_8,2023-04-18,-0.997262477874756,5536.0,TV5,275.0,5.0,prathipadu_.png,Mekathoti Sucharita,YSRCP,Prathipadu,1,0,0,0,0,1,0,0,0,0,0,0,0,1,0,0,0,0,0,1,0,0,0,0,0,1,0,0,0,0,0
ddN6viKi8Ag,2023-04-18,-0.9974109530448914,976.0,TV9,209.0,1.0,prathipadu_.png,Mekathoti Sucharita,YSRCP,Prathipadu,0,0,0,0,0,1,0,0,0,0,0,0,0,0,0,0,0,0,0,0,0,0,0,0,0,0,0,0,0,0,0
D7YWIal3hW4,2023-04-19,-0.9988547563552856,1115.0,ABN,140.0,0.0,prathipadu_.png,Mekathoti Sucharita,YSRCP,Prathipadu,0,1,1,0,0,0,0,0,0,0,0,0,0,0,0,0,0,0,1,0,1,0,0,0,0,0,0,0,0,0,0
3a6L2QpDyDs,2023-04-20,0.9863004684448242,808.0,ABN,152.0,1.0,prathipadu_.png,Mekathoti Sucharita,YSRCP,Prathipadu,0,1,1,1,0,0,0,0,0,0,0,0,0,0,0,0,1,0,0,0,0,0,0,0,0,1,1,0,0,0,0
YSfsC4kqFUo,2023-04-21,-0.9864324927330016,3126.0,TV9,144.0,8.0,prathipadu_.png,Mekathoti Sucharita,YSRCP,Prathipadu,0,0,0,0,0,1,0,0,0,0,0,0,0,0,0,0,0,0,0,0,0,0,0,0,0,0,0,0,0,0,0
suGCrf-n8UU,2023-04-21,-0.9896475672721864,2388.0,Sakshi,198.0,9.0,prathipadu_.png,Mekathoti Sucharita,YSRCP,Prathipadu,1,0,0,0,0,1,0,1,0,0,0,0,0,0,0,0,0,0,0,0,0,0,0,0,0,0,0,0,0,0,0
42QLriwAMU8,2023-04-21,-0.996049702167511,2100.0,ABN,227.0,2.0,prathipadu_.png,Mekathoti Sucharita,YSRCP,Prathipadu,0,0,0,0,1,0,0,0,0,0,0,0,0,0,0,0,0,1,0,0,0,0,0,1,0,1,0,0,0,0,0
-ROXEVytIAQ,2023-04-21,-0.997433602809906,14141.0,Sakshi,312.0,31.0,prathipadu_.png,Mekathoti Sucharita,YSRCP,Prathipadu,1,0,0,0,0,1,0,1,0,0,0,0,1,0,0,0,0,0,0,0,0,0,0,0,0,1,1,0,0,0,1
